# Blender 4.3.0
# www.blender.org
mtllib boss.mtl
o Hen_V1_Mesh.002
v 0.085596 0.588240 1.368970
v 0.121837 0.588469 1.314647
v 0.100027 0.688906 1.324591
v 0.073145 0.681692 1.366886
v 0.136485 0.588425 1.280614
v 0.111000 0.691261 1.290703
v 0.072001 0.785963 1.232785
v 0.118419 0.686770 1.255713
v 0.107378 0.680557 1.225818
v 0.070124 0.766546 1.205648
v 0.001615 0.587507 1.422163
v 0.001614 0.685804 1.399788
v 0.067279 0.789303 1.270915
v 0.060434 0.782133 1.306005
v 0.049570 0.760965 1.340431
v 0.132877 0.587826 1.223121
v 0.001614 0.587872 1.201975
v 0.001614 0.696241 1.201233
v 0.146264 0.588192 1.248755
v 0.001614 0.779934 1.348748
v 0.001615 0.795210 1.179317
v 0.001615 0.826374 1.257522
v 0.001615 0.814606 1.301287
v 0.001614 0.826414 1.210752
v -0.082367 0.588240 1.368970
v -0.069916 0.681692 1.366886
v -0.096799 0.688906 1.324591
v -0.118607 0.588469 1.314647
v -0.107771 0.691261 1.290703
v -0.133257 0.588425 1.280614
v -0.068772 0.785963 1.232785
v -0.066895 0.766546 1.205647
v -0.104150 0.680557 1.225818
v -0.115191 0.686770 1.255713
v -0.064050 0.789303 1.270915
v -0.046341 0.760965 1.340431
v -0.057205 0.782133 1.306005
v -0.129648 0.587826 1.223121
v -0.143035 0.588192 1.248755
v -0.219586 -0.222795 1.359355
v -0.178206 -0.195690 1.458505
v -0.365677 -0.035696 1.403630
v -0.431451 -0.061186 1.274964
v -0.442261 0.206623 1.344018
v -0.509473 0.187748 1.179386
v -0.327833 0.442579 1.331358
v -0.377043 0.437767 1.150066
v -0.160179 0.601771 1.142957
v -0.142553 0.602793 1.325689
v 0.001611 0.651104 1.323279
v 0.001611 0.651611 1.139081
v -0.193995 0.570730 0.933364
v 0.001611 0.623457 0.925073
v -0.571983 0.148356 1.041587
v -0.439328 0.393118 0.963795
v -0.492589 -0.097061 1.151254
v -0.255503 -0.256021 1.265956
v -0.116562 0.296322 1.720893
v -0.146597 0.200151 1.725927
v 0.001611 0.198023 1.751846
v 0.001610 -0.244448 1.482168
v 0.001610 -0.198988 1.568198
v -0.145932 -0.157627 1.551368
v -0.286034 0.425583 1.466507
v -0.127037 0.572372 1.460583
v -0.308677 -0.011930 1.515400
v -0.379730 0.208849 1.476866
v 0.001611 0.388231 1.718856
v -0.066495 0.383293 1.709401
v -0.114861 0.108665 1.733184
v -0.106476 0.513588 1.580942
v -0.236271 0.394663 1.587236
v -0.183227 0.350109 1.669372
v -0.084985 0.443499 1.664423
v -0.115619 -0.096094 1.644483
v 0.001610 -0.123909 1.655577
v 0.001611 -0.047619 1.709335
v -0.086064 -0.025913 1.703986
v -0.306496 0.206526 1.600059
v -0.233872 0.204031 1.678538
v -0.247939 0.019341 1.622781
v -0.186681 0.061108 1.692579
v 0.001611 0.551846 1.579525
v 0.001611 0.617745 1.458756
v 0.001611 0.042200 1.739778
v -0.062888 0.037273 1.732513
v 0.001611 0.532768 0.667237
v -0.228264 0.481919 0.687989
v -0.624185 0.123261 0.967278
v -0.548784 -0.155369 1.040115
v -0.280252 -0.303226 1.183482
v -0.511210 0.286955 0.764607
v 0.001611 0.473375 1.664018
v -0.232822 0.286093 0.392424
v -0.558092 0.152209 0.435984
v -0.734147 -0.086782 0.724097
v -0.656815 0.121557 0.515654
v -0.633257 -0.159952 0.405590
v -0.711471 -0.294372 0.640627
v -0.291622 -0.386560 1.115379
v 0.001611 -0.417396 1.178717
v 0.001611 -0.352802 1.240138
v -0.317021 -0.085453 0.222821
v -0.210905 -0.065052 0.200394
v -0.184448 -0.206287 0.150408
v -0.272549 -0.239860 0.174721
v -0.485820 -0.642078 0.669321
v -0.426485 -0.637422 0.928561
v -0.520234 -0.483065 0.881106
v -0.609319 -0.378454 0.565240
v -0.580916 -0.321470 0.957646
v -0.271535 -0.498423 1.075098
v -0.673160 -0.151848 0.645143
v -0.138989 -0.026853 0.213381
v -0.133039 -0.179510 0.169884
v -0.222095 -0.608993 1.082281
v -0.126906 -0.334343 0.187482
v -0.183510 -0.336969 0.179677
v -0.264316 -0.362615 0.216031
v -0.478682 -0.271044 0.331318
v -0.364608 -0.591913 0.430656
v 0.001610 0.298199 0.340630
v -0.210082 -0.824623 0.775564
v -0.277366 -0.796162 0.923327
v -0.159939 -0.586399 0.340474
v 0.001611 -0.537714 0.289295
v 0.001610 -0.841316 0.635395
v -0.094776 -0.837074 0.661130
v -0.243590 -0.741077 1.059950
v -0.134336 -0.703089 1.135932
v -0.109097 -0.900757 1.081866
v -0.144355 -0.865888 1.153850
v 0.001610 -0.926487 0.957427
v -0.051050 -0.921381 0.980062
v -0.128383 -0.817593 1.194924
v -0.084511 -0.770506 1.194736
v 0.001611 -0.890814 1.301650
v 0.001611 -0.775148 1.227706
v 0.001611 -0.109388 0.227515
v -0.638004 -0.116861 1.007197
v -0.671952 0.130268 0.949349
v -0.710672 0.087593 0.894247
v -0.694071 -0.106241 0.963244
v -0.704813 -0.263326 0.907520
v -0.643086 0.213017 0.723188
v -0.650424 -0.294803 0.958985
v -0.589871 0.267145 0.731375
v -0.608608 0.176691 0.464153
v -0.688194 -0.412445 0.855091
v -0.647063 -0.427265 0.908599
v -0.543450 -0.655821 0.603958
v -0.516952 -0.657825 0.560557
v -0.408262 -0.781156 0.748144
v -0.446992 -0.769665 0.745997
v -0.575561 -0.152887 0.371310
v -0.656720 -0.302517 0.597048
v -0.605041 -0.498974 0.604528
v -0.551312 -0.430231 0.401425
v -0.614700 -0.414816 0.880609
v -0.588790 -0.128254 0.344631
v -0.412692 -0.823021 0.901692
v -0.459753 -0.791744 0.851588
v -0.516329 -0.734003 0.896503
v -0.538168 -0.727030 0.856238
v -0.564103 -0.427154 0.382326
v -0.637130 -0.551090 0.839868
v -0.609462 -0.553716 0.889661
v -0.545219 -0.648083 0.876169
v -0.509074 -0.712021 0.885982
v -0.542549 -0.666858 0.713936
v -0.422258 -0.795049 0.882620
v -0.586298 -0.537340 0.864743
v -0.562112 -0.662216 0.889468
v -0.583254 -0.663881 0.849245
v -0.581924 -0.661165 0.730816
v -0.597843 -0.435314 0.440955
v -0.505740 -0.649746 0.570357
v -0.414632 -0.764562 0.745142
v -0.651790 -0.492063 0.643246
v 0.001611 -0.685421 1.172033
v 0.001611 -0.596249 1.142440
v 0.001611 -0.503832 1.143802
v 0.001611 -0.310131 1.310795
v 0.001610 -0.276188 1.393363
v 0.222808 -0.222795 1.359355
v 0.434674 -0.061186 1.274964
v 0.368900 -0.035696 1.403630
v 0.181427 -0.195690 1.458505
v 0.512695 0.187750 1.179386
v 0.445485 0.206623 1.344018
v 0.380266 0.437767 1.150066
v 0.331056 0.442579 1.331358
v 0.163401 0.601771 1.142957
v 0.145776 0.602793 1.325689
v 0.197217 0.570730 0.933364
v 0.575205 0.148356 1.041587
v 0.442551 0.393118 0.963795
v 0.495811 -0.097061 1.151254
v 0.258727 -0.256021 1.265956
v 0.119784 0.296322 1.720893
v 0.149818 0.200151 1.725927
v 0.149153 -0.157627 1.551368
v 0.130259 0.572372 1.460583
v 0.289257 0.425583 1.466507
v 0.382952 0.208849 1.476866
v 0.311899 -0.011930 1.515400
v 0.069718 0.383293 1.709401
v 0.118083 0.108665 1.733184
v 0.109699 0.513588 1.580941
v 0.088208 0.443499 1.664423
v 0.186449 0.350109 1.669373
v 0.239495 0.394663 1.587236
v 0.118841 -0.096094 1.644483
v 0.089288 -0.025913 1.703987
v 0.237093 0.204031 1.678538
v 0.309718 0.206526 1.600059
v 0.189905 0.061108 1.692580
v 0.251161 0.019341 1.622781
v 0.066110 0.037273 1.732512
v 0.231487 0.481919 0.687989
v 0.552005 -0.155369 1.040115
v 0.627407 0.123261 0.967278
v 0.283474 -0.303226 1.183482
v 0.514431 0.286955 0.764606
v 0.561314 0.152209 0.435984
v 0.236044 0.286093 0.392424
v 0.737368 -0.086784 0.724099
v 0.714694 -0.294372 0.640627
v 0.636480 -0.159952 0.405590
v 0.660037 0.121554 0.515655
v 0.294844 -0.386560 1.115379
v 0.320245 -0.085453 0.222821
v 0.275772 -0.239860 0.174721
v 0.187671 -0.206287 0.150408
v 0.214129 -0.065052 0.200394
v 0.489043 -0.642078 0.669321
v 0.612542 -0.378454 0.565240
v 0.523457 -0.483065 0.881106
v 0.429708 -0.637422 0.928561
v 0.274756 -0.498423 1.075098
v 0.584138 -0.321470 0.957646
v 0.676381 -0.151848 0.645143
v 0.136261 -0.179510 0.169884
v 0.142212 -0.026853 0.213381
v 0.225318 -0.608993 1.082281
v 0.186733 -0.336969 0.179677
v 0.130128 -0.334343 0.187482
v 0.267540 -0.362615 0.216031
v 0.367831 -0.591913 0.430656
v 0.481904 -0.271044 0.331318
v 0.213304 -0.824623 0.775564
v 0.280589 -0.796162 0.923327
v 0.163163 -0.586399 0.340474
v 0.097997 -0.837074 0.661130
v 0.137558 -0.703089 1.135932
v 0.246813 -0.741077 1.059950
v 0.147577 -0.865888 1.153850
v 0.112317 -0.900757 1.081866
v 0.054270 -0.921381 0.980062
v 0.131605 -0.817593 1.194924
v 0.087733 -0.770506 1.194736
v 0.641225 -0.116861 1.007198
v 0.697293 -0.106243 0.963245
v 0.713893 0.087589 0.894248
v 0.675174 0.130268 0.949349
v 0.708034 -0.263326 0.907520
v 0.646307 0.213013 0.723189
v 0.653646 -0.294803 0.958986
v 0.593092 0.267145 0.731375
v 0.611831 0.176691 0.464153
v 0.650286 -0.427265 0.908599
v 0.691417 -0.412445 0.855091
v 0.546672 -0.655821 0.603958
v 0.450213 -0.769665 0.745997
v 0.411484 -0.781156 0.748144
v 0.520174 -0.657825 0.560557
v 0.578782 -0.152887 0.371310
v 0.554534 -0.430231 0.401425
v 0.608263 -0.498974 0.604528
v 0.659941 -0.302517 0.597048
v 0.617921 -0.414816 0.880609
v 0.592011 -0.128254 0.344631
v 0.462977 -0.791744 0.851588
v 0.415913 -0.823021 0.901692
v 0.541391 -0.727030 0.856238
v 0.519551 -0.734003 0.896503
v 0.567325 -0.427154 0.382326
v 0.612685 -0.553716 0.889661
v 0.640352 -0.551090 0.839868
v 0.548441 -0.648083 0.876169
v 0.545771 -0.666858 0.713936
v 0.512297 -0.712021 0.885982
v 0.425480 -0.795049 0.882620
v 0.589521 -0.537340 0.864743
v 0.565335 -0.662216 0.889468
v 0.586477 -0.663881 0.849245
v 0.585147 -0.661165 0.730816
v 0.601065 -0.435314 0.440955
v 0.417855 -0.764562 0.745142
v 0.508962 -0.649746 0.570357
v 0.655012 -0.492063 0.643246
v -0.042085 0.047064 1.883589
v -0.069725 0.007353 1.886165
v -0.088628 -0.037806 1.872675
v -0.095266 -0.080950 1.844816
v -0.088628 -0.115509 1.806827
v -0.069725 -0.136223 1.764494
v -0.042085 -0.140198 1.724897
v -0.056179 0.069063 1.857631
v -0.095267 0.047218 1.839120
v -0.122002 0.014282 1.811208
v -0.131390 -0.024569 1.778285
v -0.122002 -0.063419 1.745361
v -0.095267 -0.096355 1.717449
v -0.056179 -0.118200 1.698939
v -0.042085 0.091061 1.831672
v -0.069725 0.087086 1.792075
v -0.088628 0.066372 1.749742
v -0.095266 0.031813 1.711753
v -0.088628 -0.011332 1.683894
v -0.069725 -0.056488 1.670405
v -0.042085 -0.096201 1.672980
v -0.008059 0.100172 1.820920
v -0.008059 0.103600 1.772588
v -0.008059 0.087948 1.724281
v -0.008059 0.055166 1.684195
v -0.008059 0.010244 1.658434
v -0.008059 -0.039976 1.650918
v -0.008059 -0.087090 1.662228
v 0.025967 0.091061 1.831672
v 0.053606 0.087086 1.792075
v 0.072511 0.066372 1.749742
v 0.079149 0.031813 1.711753
v 0.072511 -0.011332 1.683894
v 0.053606 -0.056488 1.670405
v 0.025967 -0.096201 1.672980
v 0.040061 0.069063 1.857631
v 0.079149 0.047218 1.839120
v 0.105884 0.014282 1.811208
v 0.115272 -0.024569 1.778285
v 0.105884 -0.063419 1.745361
v 0.079149 -0.096355 1.717449
v 0.040061 -0.118200 1.698939
v 0.025967 0.047064 1.883589
v 0.053606 0.007353 1.886165
v 0.072511 -0.037806 1.872675
v 0.079149 -0.080950 1.844815
v 0.072511 -0.115509 1.806827
v 0.053606 -0.136223 1.764494
v 0.025967 -0.140198 1.724897
v -0.008059 -0.126419 1.691973
v -0.008059 0.077282 1.864597
v -0.008059 0.037952 1.894341
v -0.008059 -0.009161 1.905651
v -0.008059 -0.059382 1.898136
v -0.008059 -0.104303 1.872374
v -0.008059 -0.137085 1.832288
v -0.008059 -0.152737 1.783981
v -0.008059 -0.149309 1.735649
v -0.042085 0.563768 1.665786
v -0.069725 0.559839 1.705387
v -0.088628 0.539173 1.747744
v -0.095266 0.504656 1.785771
v -0.088628 0.461546 1.813680
v -0.069725 0.416403 1.827220
v -0.042085 0.376686 1.824690
v -0.056179 0.541740 1.639852
v -0.095267 0.519918 1.658388
v -0.122002 0.487015 1.686336
v -0.131390 0.448200 1.719304
v -0.122002 0.409386 1.752272
v -0.095267 0.376482 1.780221
v -0.056179 0.354660 1.798757
v -0.042085 0.519714 1.613919
v -0.069725 0.479998 1.611388
v -0.088628 0.434855 1.624929
v -0.095266 0.391745 1.652837
v -0.088628 0.357227 1.690865
v -0.069725 0.336561 1.733222
v -0.042085 0.332632 1.772823
v -0.008059 0.510590 1.603177
v -0.008059 0.463463 1.591921
v -0.008059 0.413250 1.599493
v -0.008059 0.368359 1.625306
v -0.008059 0.335623 1.665429
v -0.008059 0.320026 1.713754
v -0.008059 0.323507 1.762082
v 0.025967 0.519714 1.613919
v 0.053606 0.479998 1.611388
v 0.072511 0.434855 1.624929
v 0.079149 0.391745 1.652837
v 0.072511 0.357227 1.690865
v 0.053606 0.336561 1.733222
v 0.025967 0.332632 1.772824
v 0.040061 0.541740 1.639852
v 0.079149 0.519918 1.658388
v 0.105884 0.487015 1.686337
v 0.115272 0.448200 1.719304
v 0.105884 0.409386 1.752272
v 0.079149 0.376482 1.780221
v 0.040061 0.354660 1.798757
v 0.025967 0.563768 1.665786
v 0.053606 0.559839 1.705387
v 0.072511 0.539173 1.747744
v 0.079149 0.504656 1.785771
v 0.072511 0.461546 1.813680
v 0.053606 0.416403 1.827221
v 0.025967 0.376686 1.824690
v -0.008059 0.346447 1.805732
v -0.008059 0.549954 1.632877
v -0.008059 0.572893 1.676528
v -0.008059 0.576376 1.724855
v -0.008059 0.560778 1.773180
v -0.008059 0.528042 1.813303
v -0.008059 0.483150 1.839116
v -0.008059 0.432938 1.846688
v -0.008059 0.385811 1.835433
v -0.047722 0.361845 1.856449
v -0.079942 0.323666 1.882800
v -0.101979 0.270422 1.896341
v -0.109717 0.210590 1.894303
v -0.101979 0.153280 1.876995
v -0.079942 0.107216 1.847052
v -0.047723 0.079536 1.809825
v -0.064152 0.368309 1.817316
v -0.109717 0.335379 1.811877
v -0.140883 0.285725 1.803676
v -0.151826 0.227154 1.794003
v -0.140883 0.168583 1.784330
v -0.109717 0.118931 1.776129
v -0.064152 0.086000 1.770691
v -0.047722 0.374773 1.778182
v -0.079942 0.347092 1.740954
v -0.101979 0.301029 1.711011
v -0.109717 0.243719 1.693703
v -0.101979 0.183887 1.691665
v -0.079942 0.130644 1.705207
v -0.047723 0.092463 1.731557
v -0.008059 0.377449 1.761972
v -0.008059 0.351944 1.711577
v -0.008059 0.307367 1.672628
v -0.008059 0.250580 1.652158
v -0.008059 0.190228 1.653282
v -0.008059 0.135494 1.675830
v -0.008059 0.095140 1.715347
v 0.031605 0.374773 1.778182
v 0.063825 0.347092 1.740954
v 0.085862 0.301029 1.711011
v 0.093600 0.243719 1.693703
v 0.085862 0.183887 1.691665
v 0.063825 0.130644 1.705207
v 0.031605 0.092463 1.731557
v 0.048034 0.368309 1.817316
v 0.093600 0.335379 1.811877
v 0.124765 0.285725 1.803676
v 0.135708 0.227154 1.794003
v 0.124765 0.168583 1.784330
v 0.093600 0.118931 1.776129
v 0.048034 0.086000 1.770691
v 0.031605 0.361845 1.856449
v 0.063825 0.323666 1.882800
v 0.085862 0.270422 1.896341
v 0.093600 0.210590 1.894303
v 0.085862 0.153280 1.876995
v 0.063825 0.107216 1.847052
v 0.031605 0.079536 1.809825
v -0.008059 0.073606 1.768644
v -0.008059 0.380701 1.819363
v -0.008059 0.359169 1.872659
v -0.008059 0.318813 1.912176
v -0.008059 0.264082 1.934725
v -0.008059 0.203728 1.935849
v -0.008059 0.146940 1.915378
v -0.008059 0.102365 1.876429
v -0.008059 0.076860 1.826034
v -0.118575 0.623600 1.494363
v -0.118576 0.643490 1.472537
v -0.137009 0.644699 1.463730
v -0.151785 0.625778 1.478497
v -0.118576 0.501200 1.452992
v -0.118575 0.514469 1.479372
v -0.151785 0.516647 1.463506
v -0.137009 0.502409 1.444187
v -0.118575 0.537224 1.499376
v -0.118575 0.565958 1.509262
v -0.165510 0.569038 1.486837
v -0.161939 0.540070 1.478658
v -0.118575 0.596293 1.507490
v -0.161939 0.599138 1.486773
v -0.118576 0.653982 1.443342
v -0.118576 0.498970 1.422051
v -0.184949 0.576475 1.432696
v -0.179898 0.546940 1.428639
v -0.165538 0.631041 1.440191
v -0.179898 0.606009 1.436753
v -0.144643 0.647621 1.442468
v -0.144643 0.505329 1.422925
v -0.165538 0.521910 1.425202
v -0.137009 0.508249 1.401663
v -0.161939 0.553812 1.378620
v -0.151785 0.527172 1.386895
v -0.161939 0.612879 1.386734
v -0.165510 0.583912 1.378555
v -0.137009 0.650541 1.421206
v -0.151785 0.636303 1.401886
v -0.118575 0.615727 1.366017
v -0.118575 0.586992 1.356130
v -0.118576 0.651751 1.412401
v -0.118575 0.638481 1.386021
v -0.118575 0.529350 1.371029
v -0.118576 0.509461 1.392855
v -0.118575 0.556658 1.357902
v -0.085366 0.527172 1.386895
v -0.100144 0.508249 1.401663
v -0.071638 0.583912 1.378555
v -0.075210 0.553812 1.378620
v -0.085366 0.636303 1.401886
v -0.075210 0.612879 1.386734
v -0.100144 0.650541 1.421206
v -0.071611 0.631041 1.440191
v -0.057250 0.606009 1.436753
v -0.092508 0.647621 1.442468
v -0.092508 0.505329 1.422925
v -0.057250 0.546940 1.428639
v -0.071611 0.521910 1.425202
v -0.052196 0.576475 1.432696
v -0.100144 0.502409 1.444187
v -0.075210 0.540070 1.478658
v -0.085366 0.516647 1.463506
v -0.075210 0.599138 1.486773
v -0.071638 0.569038 1.486837
v -0.100144 0.644699 1.463730
v -0.085366 0.625778 1.478497
v 0.121797 0.623600 1.494363
v 0.155006 0.625778 1.478497
v 0.140229 0.644699 1.463730
v 0.121797 0.643490 1.472537
v 0.121797 0.501200 1.452992
v 0.140229 0.502409 1.444187
v 0.155006 0.516647 1.463506
v 0.121797 0.514469 1.479372
v 0.121798 0.537224 1.499376
v 0.165162 0.540070 1.478658
v 0.168734 0.569038 1.486837
v 0.121797 0.565956 1.509262
v 0.121798 0.596293 1.507490
v 0.165162 0.599138 1.486773
v 0.121797 0.653982 1.443342
v 0.121797 0.498970 1.422051
v 0.183122 0.546940 1.428639
v 0.188177 0.576475 1.432696
v 0.183122 0.606009 1.436753
v 0.168761 0.631041 1.440191
v 0.147865 0.647621 1.442468
v 0.147865 0.505329 1.422925
v 0.168761 0.521910 1.425202
v 0.140229 0.508249 1.401663
v 0.155006 0.527172 1.386895
v 0.165162 0.553812 1.378620
v 0.168734 0.583912 1.378555
v 0.165162 0.612879 1.386734
v 0.155006 0.636303 1.401886
v 0.140229 0.650541 1.421206
v 0.121797 0.586992 1.356130
v 0.121798 0.615727 1.366017
v 0.121797 0.638481 1.386021
v 0.121797 0.651751 1.412401
v 0.121797 0.509461 1.392855
v 0.121797 0.529350 1.371029
v 0.121798 0.556658 1.357902
v 0.103366 0.508249 1.401663
v 0.088589 0.527172 1.386895
v 0.078437 0.553812 1.378620
v 0.074864 0.583912 1.378555
v 0.078437 0.612879 1.386734
v 0.088589 0.636303 1.401886
v 0.103366 0.650541 1.421206
v 0.060475 0.606009 1.436753
v 0.074835 0.631041 1.440191
v 0.095731 0.647621 1.442468
v 0.095731 0.505329 1.422925
v 0.074835 0.521910 1.425202
v 0.060475 0.546940 1.428639
v 0.055423 0.576475 1.432696
v 0.103366 0.502409 1.444187
v 0.088589 0.516647 1.463506
v 0.078437 0.540070 1.478658
v 0.074864 0.569038 1.486837
v 0.078437 0.599138 1.486773
v 0.088589 0.625778 1.478497
v 0.103366 0.644699 1.463730
v -0.339679 -0.082884 0.023379
v -0.335736 -0.086633 0.010871
v -0.341831 -0.093042 0.014535
v -0.325260 -0.096597 0.000711
v -0.309464 -0.111622 -0.006238
v -0.323896 -0.126796 0.002437
v -0.336307 -0.108211 0.007350
v -0.290877 -0.129366 -0.008678
v -0.273145 -0.147516 -0.006238
v -0.289871 -0.163776 0.002436
v -0.306745 -0.145908 0.000711
v -0.262094 -0.167242 -0.000596
v -0.279284 -0.181181 0.006416
v -0.340882 -0.113023 0.023379
v -0.344356 -0.095697 0.023379
v -0.313257 -0.152731 0.023379
v -0.329875 -0.133083 0.023379
v -0.285081 -0.186176 0.023379
v -0.296218 -0.170236 0.023379
v -0.336307 -0.108211 0.039408
v -0.341832 -0.093042 0.032223
v -0.306745 -0.145908 0.046047
v -0.323897 -0.126796 0.044321
v -0.279284 -0.181181 0.040341
v -0.289871 -0.163776 0.044321
v -0.335736 -0.086633 0.035887
v -0.309464 -0.111622 0.052996
v -0.325260 -0.096597 0.046047
v -0.273145 -0.147516 0.052996
v -0.290877 -0.129366 0.055436
v -0.262094 -0.167246 0.047353
v -0.295030 -0.096447 0.044321
v -0.314213 -0.084984 0.039408
v -0.257847 -0.131931 0.044321
v -0.275210 -0.112920 0.046047
v -0.329641 -0.080225 0.032223
v -0.244475 -0.152105 0.040581
v -0.309638 -0.080173 0.023379
v -0.327117 -0.077572 0.023379
v -0.268738 -0.106117 0.023379
v -0.289053 -0.090162 0.023379
v -0.240594 -0.143074 0.023379
v -0.251786 -0.125606 0.023379
v -0.275210 -0.112920 0.000711
v -0.295031 -0.096447 0.002437
v -0.244475 -0.152105 0.006177
v -0.257847 -0.131931 0.002437
v -0.329641 -0.080225 0.014535
v -0.314213 -0.084984 0.007350
v -0.211781 -0.027309 0.023379
v -0.211781 -0.032751 0.010871
v -0.220624 -0.032751 0.014535
v -0.211781 -0.047209 0.000711
v -0.211781 -0.069009 -0.006238
v -0.232722 -0.069009 0.002437
v -0.227809 -0.047209 0.007350
v -0.211781 -0.094724 -0.008678
v -0.211781 -0.120439 -0.006238
v -0.232722 -0.120439 0.002436
v -0.234448 -0.094724 0.000711
v -0.211781 -0.146333 -0.000614
v -0.229996 -0.145635 0.006174
v -0.234448 -0.047209 0.023379
v -0.224288 -0.032751 0.023379
v -0.243838 -0.094724 0.023379
v -0.241397 -0.069010 0.023379
v -0.236388 -0.140737 0.023379
v -0.241397 -0.120441 0.023379
v -0.227809 -0.047209 0.039408
v -0.220624 -0.032751 0.032223
v -0.234448 -0.094724 0.046047
v -0.232722 -0.069010 0.044321
v -0.229996 -0.145635 0.040584
v -0.232722 -0.120439 0.044321
v -0.211781 -0.032751 0.035887
v -0.211781 -0.069010 0.052996
v -0.211781 -0.047209 0.046047
v -0.211781 -0.120439 0.052996
v -0.211781 -0.094724 0.055436
v -0.211781 -0.146333 0.047372
v -0.243599 -0.191744 0.041883
v -0.228572 -0.191229 0.041775
v -0.272299 -0.203293 0.007064
v -0.258044 -0.197405 0.000415
v -0.255318 -0.222439 0.000630
v -0.266548 -0.222498 0.007103
v -0.272299 -0.203296 0.039693
v -0.278345 -0.204647 0.023379
v -0.272791 -0.222002 0.023379
v -0.266528 -0.222492 0.039654
v -0.258044 -0.197426 0.046339
v -0.255196 -0.222383 0.046122
v -0.229089 -0.224392 0.004788
v -0.211781 -0.229414 0.000335
v -0.211781 -0.297252 0.002094
v -0.229487 -0.295717 0.005142
v -0.231777 -0.256750 0.004298
v -0.211781 -0.263281 0.042366
v -0.228572 -0.257116 0.040812
v -0.229377 -0.297380 0.029722
v -0.211781 -0.302099 0.031268
v -0.247760 -0.289627 0.021371
v -0.231367 -0.307880 0.016620
v -0.243993 -0.280784 0.036111
v -0.211781 -0.313202 0.015858
v -0.261851 -0.256191 0.023201
v -0.256113 -0.251539 0.039195
v -0.256236 -0.251623 0.007189
v -0.244013 -0.280843 0.006767
v -0.243599 -0.191740 0.004874
v -0.243257 -0.222419 0.042276
v -0.228979 -0.189174 0.004838
v -0.211781 -0.188873 0.000271
v -0.250631 -0.244981 0.044923
v -0.242705 -0.251730 0.043765
v -0.243278 -0.222475 0.004481
v -0.242828 -0.252081 0.002426
v -0.251175 -0.245487 0.001728
v -0.211781 -0.187000 0.046382
v -0.230495 -0.223520 0.041423
v -0.224668 -0.224128 0.045631
v -0.221104 -0.237800 0.045334
v -0.221078 -0.236297 0.083884
v -0.225249 -0.223938 0.084209
v -0.083881 -0.082884 0.023379
v -0.081729 -0.093042 0.014535
v -0.087823 -0.086633 0.010871
v -0.098300 -0.096597 0.000711
v -0.087254 -0.108211 0.007350
v -0.099664 -0.126796 0.002437
v -0.114096 -0.111622 -0.006238
v -0.132683 -0.129366 -0.008678
v -0.116815 -0.145908 0.000711
v -0.133688 -0.163776 0.002436
v -0.150414 -0.147516 -0.006238
v -0.144275 -0.181181 0.006416
v -0.161465 -0.167242 -0.000596
v -0.079204 -0.095697 0.023379
v -0.082678 -0.113023 0.023379
v -0.093685 -0.133083 0.023379
v -0.110303 -0.152731 0.023379
v -0.127341 -0.170236 0.023379
v -0.138479 -0.186176 0.023379
v -0.081729 -0.093042 0.032223
v -0.087254 -0.108211 0.039408
v -0.099664 -0.126796 0.044321
v -0.116815 -0.145908 0.046047
v -0.133688 -0.163776 0.044321
v -0.144275 -0.181181 0.040341
v -0.087824 -0.086633 0.035887
v -0.098300 -0.096597 0.046047
v -0.114096 -0.111622 0.052996
v -0.132683 -0.129366 0.055436
v -0.150414 -0.147516 0.052996
v -0.161465 -0.167246 0.047353
v -0.109346 -0.084984 0.039408
v -0.128529 -0.096447 0.044321
v -0.148351 -0.112920 0.046047
v -0.165713 -0.131931 0.044321
v -0.093919 -0.080225 0.032223
v -0.179084 -0.152105 0.040581
v -0.096443 -0.077572 0.023379
v -0.113922 -0.080173 0.023379
v -0.134507 -0.090162 0.023379
v -0.154823 -0.106117 0.023379
v -0.171774 -0.125606 0.023379
v -0.182965 -0.143074 0.023379
v -0.128529 -0.096447 0.002437
v -0.148352 -0.112920 0.000711
v -0.165713 -0.131931 0.002437
v -0.179084 -0.152105 0.006177
v -0.093919 -0.080225 0.014535
v -0.109346 -0.084984 0.007350
v -0.202936 -0.032751 0.014535
v -0.195752 -0.047209 0.007350
v -0.190838 -0.069009 0.002437
v -0.189112 -0.094724 0.000711
v -0.190838 -0.120439 0.002436
v -0.193565 -0.145635 0.006174
v -0.199273 -0.032751 0.023379
v -0.189112 -0.047209 0.023379
v -0.182163 -0.069010 0.023379
v -0.179723 -0.094724 0.023379
v -0.182163 -0.120441 0.023379
v -0.187172 -0.140737 0.023379
v -0.202936 -0.032751 0.032223
v -0.195752 -0.047209 0.039408
v -0.190838 -0.069010 0.044321
v -0.189112 -0.094724 0.046047
v -0.190838 -0.120439 0.044321
v -0.193565 -0.145635 0.040584
v -0.179960 -0.191744 0.041883
v -0.194989 -0.191229 0.041775
v -0.151261 -0.203293 0.007064
v -0.157013 -0.222498 0.007103
v -0.168243 -0.222439 0.000630
v -0.165516 -0.197405 0.000415
v -0.151261 -0.203296 0.039693
v -0.157033 -0.222492 0.039654
v -0.150769 -0.222002 0.023379
v -0.145216 -0.204647 0.023379
v -0.165516 -0.197426 0.046339
v -0.168363 -0.222383 0.046122
v -0.194472 -0.224392 0.004788
v -0.191784 -0.256750 0.004298
v -0.194074 -0.295717 0.005142
v -0.194184 -0.297380 0.029722
v -0.194989 -0.257116 0.040812
v -0.175799 -0.289627 0.021371
v -0.179567 -0.280784 0.036111
v -0.192193 -0.307880 0.016620
v -0.161709 -0.256191 0.023201
v -0.167446 -0.251539 0.039195
v -0.167324 -0.251623 0.007189
v -0.179546 -0.280843 0.006767
v -0.179960 -0.191740 0.004874
v -0.180303 -0.222419 0.042276
v -0.198896 -0.224128 0.045636
v -0.202462 -0.211015 0.046146
v -0.202559 -0.211994 0.084648
v -0.198378 -0.223919 0.084309
v -0.194582 -0.189174 0.004838
v -0.180854 -0.251730 0.043765
v -0.172928 -0.244981 0.044923
v -0.180283 -0.222475 0.004481
v -0.180732 -0.252081 0.002426
v -0.172385 -0.245487 0.001728
v -0.193066 -0.223520 0.041423
v -0.202458 -0.237800 0.045335
v -0.202494 -0.236294 0.083901
v -0.221110 -0.211017 0.046139
v -0.211789 -0.206035 0.047970
v -0.211781 -0.243190 0.046600
v -0.211782 -0.242182 0.085130
v -0.211915 -0.206405 0.086034
v -0.221182 -0.212013 0.084529
v -0.212494 -0.197950 0.262331
v -0.198938 -0.205770 0.261163
v -0.192800 -0.222605 0.261347
v -0.198593 -0.240148 0.260952
v -0.211782 -0.248510 0.262710
v -0.225013 -0.240167 0.260858
v -0.231111 -0.222704 0.260811
v -0.225575 -0.205879 0.260522
v 0.342903 -0.082884 0.023357
v 0.345055 -0.093042 0.014525
v 0.338960 -0.086633 0.010864
v 0.328483 -0.096597 0.000705
v 0.339528 -0.108213 0.007342
v 0.327120 -0.126796 0.002429
v 0.312687 -0.111622 -0.006244
v 0.294099 -0.129368 -0.008684
v 0.309967 -0.145908 0.000703
v 0.293093 -0.163778 0.002429
v 0.276366 -0.147516 -0.006244
v 0.282506 -0.181181 0.006409
v 0.265317 -0.167242 -0.000601
v 0.347580 -0.095697 0.023358
v 0.344106 -0.113023 0.023358
v 0.333098 -0.133083 0.023358
v 0.316479 -0.152731 0.023358
v 0.299441 -0.170238 0.023358
v 0.288303 -0.186178 0.023358
v 0.345055 -0.093042 0.032200
v 0.339529 -0.108213 0.039385
v 0.327120 -0.126796 0.044298
v 0.309967 -0.145908 0.046024
v 0.293093 -0.163778 0.044298
v 0.282506 -0.181181 0.040318
v 0.338959 -0.086633 0.035864
v 0.328483 -0.096597 0.046024
v 0.312687 -0.111622 0.052973
v 0.294099 -0.129368 0.055413
v 0.276366 -0.147516 0.052973
v 0.265316 -0.167246 0.047330
v 0.317438 -0.084984 0.039385
v 0.298254 -0.096449 0.044298
v 0.278432 -0.112920 0.046024
v 0.261070 -0.131931 0.044298
v 0.332864 -0.080225 0.032200
v 0.247699 -0.152105 0.040558
v 0.330339 -0.077572 0.023358
v 0.312861 -0.080173 0.023358
v 0.292276 -0.090162 0.023358
v 0.271960 -0.106117 0.023358
v 0.255009 -0.125606 0.023358
v 0.243819 -0.143074 0.023358
v 0.298254 -0.096449 0.002429
v 0.278432 -0.112920 0.000703
v 0.261069 -0.131931 0.002429
v 0.247699 -0.152105 0.006170
v 0.332864 -0.080225 0.014525
v 0.317438 -0.084984 0.007342
v 0.215003 -0.027309 0.023357
v 0.223848 -0.032751 0.014525
v 0.215003 -0.032751 0.010864
v 0.215003 -0.047209 0.000705
v 0.231032 -0.047209 0.007342
v 0.235946 -0.069009 0.002429
v 0.215003 -0.069009 -0.006244
v 0.215003 -0.094724 -0.008684
v 0.237670 -0.094724 0.000703
v 0.235946 -0.120441 0.002429
v 0.215003 -0.120441 -0.006244
v 0.233220 -0.145637 0.006167
v 0.215003 -0.146333 -0.000620
v 0.227511 -0.032751 0.023358
v 0.237670 -0.047209 0.023358
v 0.244620 -0.069010 0.023358
v 0.247060 -0.094724 0.023358
v 0.244619 -0.120441 0.023358
v 0.239611 -0.140737 0.023358
v 0.223848 -0.032751 0.032200
v 0.231032 -0.047209 0.039385
v 0.235946 -0.069010 0.044298
v 0.237671 -0.094724 0.046024
v 0.235946 -0.120441 0.044298
v 0.233220 -0.145637 0.040561
v 0.215003 -0.032751 0.035864
v 0.215003 -0.047209 0.046024
v 0.215003 -0.069010 0.052973
v 0.215003 -0.094724 0.055413
v 0.215003 -0.120441 0.052973
v 0.215003 -0.146333 0.047349
v 0.246824 -0.191744 0.041860
v 0.231795 -0.191229 0.041752
v 0.275523 -0.203293 0.007057
v 0.269771 -0.222498 0.007095
v 0.258541 -0.222439 0.000625
v 0.261268 -0.197406 0.000409
v 0.275523 -0.203296 0.039670
v 0.269751 -0.222492 0.039631
v 0.276014 -0.222002 0.023358
v 0.281568 -0.204647 0.023358
v 0.261268 -0.197427 0.046317
v 0.258419 -0.222383 0.046099
v 0.232313 -0.224392 0.004782
v 0.235000 -0.256750 0.004293
v 0.232710 -0.295719 0.005134
v 0.215003 -0.297252 0.002086
v 0.215003 -0.229414 0.000330
v 0.215003 -0.263281 0.042344
v 0.215003 -0.302099 0.031245
v 0.232601 -0.297380 0.029700
v 0.231795 -0.257116 0.040789
v 0.250983 -0.289627 0.021350
v 0.247217 -0.280784 0.036088
v 0.234591 -0.307880 0.016600
v 0.215003 -0.313202 0.015838
v 0.265074 -0.256191 0.023180
v 0.259336 -0.251539 0.039172
v 0.259458 -0.251623 0.007181
v 0.247237 -0.280843 0.006759
v 0.246824 -0.191740 0.004868
v 0.246481 -0.222421 0.042253
v 0.224384 -0.212042 0.083756
v 0.228796 -0.205879 0.260516
v 0.234336 -0.222704 0.260805
v 0.228445 -0.223942 0.083434
v 0.232202 -0.189174 0.004832
v 0.215003 -0.188873 0.000266
v 0.245930 -0.251730 0.043742
v 0.253854 -0.244981 0.044900
v 0.246502 -0.222475 0.004475
v 0.246052 -0.252081 0.002420
v 0.254397 -0.245489 0.001722
v 0.215003 -0.187000 0.046359
v 0.233718 -0.223520 0.041400
v 0.228238 -0.240167 0.260852
v 0.224282 -0.236280 0.083107
v 0.087103 -0.082884 0.023357
v 0.091046 -0.086633 0.010864
v 0.084951 -0.093042 0.014525
v 0.101522 -0.096597 0.000705
v 0.117319 -0.111622 -0.006244
v 0.102887 -0.126796 0.002429
v 0.090476 -0.108213 0.007342
v 0.135907 -0.129368 -0.008684
v 0.153639 -0.147516 -0.006244
v 0.136912 -0.163778 0.002429
v 0.120038 -0.145908 0.000703
v 0.164689 -0.167242 -0.000601
v 0.147500 -0.181181 0.006409
v 0.085900 -0.113023 0.023358
v 0.082425 -0.095697 0.023358
v 0.113527 -0.152731 0.023358
v 0.096907 -0.133083 0.023358
v 0.141704 -0.186178 0.023358
v 0.130566 -0.170238 0.023358
v 0.090476 -0.108213 0.039385
v 0.084951 -0.093042 0.032200
v 0.120038 -0.145908 0.046024
v 0.102887 -0.126796 0.044298
v 0.147500 -0.181181 0.040318
v 0.136912 -0.163778 0.044298
v 0.091046 -0.086633 0.035864
v 0.117319 -0.111622 0.052973
v 0.101522 -0.096597 0.046024
v 0.153639 -0.147516 0.052973
v 0.135907 -0.129368 0.055413
v 0.164689 -0.167246 0.047330
v 0.131751 -0.096449 0.044298
v 0.112569 -0.084984 0.039385
v 0.168936 -0.131931 0.044298
v 0.151574 -0.112920 0.046024
v 0.097141 -0.080225 0.032200
v 0.182307 -0.152105 0.040558
v 0.117145 -0.080173 0.023358
v 0.099667 -0.077572 0.023358
v 0.158045 -0.106117 0.023358
v 0.137730 -0.090162 0.023358
v 0.186187 -0.143074 0.023358
v 0.174998 -0.125606 0.023358
v 0.151574 -0.112920 0.000703
v 0.131752 -0.096449 0.002429
v 0.182307 -0.152105 0.006170
v 0.168936 -0.131931 0.002429
v 0.097141 -0.080225 0.014525
v 0.112569 -0.084984 0.007342
v 0.206158 -0.032751 0.014525
v 0.194059 -0.069009 0.002429
v 0.198973 -0.047209 0.007342
v 0.194059 -0.120441 0.002429
v 0.192335 -0.094724 0.000703
v 0.196786 -0.145637 0.006167
v 0.192335 -0.047209 0.023358
v 0.202495 -0.032751 0.023358
v 0.182946 -0.094724 0.023358
v 0.185386 -0.069010 0.023358
v 0.190394 -0.140737 0.023358
v 0.185386 -0.120441 0.023358
v 0.198973 -0.047209 0.039385
v 0.206158 -0.032751 0.032200
v 0.192335 -0.094724 0.046024
v 0.194059 -0.069010 0.044298
v 0.196786 -0.145637 0.040561
v 0.194059 -0.120441 0.044298
v 0.183182 -0.191744 0.041860
v 0.198210 -0.191229 0.041752
v 0.154483 -0.203293 0.007057
v 0.168738 -0.197406 0.000409
v 0.171465 -0.222439 0.000625
v 0.160235 -0.222498 0.007095
v 0.154483 -0.203296 0.039670
v 0.148438 -0.204647 0.023358
v 0.153992 -0.222002 0.023358
v 0.160255 -0.222492 0.039631
v 0.168738 -0.197427 0.046317
v 0.171587 -0.222383 0.046099
v 0.197693 -0.224392 0.004782
v 0.197295 -0.295719 0.005134
v 0.195005 -0.256750 0.004293
v 0.198210 -0.257116 0.040789
v 0.197405 -0.297380 0.029699
v 0.179023 -0.289627 0.021350
v 0.195415 -0.307880 0.016600
v 0.182789 -0.280784 0.036088
v 0.164932 -0.256191 0.023180
v 0.170669 -0.251539 0.039172
v 0.170547 -0.251623 0.007181
v 0.182769 -0.280843 0.006759
v 0.183182 -0.191740 0.004868
v 0.183525 -0.222421 0.042253
v 0.201624 -0.223924 0.083532
v 0.196022 -0.222605 0.261341
v 0.202159 -0.205772 0.261157
v 0.205795 -0.212021 0.083873
v 0.197803 -0.189174 0.004832
v 0.176152 -0.244981 0.044900
v 0.184076 -0.251730 0.043742
v 0.183504 -0.222475 0.004475
v 0.183954 -0.252081 0.002420
v 0.175609 -0.245489 0.001722
v 0.196288 -0.223520 0.041400
v 0.205732 -0.236276 0.083124
v 0.201816 -0.240148 0.260946
v 0.227886 -0.224130 0.045482
v 0.224328 -0.211021 0.045991
v 0.215010 -0.206043 0.047822
v 0.224323 -0.237798 0.045185
v 0.215003 -0.243187 0.046451
v 0.205687 -0.211021 0.045997
v 0.202123 -0.224128 0.045487
v 0.205683 -0.237798 0.045186
v 0.215003 -0.242155 0.084350
v 0.215004 -0.248510 0.262705
v 0.215715 -0.197950 0.262325
v 0.215133 -0.206442 0.085261
v -0.072548 0.584236 1.487855
v -0.057440 0.572462 1.461906
v -0.094028 0.645882 1.454179
v -0.092426 0.636461 1.471668
v -0.075321 0.628201 1.460857
v -0.092426 0.508202 1.454051
v -0.072548 0.554129 1.483719
v -0.079555 0.613161 1.483593
v -0.107926 0.649983 1.455309
v -0.108408 0.643602 1.470767
v -0.100659 0.624188 1.490084
v -0.100659 0.515057 1.475092
v -0.108408 0.501568 1.451258
v -0.093252 0.566790 1.503213
v -0.095179 0.537993 1.493787
v -0.095179 0.597059 1.501902
v 0.139713 0.624188 1.490083
v 0.147946 0.636461 1.471668
v 0.131965 0.643602 1.470767
v 0.121797 0.634745 1.484162
v 0.131965 0.501568 1.451258
v 0.147946 0.508202 1.454050
v 0.139713 0.515057 1.475092
v 0.121797 0.506487 1.466543
v 0.145193 0.537993 1.493787
v 0.167824 0.554129 1.483719
v 0.147120 0.566788 1.503213
v 0.121797 0.551107 1.505708
v 0.145193 0.597059 1.501902
v 0.160817 0.613161 1.483593
v 0.121797 0.610601 1.502235
v 0.132447 0.649983 1.455309
v 0.121797 0.649284 1.460398
v 0.132447 0.499592 1.434653
v 0.121797 0.498894 1.439741
v 0.160817 0.527424 1.471815
v 0.121797 0.524862 1.490456
v 0.167824 0.584236 1.487855
v 0.121797 0.581215 1.509844
v 0.178277 0.543234 1.455625
v 0.186888 0.561421 1.430628
v 0.182932 0.572462 1.461906
v 0.178277 0.602303 1.463739
v 0.176978 0.619345 1.438584
v 0.165051 0.628201 1.460857
v 0.146346 0.645882 1.454179
v 0.136858 0.651671 1.443024
v 0.136858 0.501280 1.422369
v 0.146346 0.503847 1.434672
v 0.165051 0.519070 1.445867
v 0.176978 0.533606 1.426808
v 0.186888 0.591528 1.434764
v 0.158778 0.640604 1.441504
v 0.158778 0.512344 1.423889
v 0.132447 0.502968 1.410084
v 0.146346 0.507069 1.411213
v 0.165051 0.524748 1.404535
v 0.160817 0.539789 1.381800
v 0.178277 0.550648 1.401653
v 0.182932 0.580486 1.403487
v 0.167824 0.598822 1.381673
v 0.178277 0.609716 1.409767
v 0.165050 0.633879 1.419525
v 0.147946 0.644749 1.411342
v 0.146346 0.649103 1.430721
v 0.147946 0.516489 1.393725
v 0.167824 0.568714 1.377538
v 0.160817 0.625526 1.393578
v 0.132447 0.653359 1.430740
v 0.147120 0.586161 1.362179
v 0.121797 0.601843 1.359684
v 0.145193 0.614958 1.371605
v 0.139713 0.637894 1.390301
v 0.121797 0.646463 1.398850
v 0.131965 0.651381 1.414135
v 0.131965 0.509348 1.394625
v 0.121797 0.518204 1.381231
v 0.139713 0.528763 1.375309
v 0.145193 0.555889 1.363491
v 0.121797 0.571735 1.355548
v 0.121797 0.628088 1.374936
v 0.121797 0.654057 1.425652
v 0.121797 0.503666 1.404995
v 0.121797 0.542349 1.363158
v 0.111630 0.509348 1.394625
v 0.095649 0.516489 1.393725
v 0.103881 0.528763 1.375309
v 0.098404 0.555889 1.363491
v 0.075775 0.568714 1.377538
v 0.096476 0.586161 1.362179
v 0.098404 0.614958 1.371605
v 0.082780 0.625526 1.393578
v 0.103881 0.637894 1.390301
v 0.111630 0.651381 1.414135
v 0.111148 0.653359 1.430740
v 0.111148 0.502968 1.410084
v 0.082780 0.539789 1.381800
v 0.075775 0.598822 1.381673
v 0.095649 0.644749 1.411342
v 0.065321 0.609716 1.409767
v 0.066619 0.619345 1.438584
v 0.078545 0.633879 1.419525
v 0.097250 0.649103 1.430721
v 0.106737 0.651671 1.443024
v 0.106737 0.501280 1.422369
v 0.097250 0.507069 1.411213
v 0.078545 0.524748 1.404535
v 0.066619 0.533606 1.426808
v 0.065321 0.550648 1.401653
v 0.060667 0.580486 1.403487
v 0.056711 0.591528 1.434764
v 0.084818 0.640604 1.441504
v 0.084818 0.512344 1.423889
v 0.056711 0.561421 1.430628
v 0.111148 0.499592 1.434653
v 0.097250 0.503847 1.434672
v 0.078545 0.519070 1.445867
v 0.082780 0.527424 1.471815
v 0.065321 0.543234 1.455625
v 0.060667 0.572462 1.461906
v 0.075775 0.584236 1.487855
v 0.065321 0.602303 1.463739
v 0.078545 0.628201 1.460857
v 0.095649 0.636461 1.471668
v 0.097250 0.645882 1.454179
v 0.095649 0.508202 1.454050
v 0.075775 0.554129 1.483719
v 0.082780 0.613161 1.483593
v 0.111148 0.649983 1.455309
v 0.103881 0.624188 1.490084
v 0.111630 0.643602 1.470767
v 0.111630 0.501568 1.451258
v 0.103881 0.515057 1.475092
v 0.098404 0.537993 1.493787
v 0.096476 0.566788 1.503213
v 0.098404 0.597059 1.501902
v -0.338262 -0.084232 0.016166
v -0.339019 -0.090244 0.011600
v -0.341777 -0.087927 0.018279
v -0.317877 -0.103620 -0.003271
v -0.317251 -0.119810 -0.003898
v -0.330864 -0.117275 0.004535
v -0.331220 -0.102863 0.002502
v -0.281518 -0.138466 -0.008056
v -0.282120 -0.156265 -0.003898
v -0.297822 -0.155039 0.001151
v -0.299429 -0.138286 -0.006146
v -0.331308 -0.090847 0.005572
v -0.339985 -0.099970 0.010788
v -0.300328 -0.120311 -0.008056
v -0.315647 -0.136417 0.001151
v -0.266655 -0.156429 -0.003271
v -0.271390 -0.174789 0.001294
v -0.283890 -0.172094 0.004535
v -0.339648 -0.111725 0.014731
v -0.343580 -0.103748 0.023379
v -0.343775 -0.095243 0.018500
v -0.311512 -0.150896 0.011150
v -0.321992 -0.143089 0.023379
v -0.328262 -0.131387 0.012080
v -0.283724 -0.184948 0.014226
v -0.289925 -0.178062 0.023379
v -0.294606 -0.168541 0.012080
v -0.343233 -0.089458 0.023379
v -0.336243 -0.122930 0.023379
v -0.304331 -0.161787 0.023379
v -0.339648 -0.111725 0.032026
v -0.339985 -0.099970 0.035970
v -0.343775 -0.095243 0.028258
v -0.311512 -0.150896 0.035608
v -0.315647 -0.136417 0.045607
v -0.328262 -0.131387 0.034677
v -0.283724 -0.184950 0.032532
v -0.283890 -0.172096 0.042223
v -0.294606 -0.168541 0.034677
v -0.341777 -0.087927 0.028479
v -0.330864 -0.117275 0.042223
v -0.297822 -0.155039 0.045607
v -0.339019 -0.090244 0.035157
v -0.338262 -0.084232 0.030592
v -0.317251 -0.119810 0.050656
v -0.317877 -0.103620 0.050029
v -0.331220 -0.102863 0.044256
v -0.282120 -0.156265 0.050656
v -0.281518 -0.138466 0.054814
v -0.299429 -0.138286 0.052903
v -0.331308 -0.090845 0.041186
v -0.300328 -0.120311 0.054814
v -0.271390 -0.174791 0.045464
v -0.266655 -0.156429 0.050028
v -0.301677 -0.103435 0.050656
v -0.304889 -0.089966 0.042223
v -0.319300 -0.090332 0.044256
v -0.264742 -0.139038 0.050656
v -0.266018 -0.122272 0.045607
v -0.282406 -0.120485 0.052903
v -0.322630 -0.081722 0.035970
v -0.332295 -0.083173 0.035157
v -0.285009 -0.104206 0.045607
v -0.253449 -0.160009 0.045462
v -0.251114 -0.141565 0.042223
v -0.334747 -0.080536 0.028479
v -0.310872 -0.081470 0.032026
v -0.319036 -0.077944 0.023379
v -0.327540 -0.078174 0.028258
v -0.270484 -0.107952 0.035608
v -0.278664 -0.097534 0.023379
v -0.290665 -0.091858 0.034677
v -0.241516 -0.144283 0.032532
v -0.245418 -0.135759 0.023379
v -0.253399 -0.127302 0.034677
v -0.333291 -0.079006 0.023379
v -0.299510 -0.084310 0.023379
v -0.259669 -0.115600 0.023379
v -0.270484 -0.107952 0.011149
v -0.285009 -0.104206 0.001151
v -0.290665 -0.091858 0.012080
v -0.241516 -0.144283 0.014226
v -0.251114 -0.141565 0.004535
v -0.253399 -0.127302 0.012080
v -0.327540 -0.078174 0.018500
v -0.334747 -0.080536 0.018279
v -0.304889 -0.089966 0.004535
v -0.310872 -0.081470 0.014731
v -0.266018 -0.122272 0.001151
v -0.322630 -0.081722 0.010788
v -0.332295 -0.083173 0.011600
v -0.301677 -0.103435 -0.003898
v -0.319300 -0.090332 0.002502
v -0.264742 -0.139038 -0.003898
v -0.282406 -0.120485 -0.006146
v -0.253449 -0.160007 0.001295
v -0.211781 -0.029266 0.016166
v -0.216659 -0.032860 0.011600
v -0.216880 -0.029266 0.018279
v -0.211781 -0.057399 -0.003271
v -0.223079 -0.069009 -0.003898
v -0.230624 -0.057399 0.004535
v -0.220428 -0.047209 0.002502
v -0.211781 -0.107832 -0.008056
v -0.223079 -0.120439 -0.003898
v -0.234008 -0.107832 0.001151
v -0.224010 -0.094724 -0.006146
v -0.211781 -0.038862 0.005572
v -0.224371 -0.038862 0.010788
v -0.211781 -0.081617 -0.008056
v -0.234008 -0.081617 0.001151
v -0.211781 -0.132051 -0.003271
v -0.220934 -0.146333 0.001281
v -0.230624 -0.132051 0.004535
v -0.232657 -0.047209 0.014731
v -0.229587 -0.038862 0.023379
v -0.223558 -0.032860 0.018500
v -0.241305 -0.094724 0.011150
v -0.243216 -0.081617 0.023379
v -0.239057 -0.069009 0.012080
v -0.234878 -0.140903 0.014226
v -0.238430 -0.132051 0.023379
v -0.239057 -0.120439 0.012080
v -0.218993 -0.029266 0.023379
v -0.238430 -0.057399 0.023379
v -0.243216 -0.107832 0.023379
v -0.232657 -0.047209 0.032026
v -0.224371 -0.038862 0.035970
v -0.223558 -0.032860 0.028258
v -0.241305 -0.094724 0.035608
v -0.234008 -0.081617 0.045607
v -0.239057 -0.069010 0.034677
v -0.234878 -0.140903 0.032532
v -0.230624 -0.132051 0.042223
v -0.239057 -0.120441 0.034677
v -0.216880 -0.029266 0.028479
v -0.230624 -0.057399 0.042223
v -0.234008 -0.107832 0.045607
v -0.216659 -0.032860 0.035157
v -0.211781 -0.029266 0.030592
v -0.223079 -0.069010 0.050656
v -0.211781 -0.057399 0.050028
v -0.220428 -0.047209 0.044256
v -0.223079 -0.120439 0.050656
v -0.211781 -0.107832 0.054814
v -0.224010 -0.094724 0.052903
v -0.211781 -0.038862 0.041186
v -0.211781 -0.081617 0.054814
v -0.220934 -0.146333 0.045476
v -0.211781 -0.132051 0.050028
v -0.237347 -0.144573 0.023379
v -0.236638 -0.151890 0.038804
v -0.236638 -0.151890 0.007953
v -0.236497 -0.190080 0.040999
v -0.228979 -0.167520 0.041921
v -0.243770 -0.172207 0.041902
v -0.265656 -0.200674 0.002192
v -0.256828 -0.210174 0.000472
v -0.261189 -0.222521 0.002379
v -0.269680 -0.212467 0.007075
v -0.276703 -0.204441 0.032193
v -0.275883 -0.212227 0.023379
v -0.270881 -0.222210 0.032200
v -0.269680 -0.212473 0.039682
v -0.265656 -0.200689 0.044564
v -0.261108 -0.222498 0.044375
v -0.256828 -0.210203 0.046281
v -0.221037 -0.228981 0.002192
v -0.211781 -0.263977 0.000528
v -0.221241 -0.295948 0.003366
v -0.229419 -0.273081 0.003978
v -0.229419 -0.244024 0.004634
v -0.220057 -0.262575 0.041454
v -0.228979 -0.279730 0.035958
v -0.220800 -0.301021 0.030210
v -0.211781 -0.283357 0.037769
v -0.239932 -0.300653 0.018907
v -0.230571 -0.305902 0.023240
v -0.237069 -0.290762 0.032489
v -0.246297 -0.287723 0.029247
v -0.221820 -0.311952 0.015858
v -0.211781 -0.311121 0.023804
v -0.255097 -0.274147 0.022667
v -0.250264 -0.267072 0.038191
v -0.259896 -0.254556 0.031959
v -0.267931 -0.237732 0.023379
v -0.261770 -0.236095 0.039587
v -0.261852 -0.236135 0.007169
v -0.259896 -0.254556 0.014414
v -0.270881 -0.222210 0.014558
v -0.250346 -0.267202 0.007076
v -0.246297 -0.287723 0.013322
v -0.211781 -0.311121 0.007913
v -0.230571 -0.305902 0.009972
v -0.237069 -0.290516 0.006199
v -0.250737 -0.194305 0.002201
v -0.259512 -0.181999 0.000346
v -0.243770 -0.172205 0.004856
v -0.249368 -0.222297 0.044653
v -0.243457 -0.207933 0.041867
v -0.250737 -0.194318 0.044555
v -0.220596 -0.188873 0.002097
v -0.211781 -0.207035 0.000271
v -0.228979 -0.207119 0.004839
v -0.252480 -0.236009 0.045748
v -0.247162 -0.249019 0.044869
v -0.242910 -0.236849 0.043529
v -0.242931 -0.267582 0.041121
v -0.236497 -0.255405 0.041790
v -0.236497 -0.190080 0.005758
v -0.228979 -0.167520 0.004837
v -0.276703 -0.204441 0.014565
v -0.236497 -0.222679 0.005464
v -0.236497 -0.253935 0.003807
v -0.242992 -0.237079 0.003228
v -0.249449 -0.222408 0.002100
v -0.247651 -0.249794 0.001661
v -0.252969 -0.236332 0.001001
v -0.275461 -0.192222 0.007052
v -0.281316 -0.195501 0.023379
v -0.243457 -0.207927 0.004890
v -0.211781 -0.166956 0.000271
v -0.220057 -0.187183 0.044713
v -0.211781 -0.166956 0.046486
v -0.259512 -0.182008 0.046410
v -0.275461 -0.192224 0.039705
v -0.236497 -0.222923 0.041294
v -0.230364 -0.208543 0.041366
v -0.230364 -0.238907 0.041607
v -0.223749 -0.231497 0.045342
v -0.220374 -0.235605 0.052244
v -0.224070 -0.230482 0.083918
v -0.224201 -0.224157 0.052635
v -0.252584 -0.249019 0.043413
v -0.243013 -0.267816 0.003370
v -0.253073 -0.249357 0.003117
v -0.081783 -0.087927 0.018279
v -0.084540 -0.090244 0.011600
v -0.085298 -0.084232 0.016166
v -0.092340 -0.102863 0.002502
v -0.092697 -0.117275 0.004535
v -0.106310 -0.119810 -0.003898
v -0.105683 -0.103620 -0.003271
v -0.124131 -0.138286 -0.006146
v -0.125738 -0.155039 0.001151
v -0.141440 -0.156265 -0.003898
v -0.142042 -0.138466 -0.008056
v -0.083575 -0.099970 0.010788
v -0.092252 -0.090847 0.005572
v -0.107913 -0.136417 0.001151
v -0.123232 -0.120311 -0.008056
v -0.139670 -0.172094 0.004535
v -0.152169 -0.174789 0.001294
v -0.156905 -0.156429 -0.003271
v -0.079785 -0.095243 0.018500
v -0.079980 -0.103748 0.023379
v -0.083912 -0.111725 0.014731
v -0.095298 -0.131387 0.012080
v -0.101567 -0.143089 0.023379
v -0.112048 -0.150896 0.011150
v -0.128954 -0.168541 0.012080
v -0.133634 -0.178062 0.023379
v -0.139835 -0.184948 0.014226
v -0.080327 -0.089458 0.023379
v -0.087318 -0.122930 0.023379
v -0.119228 -0.161787 0.023379
v -0.079785 -0.095243 0.028258
v -0.083575 -0.099970 0.035970
v -0.083912 -0.111725 0.032026
v -0.095298 -0.131387 0.034677
v -0.107913 -0.136417 0.045607
v -0.112048 -0.150896 0.035608
v -0.128954 -0.168541 0.034677
v -0.139670 -0.172096 0.042223
v -0.139835 -0.184950 0.032532
v -0.081783 -0.087927 0.028479
v -0.092697 -0.117275 0.042223
v -0.125738 -0.155039 0.045607
v -0.085298 -0.084232 0.030592
v -0.084540 -0.090244 0.035157
v -0.092340 -0.102863 0.044256
v -0.105683 -0.103620 0.050029
v -0.106310 -0.119810 0.050656
v -0.124131 -0.138286 0.052903
v -0.142042 -0.138466 0.054814
v -0.141440 -0.156265 0.050656
v -0.092252 -0.090845 0.041186
v -0.123232 -0.120311 0.054814
v -0.156905 -0.156429 0.050028
v -0.152169 -0.174791 0.045464
v -0.104259 -0.090332 0.044256
v -0.118670 -0.089966 0.042223
v -0.121883 -0.103435 0.050656
v -0.141155 -0.120485 0.052903
v -0.157543 -0.122272 0.045607
v -0.158818 -0.139038 0.050656
v -0.091265 -0.083173 0.035157
v -0.100930 -0.081722 0.035970
v -0.138552 -0.104206 0.045607
v -0.172446 -0.141565 0.042223
v -0.170110 -0.160009 0.045462
v -0.088813 -0.080536 0.028479
v -0.096020 -0.078174 0.028258
v -0.104524 -0.077944 0.023379
v -0.112688 -0.081470 0.032026
v -0.132895 -0.091858 0.034677
v -0.144897 -0.097534 0.023379
v -0.153078 -0.107952 0.035608
v -0.170161 -0.127302 0.034677
v -0.178142 -0.135759 0.023379
v -0.182044 -0.144283 0.032532
v -0.090268 -0.079006 0.023379
v -0.124049 -0.084310 0.023379
v -0.163891 -0.115600 0.023379
v -0.132895 -0.091858 0.012080
v -0.138552 -0.104206 0.001151
v -0.153078 -0.107952 0.011149
v -0.170161 -0.127302 0.012080
v -0.172446 -0.141565 0.004535
v -0.182044 -0.144283 0.014226
v -0.088813 -0.080536 0.018279
v -0.096020 -0.078174 0.018500
v -0.112688 -0.081470 0.014731
v -0.118670 -0.089966 0.004535
v -0.157543 -0.122272 0.001151
v -0.100930 -0.081722 0.010788
v -0.091265 -0.083173 0.011600
v -0.104259 -0.090332 0.002502
v -0.121883 -0.103435 -0.003898
v -0.141155 -0.120485 -0.006146
v -0.158818 -0.139038 -0.003898
v -0.170110 -0.160007 0.001295
v -0.206681 -0.029266 0.018279
v -0.206902 -0.032860 0.011600
v -0.203133 -0.047209 0.002502
v -0.192937 -0.057399 0.004535
v -0.200482 -0.069009 -0.003898
v -0.199551 -0.094724 -0.006146
v -0.189552 -0.107832 0.001151
v -0.200482 -0.120439 -0.003898
v -0.199189 -0.038862 0.010788
v -0.189552 -0.081617 0.001151
v -0.192937 -0.132051 0.004535
v -0.202628 -0.146333 0.001281
v -0.200002 -0.032860 0.018500
v -0.193974 -0.038862 0.023379
v -0.190903 -0.047209 0.014731
v -0.184503 -0.069009 0.012080
v -0.180345 -0.081617 0.023379
v -0.182255 -0.094724 0.011150
v -0.184503 -0.120439 0.012080
v -0.185130 -0.132051 0.023379
v -0.188682 -0.140903 0.014226
v -0.204568 -0.029266 0.023379
v -0.185130 -0.057399 0.023379
v -0.180345 -0.107832 0.023379
v -0.200002 -0.032860 0.028258
v -0.199189 -0.038862 0.035970
v -0.190903 -0.047209 0.032026
v -0.184503 -0.069010 0.034677
v -0.189552 -0.081617 0.045607
v -0.182255 -0.094724 0.035608
v -0.184503 -0.120441 0.034677
v -0.192937 -0.132051 0.042223
v -0.188682 -0.140903 0.032532
v -0.206681 -0.029266 0.028479
v -0.192937 -0.057399 0.042223
v -0.189552 -0.107832 0.045607
v -0.206902 -0.032860 0.035157
v -0.203133 -0.047209 0.044256
v -0.200482 -0.069010 0.050656
v -0.199551 -0.094724 0.052903
v -0.200482 -0.120439 0.050656
v -0.202628 -0.146333 0.045476
v -0.186922 -0.151890 0.038804
v -0.186212 -0.144573 0.023379
v -0.186922 -0.151890 0.007953
v -0.179789 -0.172207 0.041902
v -0.194582 -0.167520 0.041921
v -0.187064 -0.190080 0.040999
v -0.153881 -0.212467 0.007075
v -0.162372 -0.222521 0.002379
v -0.166732 -0.210174 0.000472
v -0.157904 -0.200674 0.002192
v -0.153881 -0.212473 0.039682
v -0.152679 -0.222210 0.032200
v -0.147678 -0.212227 0.023379
v -0.146857 -0.204441 0.032193
v -0.166731 -0.210203 0.046281
v -0.162452 -0.222498 0.044375
v -0.157904 -0.200689 0.044564
v -0.194141 -0.244024 0.004634
v -0.194141 -0.273081 0.003978
v -0.202321 -0.295948 0.003366
v -0.202525 -0.228981 0.002192
v -0.202761 -0.301021 0.030210
v -0.194582 -0.279730 0.035958
v -0.203505 -0.262575 0.041454
v -0.177262 -0.287723 0.029247
v -0.186491 -0.290762 0.032489
v -0.192989 -0.305902 0.023240
v -0.183628 -0.300653 0.018907
v -0.201741 -0.311952 0.015858
v -0.163664 -0.254556 0.031959
v -0.173295 -0.267072 0.038191
v -0.168463 -0.274147 0.022667
v -0.161790 -0.236095 0.039587
v -0.155629 -0.237732 0.023379
v -0.152679 -0.222210 0.014558
v -0.163664 -0.254556 0.014414
v -0.161708 -0.236135 0.007169
v -0.177262 -0.287723 0.013322
v -0.173214 -0.267202 0.007076
v -0.192989 -0.305902 0.009972
v -0.186491 -0.290516 0.006199
v -0.179789 -0.172205 0.004856
v -0.164048 -0.181999 0.000346
v -0.172823 -0.194305 0.002201
v -0.172823 -0.194318 0.044555
v -0.180102 -0.207933 0.041867
v -0.174191 -0.222297 0.044653
v -0.199816 -0.216961 0.045756
v -0.203205 -0.213106 0.053090
v -0.199552 -0.217529 0.084394
v -0.199375 -0.224153 0.052657
v -0.194582 -0.207119 0.004839
v -0.202965 -0.188873 0.002097
v -0.180649 -0.236849 0.043529
v -0.176397 -0.249019 0.044869
v -0.171079 -0.236009 0.045748
v -0.187064 -0.255405 0.041790
v -0.180628 -0.267582 0.041121
v -0.194582 -0.167520 0.004837
v -0.187064 -0.190080 0.005758
v -0.146857 -0.204441 0.014565
v -0.180568 -0.237079 0.003228
v -0.187064 -0.253935 0.003807
v -0.187064 -0.222679 0.005464
v -0.170591 -0.236332 0.001001
v -0.175909 -0.249794 0.001661
v -0.174111 -0.222408 0.002100
v -0.142245 -0.195501 0.023379
v -0.148099 -0.192222 0.007052
v -0.180102 -0.207927 0.004890
v -0.203505 -0.187183 0.044713
v -0.164048 -0.182008 0.046410
v -0.148099 -0.192224 0.039705
v -0.193197 -0.208543 0.041366
v -0.187064 -0.222923 0.041294
v -0.193197 -0.238907 0.041607
v -0.199814 -0.231495 0.045345
v -0.199522 -0.230470 0.083975
v -0.203191 -0.235603 0.052247
v -0.170976 -0.249019 0.043413
v -0.180547 -0.267816 0.003370
v -0.170487 -0.249357 0.003117
v -0.223752 -0.216961 0.045749
v -0.223692 -0.204120 0.043067
v -0.226659 -0.223919 0.042381
v -0.216853 -0.207323 0.047240
v -0.211781 -0.199545 0.046068
v -0.223692 -0.244779 0.042408
v -0.216846 -0.241781 0.046056
v -0.211781 -0.250246 0.044119
v -0.196902 -0.223919 0.042381
v -0.199870 -0.204120 0.043067
v -0.206722 -0.207321 0.047244
v -0.199870 -0.244779 0.042408
v -0.206717 -0.241781 0.046057
v -0.206803 -0.240490 0.084593
v -0.211781 -0.241050 0.053381
v -0.211811 -0.207916 0.054516
v -0.206908 -0.208008 0.085486
v -0.216760 -0.240490 0.084590
v -0.220397 -0.213112 0.053064
v -0.216892 -0.208019 0.085416
v -0.224127 -0.217550 0.084269
v -0.212167 -0.202720 0.162857
v -0.205269 -0.200178 0.261880
v -0.200981 -0.209282 0.161566
v -0.194549 -0.213571 0.261192
v -0.195947 -0.223345 0.161454
v -0.194386 -0.231888 0.261009
v -0.200794 -0.237974 0.161052
v -0.204710 -0.246107 0.261951
v -0.211782 -0.244940 0.162512
v -0.218856 -0.246109 0.261937
v -0.222792 -0.237983 0.161001
v -0.229333 -0.231947 0.260703
v -0.227804 -0.223400 0.161164
v -0.229642 -0.213690 0.260521
v -0.223096 -0.209341 0.161219
v -0.219560 -0.200241 0.261502
v 0.345001 -0.087927 0.018264
v 0.342243 -0.090244 0.011593
v 0.341485 -0.084232 0.016153
v 0.334443 -0.102865 0.002496
v 0.334086 -0.117275 0.004527
v 0.320473 -0.119810 -0.003904
v 0.321100 -0.103620 -0.003276
v 0.302651 -0.138286 -0.006151
v 0.301043 -0.155039 0.001143
v 0.285341 -0.156265 -0.003904
v 0.284739 -0.138466 -0.008062
v 0.343208 -0.099970 0.010780
v 0.334531 -0.090847 0.005566
v 0.318870 -0.136419 0.001143
v 0.303551 -0.120311 -0.008062
v 0.287112 -0.172096 0.004527
v 0.274612 -0.174789 0.001288
v 0.269876 -0.156429 -0.003276
v 0.346999 -0.095243 0.018485
v 0.346804 -0.103748 0.023358
v 0.342871 -0.111725 0.014717
v 0.331485 -0.131387 0.012066
v 0.325215 -0.143089 0.023358
v 0.314734 -0.150896 0.011135
v 0.297828 -0.168543 0.012066
v 0.293147 -0.178062 0.023358
v 0.286946 -0.184950 0.014212
v 0.346457 -0.089458 0.023357
v 0.339466 -0.122930 0.023358
v 0.307553 -0.161787 0.023358
v 0.346999 -0.095243 0.028235
v 0.343208 -0.099970 0.035947
v 0.342871 -0.111725 0.032004
v 0.331485 -0.131387 0.034654
v 0.318870 -0.136417 0.045584
v 0.314734 -0.150896 0.035585
v 0.297828 -0.168543 0.034654
v 0.287112 -0.172096 0.042200
v 0.286946 -0.184950 0.032509
v 0.345001 -0.087927 0.028456
v 0.334086 -0.117275 0.042200
v 0.301043 -0.155039 0.045584
v 0.341485 -0.084232 0.030569
v 0.342243 -0.090244 0.035134
v 0.334443 -0.102863 0.044233
v 0.321100 -0.103620 0.050006
v 0.320473 -0.119810 0.050633
v 0.302651 -0.138286 0.052880
v 0.284739 -0.138466 0.054791
v 0.285341 -0.156265 0.050633
v 0.334531 -0.090847 0.041163
v 0.303551 -0.120311 0.054791
v 0.269876 -0.156429 0.050005
v 0.274612 -0.174791 0.045441
v 0.322524 -0.090332 0.044233
v 0.308114 -0.089966 0.042200
v 0.304901 -0.103435 0.050633
v 0.285628 -0.120485 0.052880
v 0.269239 -0.122272 0.045584
v 0.267963 -0.139038 0.050633
v 0.335519 -0.083173 0.035134
v 0.325854 -0.081722 0.035947
v 0.288232 -0.104206 0.045584
v 0.254337 -0.141565 0.042200
v 0.256672 -0.160009 0.045440
v 0.337971 -0.080536 0.028456
v 0.330763 -0.078174 0.028235
v 0.322258 -0.077944 0.023358
v 0.314095 -0.081470 0.032004
v 0.293889 -0.091858 0.034654
v 0.281886 -0.097534 0.023358
v 0.273706 -0.107952 0.035585
v 0.256621 -0.127302 0.034654
v 0.248641 -0.135759 0.023358
v 0.244740 -0.144283 0.032509
v 0.336514 -0.079006 0.023357
v 0.302733 -0.084310 0.023358
v 0.262891 -0.115600 0.023358
v 0.293889 -0.091858 0.012066
v 0.288232 -0.104206 0.001143
v 0.273706 -0.107952 0.011135
v 0.256621 -0.127302 0.012066
v 0.254337 -0.141565 0.004527
v 0.244740 -0.144283 0.014211
v 0.337971 -0.080536 0.018264
v 0.330763 -0.078174 0.018485
v 0.314095 -0.081470 0.014717
v 0.308114 -0.089966 0.004527
v 0.269239 -0.122272 0.001143
v 0.325854 -0.081722 0.010780
v 0.335519 -0.083173 0.011593
v 0.322524 -0.090332 0.002496
v 0.304901 -0.103435 -0.003904
v 0.285628 -0.120485 -0.006151
v 0.267963 -0.139038 -0.003904
v 0.256672 -0.160007 0.001289
v 0.220104 -0.029266 0.018264
v 0.219882 -0.032860 0.011593
v 0.215003 -0.029266 0.016153
v 0.223651 -0.047209 0.002496
v 0.233848 -0.057399 0.004527
v 0.226302 -0.069009 -0.003904
v 0.215003 -0.057399 -0.003276
v 0.227232 -0.094724 -0.006151
v 0.237231 -0.107832 0.001143
v 0.226302 -0.120441 -0.003904
v 0.215003 -0.107832 -0.008062
v 0.227595 -0.038862 0.010780
v 0.215003 -0.038862 0.005567
v 0.237231 -0.081617 0.001143
v 0.215003 -0.081617 -0.008062
v 0.233848 -0.132051 0.004527
v 0.224157 -0.146333 0.001276
v 0.215003 -0.132051 -0.003276
v 0.226782 -0.032860 0.018485
v 0.232810 -0.038862 0.023358
v 0.235880 -0.047209 0.014717
v 0.242280 -0.069009 0.012066
v 0.246438 -0.081617 0.023358
v 0.244527 -0.094724 0.011135
v 0.242280 -0.120441 0.012066
v 0.241652 -0.132051 0.023358
v 0.238101 -0.140903 0.014211
v 0.222216 -0.029266 0.023357
v 0.241652 -0.057399 0.023358
v 0.246438 -0.107832 0.023358
v 0.226782 -0.032860 0.028235
v 0.227595 -0.038862 0.035947
v 0.235880 -0.047209 0.032003
v 0.242280 -0.069010 0.034654
v 0.237231 -0.081617 0.045584
v 0.244527 -0.094724 0.035585
v 0.242280 -0.120441 0.034654
v 0.233848 -0.132051 0.042200
v 0.238101 -0.140903 0.032509
v 0.220104 -0.029266 0.028456
v 0.233848 -0.057399 0.042200
v 0.237231 -0.107832 0.045584
v 0.215003 -0.029266 0.030569
v 0.219882 -0.032860 0.035134
v 0.223651 -0.047209 0.044233
v 0.215003 -0.057399 0.050005
v 0.226302 -0.069010 0.050633
v 0.227232 -0.094724 0.052880
v 0.215003 -0.107832 0.054791
v 0.226302 -0.120441 0.050633
v 0.215003 -0.038862 0.041163
v 0.215003 -0.081617 0.054791
v 0.215003 -0.132051 0.050005
v 0.224157 -0.146333 0.045453
v 0.239862 -0.151890 0.038781
v 0.240571 -0.144573 0.023358
v 0.239862 -0.151890 0.007946
v 0.246995 -0.172207 0.041879
v 0.232202 -0.167520 0.041898
v 0.239721 -0.190080 0.040976
v 0.272903 -0.212467 0.007067
v 0.264412 -0.222521 0.002373
v 0.260052 -0.210174 0.000467
v 0.268879 -0.200674 0.002186
v 0.272903 -0.212473 0.039660
v 0.274104 -0.222210 0.032177
v 0.279106 -0.212227 0.023358
v 0.279926 -0.204441 0.032170
v 0.260052 -0.210203 0.046258
v 0.264331 -0.222498 0.044352
v 0.268879 -0.200689 0.044541
v 0.232643 -0.244026 0.004628
v 0.232643 -0.273081 0.003972
v 0.224464 -0.295948 0.003358
v 0.215003 -0.263977 0.000523
v 0.224260 -0.228981 0.002186
v 0.215003 -0.283359 0.037746
v 0.224023 -0.301021 0.030187
v 0.232202 -0.279730 0.035935
v 0.223279 -0.262575 0.041431
v 0.249521 -0.287723 0.029224
v 0.240293 -0.290762 0.032466
v 0.233795 -0.305902 0.023217
v 0.243156 -0.300653 0.018886
v 0.215003 -0.311121 0.023781
v 0.225043 -0.311954 0.015838
v 0.263119 -0.254556 0.031936
v 0.253488 -0.267072 0.038169
v 0.258320 -0.274147 0.022646
v 0.264993 -0.236097 0.039564
v 0.271154 -0.237732 0.023358
v 0.274104 -0.222212 0.014543
v 0.263119 -0.254556 0.014399
v 0.265074 -0.236135 0.007161
v 0.249521 -0.287723 0.013308
v 0.253569 -0.267202 0.007068
v 0.233795 -0.305902 0.009958
v 0.215003 -0.311121 0.007899
v 0.240293 -0.290516 0.006191
v 0.246995 -0.172205 0.004850
v 0.262735 -0.181999 0.000340
v 0.253961 -0.194305 0.002195
v 0.253961 -0.194318 0.044532
v 0.246682 -0.207933 0.041844
v 0.252592 -0.222299 0.044630
v 0.226304 -0.209358 0.160704
v 0.232864 -0.213690 0.260515
v 0.231009 -0.223404 0.160647
v 0.227324 -0.217567 0.083496
v 0.232202 -0.207119 0.004833
v 0.215003 -0.207035 0.000266
v 0.223819 -0.188873 0.002091
v 0.246135 -0.236849 0.043506
v 0.250385 -0.249019 0.044846
v 0.255702 -0.236009 0.045725
v 0.239721 -0.255405 0.041767
v 0.246155 -0.267582 0.041098
v 0.232202 -0.167520 0.004831
v 0.239721 -0.190080 0.005753
v 0.279926 -0.204441 0.014550
v 0.246216 -0.237079 0.003222
v 0.239721 -0.253935 0.003801
v 0.239721 -0.222679 0.005458
v 0.256192 -0.236332 0.000996
v 0.250874 -0.249794 0.001655
v 0.252673 -0.222408 0.002095
v 0.284538 -0.195501 0.023358
v 0.278684 -0.192222 0.007045
v 0.246682 -0.207929 0.004884
v 0.215003 -0.166956 0.000266
v 0.215003 -0.166956 0.046463
v 0.223279 -0.187183 0.044690
v 0.262735 -0.182008 0.046387
v 0.278684 -0.192224 0.039682
v 0.233588 -0.208545 0.041343
v 0.239721 -0.222923 0.041271
v 0.233588 -0.238907 0.041585
v 0.232558 -0.231947 0.260697
v 0.226003 -0.237972 0.160483
v 0.227268 -0.230476 0.083142
v 0.255806 -0.249019 0.043390
v 0.246237 -0.267816 0.003364
v 0.256296 -0.249357 0.003111
v 0.088520 -0.084232 0.016153
v 0.087763 -0.090244 0.011593
v 0.085005 -0.087927 0.018264
v 0.108906 -0.103620 -0.003276
v 0.109533 -0.119810 -0.003904
v 0.095920 -0.117275 0.004527
v 0.095563 -0.102865 0.002496
v 0.145266 -0.138466 -0.008062
v 0.144664 -0.156265 -0.003904
v 0.128962 -0.155039 0.001143
v 0.127355 -0.138286 -0.006151
v 0.095474 -0.090847 0.005566
v 0.086798 -0.099970 0.010780
v 0.126456 -0.120311 -0.008062
v 0.111136 -0.136419 0.001143
v 0.160129 -0.156429 -0.003276
v 0.155394 -0.174789 0.001288
v 0.142894 -0.172096 0.004527
v 0.087135 -0.111725 0.014717
v 0.083202 -0.103748 0.023358
v 0.083007 -0.095243 0.018485
v 0.115272 -0.150896 0.011135
v 0.104791 -0.143089 0.023358
v 0.098520 -0.131387 0.012066
v 0.143060 -0.184950 0.014212
v 0.136859 -0.178062 0.023358
v 0.132178 -0.168543 0.012066
v 0.083548 -0.089458 0.023357
v 0.090539 -0.122930 0.023358
v 0.122453 -0.161787 0.023358
v 0.087135 -0.111725 0.032004
v 0.086798 -0.099970 0.035947
v 0.083007 -0.095243 0.028235
v 0.115272 -0.150896 0.035585
v 0.111136 -0.136417 0.045584
v 0.098520 -0.131387 0.034654
v 0.143060 -0.184950 0.032509
v 0.142894 -0.172096 0.042200
v 0.132178 -0.168543 0.034654
v 0.085005 -0.087927 0.028456
v 0.095920 -0.117275 0.042200
v 0.128962 -0.155039 0.045584
v 0.087763 -0.090244 0.035134
v 0.088520 -0.084232 0.030569
v 0.109533 -0.119810 0.050633
v 0.108906 -0.103620 0.050006
v 0.095563 -0.102863 0.044233
v 0.144664 -0.156265 0.050633
v 0.145266 -0.138466 0.054791
v 0.127355 -0.138286 0.052880
v 0.095474 -0.090847 0.041163
v 0.126456 -0.120311 0.054791
v 0.155394 -0.174791 0.045441
v 0.160129 -0.156429 0.050005
v 0.125106 -0.103435 0.050633
v 0.121893 -0.089966 0.042200
v 0.107482 -0.090332 0.044233
v 0.162042 -0.139038 0.050633
v 0.160767 -0.122272 0.045584
v 0.144378 -0.120485 0.052880
v 0.104152 -0.081722 0.035947
v 0.094487 -0.083173 0.035134
v 0.141774 -0.104206 0.045584
v 0.173334 -0.160009 0.045440
v 0.175669 -0.141565 0.042200
v 0.092035 -0.080536 0.028456
v 0.115911 -0.081470 0.032004
v 0.107747 -0.077944 0.023358
v 0.099243 -0.078174 0.028235
v 0.156300 -0.107952 0.035585
v 0.148119 -0.097534 0.023358
v 0.136117 -0.091858 0.034654
v 0.185266 -0.144283 0.032509
v 0.181365 -0.135759 0.023358
v 0.173385 -0.127302 0.034654
v 0.093491 -0.079006 0.023357
v 0.127272 -0.084310 0.023358
v 0.167115 -0.115600 0.023358
v 0.156300 -0.107952 0.011135
v 0.141774 -0.104206 0.001143
v 0.136117 -0.091858 0.012066
v 0.185266 -0.144283 0.014211
v 0.175669 -0.141565 0.004527
v 0.173385 -0.127302 0.012066
v 0.099243 -0.078174 0.018485
v 0.092035 -0.080536 0.018264
v 0.121893 -0.089966 0.004527
v 0.115911 -0.081470 0.014717
v 0.160767 -0.122272 0.001143
v 0.104152 -0.081722 0.010780
v 0.094487 -0.083173 0.011593
v 0.125106 -0.103435 -0.003904
v 0.107482 -0.090332 0.002496
v 0.162042 -0.139038 -0.003904
v 0.144378 -0.120485 -0.006151
v 0.173334 -0.160007 0.001289
v 0.210124 -0.032860 0.011593
v 0.209903 -0.029266 0.018264
v 0.203704 -0.069009 -0.003904
v 0.196157 -0.057399 0.004527
v 0.206355 -0.047209 0.002496
v 0.203704 -0.120441 -0.003904
v 0.192774 -0.107832 0.001143
v 0.202773 -0.094724 -0.006151
v 0.202411 -0.038862 0.010780
v 0.192774 -0.081617 0.001143
v 0.205849 -0.146333 0.001276
v 0.196157 -0.132051 0.004527
v 0.194125 -0.047209 0.014717
v 0.197196 -0.038862 0.023358
v 0.203225 -0.032860 0.018485
v 0.185478 -0.094724 0.011135
v 0.183567 -0.081617 0.023358
v 0.187725 -0.069009 0.012066
v 0.191904 -0.140903 0.014211
v 0.188353 -0.132051 0.023358
v 0.187725 -0.120441 0.012066
v 0.207790 -0.029266 0.023357
v 0.188353 -0.057399 0.023358
v 0.183567 -0.107832 0.023358
v 0.194125 -0.047209 0.032003
v 0.202411 -0.038862 0.035947
v 0.203225 -0.032860 0.028235
v 0.185478 -0.094724 0.035585
v 0.192774 -0.081617 0.045584
v 0.187725 -0.069010 0.034654
v 0.191904 -0.140903 0.032509
v 0.196157 -0.132051 0.042200
v 0.187725 -0.120441 0.034654
v 0.209903 -0.029266 0.028456
v 0.196157 -0.057399 0.042200
v 0.192774 -0.107832 0.045584
v 0.210124 -0.032860 0.035134
v 0.203704 -0.069010 0.050633
v 0.206355 -0.047209 0.044233
v 0.203704 -0.120441 0.050633
v 0.202773 -0.094724 0.052880
v 0.205849 -0.146333 0.045453
v 0.189434 -0.144573 0.023358
v 0.190143 -0.151890 0.038781
v 0.190143 -0.151890 0.007946
v 0.190285 -0.190080 0.040976
v 0.197803 -0.167520 0.041898
v 0.183011 -0.172207 0.041879
v 0.161127 -0.200674 0.002186
v 0.169955 -0.210174 0.000467
v 0.165594 -0.222521 0.002373
v 0.157103 -0.212467 0.007067
v 0.150080 -0.204441 0.032170
v 0.150900 -0.212227 0.023358
v 0.155902 -0.222210 0.032177
v 0.157103 -0.212473 0.039660
v 0.161127 -0.200689 0.044541
v 0.165676 -0.222498 0.044352
v 0.169955 -0.210203 0.046258
v 0.205746 -0.228981 0.002186
v 0.205542 -0.295948 0.003358
v 0.197362 -0.273081 0.003972
v 0.197362 -0.244026 0.004628
v 0.206726 -0.262575 0.041431
v 0.197803 -0.279730 0.035935
v 0.205983 -0.301021 0.030187
v 0.186850 -0.300653 0.018886
v 0.196211 -0.305902 0.023217
v 0.189713 -0.290762 0.032466
v 0.180486 -0.287723 0.029224
v 0.204963 -0.311954 0.015838
v 0.171686 -0.274147 0.022646
v 0.176518 -0.267072 0.038169
v 0.166886 -0.254556 0.031936
v 0.158851 -0.237732 0.023358
v 0.165013 -0.236097 0.039564
v 0.164931 -0.236135 0.007161
v 0.166886 -0.254556 0.014399
v 0.155902 -0.222212 0.014543
v 0.176437 -0.267202 0.007068
v 0.180486 -0.287723 0.013308
v 0.196211 -0.305902 0.009958
v 0.189713 -0.290516 0.006191
v 0.176045 -0.194305 0.002195
v 0.167271 -0.181999 0.000340
v 0.183011 -0.172205 0.004850
v 0.177415 -0.222299 0.044630
v 0.183324 -0.207933 0.041844
v 0.176045 -0.194318 0.044532
v 0.199186 -0.223350 0.160936
v 0.197771 -0.213573 0.261186
v 0.204212 -0.209301 0.161049
v 0.202796 -0.217546 0.083618
v 0.206187 -0.188873 0.002091
v 0.197803 -0.207119 0.004833
v 0.174303 -0.236009 0.045725
v 0.179621 -0.249019 0.044846
v 0.183872 -0.236849 0.043506
v 0.183851 -0.267582 0.041098
v 0.190285 -0.255405 0.041767
v 0.190285 -0.190080 0.005753
v 0.197803 -0.167520 0.004831
v 0.150080 -0.204441 0.014550
v 0.190285 -0.222679 0.005458
v 0.190285 -0.253935 0.003801
v 0.183790 -0.237079 0.003222
v 0.177333 -0.222408 0.002095
v 0.179132 -0.249794 0.001655
v 0.173815 -0.236332 0.000996
v 0.151323 -0.192222 0.007045
v 0.145468 -0.195501 0.023358
v 0.183324 -0.207929 0.004884
v 0.206726 -0.187183 0.044690
v 0.167271 -0.182008 0.046387
v 0.151323 -0.192224 0.039682
v 0.190285 -0.222923 0.041271
v 0.196418 -0.208545 0.041343
v 0.196418 -0.238907 0.041585
v 0.204027 -0.237962 0.160534
v 0.197608 -0.231888 0.261003
v 0.202765 -0.230465 0.083199
v 0.174199 -0.249019 0.043390
v 0.183769 -0.267816 0.003364
v 0.173710 -0.249357 0.003111
v 0.229881 -0.223919 0.042358
v 0.226914 -0.204120 0.043044
v 0.226969 -0.216964 0.045601
v 0.215003 -0.199545 0.046045
v 0.220073 -0.207329 0.047092
v 0.226914 -0.244779 0.042385
v 0.226966 -0.231495 0.045193
v 0.215003 -0.250246 0.044096
v 0.220066 -0.241777 0.045907
v 0.203092 -0.204120 0.043044
v 0.200124 -0.223919 0.042358
v 0.203042 -0.216963 0.045607
v 0.209945 -0.207327 0.047096
v 0.203092 -0.244779 0.042385
v 0.203041 -0.231495 0.045196
v 0.209940 -0.241777 0.045907
v 0.215004 -0.244922 0.161992
v 0.207932 -0.246107 0.261945
v 0.210033 -0.240465 0.083815
v 0.208491 -0.200178 0.261874
v 0.215387 -0.202745 0.162340
v 0.210136 -0.208042 0.084712
v 0.222080 -0.246109 0.261931
v 0.219973 -0.240467 0.083812
v 0.220101 -0.208053 0.084643
v 0.222782 -0.200241 0.261496
v 0.206437 -0.213125 0.052565
v 0.215031 -0.207941 0.053991
v 0.202613 -0.224157 0.052130
v 0.206423 -0.235594 0.051721
v 0.215003 -0.241033 0.052853
v 0.223584 -0.235594 0.051717
v 0.227405 -0.224161 0.052110
v 0.223605 -0.213129 0.052540
v 0.108644 0.588429 1.339092
v 0.112182 0.638550 1.322255
v 0.090891 0.684624 1.344982
v 0.080464 0.634716 1.370440
v 0.130471 0.588469 1.296283
v 0.124992 0.639517 1.288253
v 0.106360 0.691023 1.307203
v 0.098249 0.739752 1.246850
v 0.120963 0.681673 1.240580
v 0.089162 0.731447 1.214953
v 0.073616 0.778435 1.215504
v 0.047394 0.587795 1.403635
v 0.040984 0.683622 1.388817
v 0.001614 0.636192 1.413477
v 0.115059 0.689903 1.272980
v 0.069876 0.789255 1.251786
v 0.092009 0.744303 1.282776
v 0.082875 0.739811 1.316384
v 0.055482 0.773851 1.324419
v 0.061453 0.729670 1.353289
v 0.077023 0.587830 1.209245
v 0.001614 0.641941 1.204165
v 0.062356 0.689360 1.209660
v 0.121221 0.633286 1.226912
v 0.133592 0.636742 1.254702
v 0.149620 0.587984 1.235667
v 0.029672 0.774487 1.344933
v 0.001614 0.737270 1.376097
v 0.001614 0.751007 1.188054
v 0.042936 0.785591 1.188936
v 0.064249 0.787106 1.288579
v 0.036067 0.816914 1.261568
v 0.001615 0.822037 1.279529
v 0.032419 0.806734 1.301826
v 0.038597 0.815680 1.218185
v 0.001614 0.828549 1.233977
v 0.001614 0.803143 1.324086
v 0.141817 0.588335 1.264254
v 0.001614 0.817824 1.189708
v -0.077235 0.634716 1.370440
v -0.087662 0.684624 1.344982
v -0.108953 0.638550 1.322255
v -0.105415 0.588429 1.339092
v -0.103131 0.691023 1.307203
v -0.121764 0.639517 1.288253
v -0.127242 0.588469 1.296283
v -0.070388 0.778435 1.215504
v -0.085933 0.731447 1.214953
v -0.117734 0.681673 1.240580
v -0.095020 0.739752 1.246850
v -0.037755 0.683622 1.388817
v -0.044164 0.587795 1.403635
v -0.088780 0.744303 1.282776
v -0.066647 0.789255 1.251786
v -0.111830 0.689903 1.272980
v -0.058224 0.729670 1.353289
v -0.052253 0.773851 1.324419
v -0.079645 0.739811 1.316384
v -0.117992 0.633286 1.226912
v -0.059127 0.689360 1.209660
v -0.073794 0.587830 1.209245
v -0.146391 0.587984 1.235667
v -0.130362 0.636742 1.254702
v -0.026443 0.774487 1.344933
v -0.039706 0.785591 1.188936
v -0.029189 0.806734 1.301826
v -0.032838 0.816914 1.261568
v -0.061020 0.787106 1.288579
v -0.035368 0.815680 1.218185
v -0.138589 0.588335 1.264254
v -0.198531 -0.209431 1.409150
v -0.277314 -0.128805 1.433743
v -0.398002 -0.047604 1.340360
v -0.333577 -0.155008 1.321699
v -0.425188 0.080385 1.370514
v -0.475607 0.199951 1.262699
v -0.494377 0.057106 1.222914
v -0.403312 0.330202 1.333762
v -0.350834 0.443792 1.244436
v -0.463858 0.318619 1.158218
v -0.150025 0.605887 1.239368
v -0.066335 0.640055 1.323922
v 0.001611 0.654884 1.236390
v -0.073791 0.640041 1.140367
v -0.175585 0.591408 1.041361
v 0.001611 0.642775 1.036140
v -0.090737 0.611715 0.927102
v -0.541870 0.168772 1.104220
v -0.407386 0.422461 1.056214
v -0.528096 0.275213 0.997322
v -0.463706 -0.077694 1.211527
v -0.557589 0.019877 1.093560
v -0.238764 -0.238239 1.311479
v -0.384659 -0.189289 1.212682
v -0.141313 0.249434 1.722725
v -0.087504 0.198334 1.740829
v -0.066722 0.262762 1.737376
v -0.086458 -0.233107 1.475564
v 0.001610 -0.224905 1.524963
v -0.069892 -0.189920 1.563333
v -0.161218 -0.179127 1.505061
v -0.235316 0.535204 1.328417
v -0.307114 0.436167 1.402863
v -0.207308 0.510401 1.463311
v -0.135190 0.591526 1.397018
v -0.336791 -0.024221 1.460690
v -0.362279 0.093735 1.494132
v -0.411424 0.209013 1.413196
v -0.036406 0.387127 1.716244
v -0.088365 0.346445 1.716576
v 0.001611 0.311993 1.735843
v -0.348911 0.322264 1.469342
v -0.140648 0.151880 1.729133
v -0.065281 0.139091 1.744871
v -0.172754 0.464174 1.583404
v -0.210394 0.373730 1.633024
v -0.135666 0.404621 1.666323
v -0.095700 0.478645 1.627428
v -0.054922 -0.118664 1.652272
v 0.001611 -0.086008 1.686432
v -0.040556 -0.043344 1.707776
v -0.100718 -0.061304 1.678493
v -0.284480 0.305447 1.592504
v -0.270617 0.205368 1.644553
v -0.218640 0.280582 1.673323
v -0.291436 0.107899 1.610753
v -0.217657 0.039320 1.662307
v -0.220886 0.128449 1.685383
v -0.049986 0.542509 1.579780
v 0.001611 0.587816 1.521992
v -0.059523 0.607153 1.459149
v -0.117193 0.545612 1.523608
v -0.261952 0.411848 1.529848
v -0.343810 0.207853 1.541659
v -0.184646 -0.049376 1.634338
v -0.278670 0.002424 1.571621
v -0.231044 -0.097008 1.534935
v -0.130712 -0.129076 1.599975
v 0.001611 -0.006622 1.727107
v -0.033201 0.039661 1.737909
v -0.071714 0.008862 1.722942
v -0.153872 0.083447 1.715979
v -0.193959 0.202171 1.705413
v -0.153673 0.324873 1.698444
v -0.074452 0.410870 1.693283
v -0.084690 0.067072 1.734731
v 0.001611 0.104073 1.747381
v 0.001611 0.588749 0.803388
v -0.108067 0.523606 0.672128
v -0.213157 0.535679 0.817751
v -0.598995 0.131834 0.995868
v -0.607167 -0.005121 1.013301
v -0.515925 -0.119217 1.095352
v -0.419510 -0.244606 1.115610
v -0.269240 -0.276403 1.223218
v -0.470332 0.344992 0.873723
v -0.585497 0.217890 0.886155
v -0.319077 0.494745 0.944035
v -0.369501 0.393517 0.716012
v -0.040211 0.466126 1.663920
v 0.001611 0.436958 1.694907
v 0.001611 0.512686 1.626212
v 0.001611 0.638783 1.394959
v -0.268540 0.533249 1.145584
v -0.234511 0.405115 0.537544
v -0.378085 0.232533 0.416757
v -0.516087 0.262745 0.591335
v -0.701006 0.027262 0.609269
v -0.649383 -0.007578 0.441816
v -0.677256 -0.219995 0.510635
v -0.728688 -0.190031 0.669242
v -0.288820 -0.340332 1.146964
v -0.145331 -0.408283 1.161320
v 0.001611 -0.382078 1.207309
v -0.139655 -0.339929 1.225553
v -0.261694 -0.083877 0.201885
v -0.195684 -0.154987 0.161902
v -0.215623 -0.222820 0.151168
v -0.290968 -0.166958 0.186515
v -0.478464 -0.644523 0.802849
v -0.483936 -0.565506 0.890313
v -0.591063 -0.438370 0.725480
v -0.558150 -0.519243 0.590991
v -0.436617 -0.357838 1.047146
v -0.547221 -0.394518 0.907683
v -0.406797 -0.497660 0.995604
v -0.285339 -0.440750 1.090440
v -0.645704 -0.258993 0.794188
v -0.649825 -0.234243 0.603524
v -0.173918 -0.055610 0.202571
v -0.140464 -0.107469 0.185651
v -0.163541 -0.197244 0.154156
v -0.334280 -0.623585 1.019140
v -0.251774 -0.555105 1.072306
v -0.133278 -0.261099 0.170804
v -0.155153 -0.333273 0.177455
v -0.183188 -0.261106 0.153160
v -0.223477 -0.344051 0.189954
v -0.264332 -0.303098 0.184853
v -0.565039 -0.318197 0.436901
v -0.434054 -0.436649 0.359868
v -0.444154 -0.627271 0.555297
v 0.001611 0.449633 0.512773
v -0.118484 0.313534 0.376191
v -0.253977 -0.813610 0.848154
v -0.381832 -0.732420 0.788771
v -0.287855 -0.733137 0.607252
v -0.084991 -0.580160 0.320876
v 0.001611 -0.721580 0.463994
v -0.044478 -0.840198 0.639463
v -0.128498 -0.723953 0.490562
v -0.250276 -0.598224 0.383009
v -0.153496 -0.832163 0.709860
v -0.336033 -0.694389 0.989108
v -0.195250 -0.719450 1.104277
v -0.178536 -0.658289 1.105241
v -0.154310 -0.877483 0.937512
v -0.134581 -0.885261 1.118793
v -0.203602 -0.839191 1.046976
v 0.001610 -0.904836 0.798343
v -0.024558 -0.926493 0.952214
v -0.070857 -0.898767 0.823562
v -0.082549 -0.913683 1.020978
v -0.272433 -0.769316 0.996779
v -0.146073 -0.841349 1.175211
v -0.180162 -0.782158 1.129081
v -0.104230 -0.792742 1.199118
v -0.102738 -0.743492 1.169103
v -0.063001 -0.903492 1.197399
v -0.083439 -0.880628 1.238076
v 0.001610 -0.920606 1.117239
v -0.029665 -0.917263 1.132832
v -0.070889 -0.847347 1.255900
v -0.046227 -0.774481 1.215691
v 0.001611 -0.824083 1.265285
v -0.224119 0.105673 0.278638
v -0.097857 0.096897 0.258757
v -0.399251 0.005345 0.291462
v -0.370710 -0.250435 0.239348
v -0.521452 -0.081669 0.365923
v 0.001611 0.072020 0.257251
v -0.073079 -0.136907 0.205063
v -0.086941 -0.404899 0.221477
v -0.177019 -0.451400 0.239480
v -0.307783 -0.443943 0.281698
v 0.001611 -0.304805 0.232193
v -0.661298 0.007877 0.996788
v -0.692554 0.122151 0.934456
v -0.710281 -0.021864 0.945326
v -0.671132 -0.112520 0.990002
v -0.636644 -0.030775 0.518729
v -0.726339 0.011854 0.811613
v -0.729366 -0.189663 0.828694
v -0.701398 -0.179214 0.942363
v -0.674989 0.173439 0.808054
v -0.647649 0.194948 0.629112
v -0.639881 -0.215151 0.989513
v -0.678632 -0.289720 0.945037
v -0.632153 0.221510 0.855943
v -0.615125 0.250912 0.728682
v -0.593078 0.252716 0.590445
v -0.628447 0.165196 0.474698
v -0.700897 -0.340059 0.877470
v -0.668183 -0.427868 0.895720
v -0.653126 -0.363636 0.930864
v -0.528628 -0.657757 0.574351
v -0.459909 -0.730844 0.655652
v -0.422211 -0.780943 0.748362
v -0.487020 -0.730894 0.687201
v -0.619448 -0.220537 0.463006
v -0.632813 -0.404215 0.588885
v -0.579324 -0.461803 0.483148
v -0.563723 -0.297535 0.367778
v -0.616812 -0.353382 0.903615
v -0.640530 -0.370066 0.754989
v -0.672814 -0.196499 0.629392
v -0.590010 0.174557 0.461772
v -0.589570 0.002522 0.409383
v -0.571909 -0.128324 0.340409
v -0.603299 0.037533 0.383495
v -0.708871 -0.363233 0.762753
v -0.393475 -0.816711 0.838863
v -0.428071 -0.817280 0.885907
v -0.442275 -0.789448 0.800470
v -0.463057 -0.785595 0.910513
v -0.524963 -0.736131 0.883669
v -0.494809 -0.767914 0.866946
v -0.550701 -0.423311 0.375681
v -0.576724 -0.284170 0.343717
v -0.665244 -0.483517 0.843257
v -0.623722 -0.557661 0.877609
v -0.631309 -0.491310 0.895639
v -0.530737 -0.680349 0.885870
v -0.524284 -0.695173 0.816548
v -0.551415 -0.646997 0.796983
v -0.461989 -0.762697 0.902271
v -0.473964 -0.742182 0.799049
v -0.603650 -0.476290 0.868256
v -0.598768 -0.522690 0.749246
v -0.572963 -0.666046 0.877781
v -0.562695 -0.698467 0.856265
v -0.544265 -0.697807 0.890839
v -0.592863 -0.653419 0.790205
v -0.559486 -0.701876 0.803994
v -0.515062 -0.736570 0.788961
v -0.623057 -0.428398 0.917687
v -0.593425 -0.547314 0.898460
v -0.606504 -0.134084 0.358306
v -0.578131 -0.427881 0.397767
v -0.616341 -0.303066 0.404964
v -0.506809 -0.652647 0.553795
v -0.450983 -0.723606 0.670031
v -0.401867 -0.775963 0.747655
v -0.684006 -0.396286 0.631832
v -0.650610 -0.525945 0.754001
v -0.563037 -0.655403 0.658158
v -0.550825 -0.654692 0.897964
v -0.508728 -0.725464 0.904954
v -0.406294 -0.818804 0.908715
v -0.404909 -0.788616 0.814939
v -0.628299 -0.459282 0.530839
v -0.619785 -0.304535 0.967106
v -0.567217 0.262440 0.740539
v -0.648833 0.126688 0.956030
v -0.547383 -0.251909 1.018448
v -0.606172 -0.128769 1.013219
v -0.577353 -0.584165 0.643605
v -0.565280 -0.597509 0.868253
v -0.608933 -0.612985 0.842822
v -0.620319 -0.577995 0.675257
v -0.585121 -0.612436 0.888340
v -0.521289 -0.656645 0.626537
v -0.535584 -0.549795 0.474887
v -0.576969 -0.555097 0.514581
v -0.547932 -0.554151 0.462027
v -0.067775 -0.690655 1.161083
v 0.001611 -0.729500 1.196661
v -0.110176 -0.599625 1.125678
v 0.001611 -0.641186 1.153706
v -0.135224 -0.501623 1.125714
v 0.001611 -0.550056 1.138995
v 0.001611 -0.458795 1.157296
v -0.126827 -0.296474 1.299189
v 0.001611 -0.329529 1.274276
v -0.138257 0.009277 1.698851
v 0.001610 -0.163446 1.613951
v 0.001611 -0.292480 1.350770
v -0.108309 -0.262989 1.384167
v 0.001610 -0.260858 1.437732
v 0.336800 -0.155008 1.321699
v 0.401225 -0.047602 1.340360
v 0.280536 -0.128805 1.433743
v 0.201752 -0.209431 1.409150
v 0.497600 0.057108 1.222914
v 0.478830 0.199951 1.262700
v 0.428411 0.080385 1.370514
v 0.467080 0.318619 1.158218
v 0.354057 0.443792 1.244436
v 0.406535 0.330204 1.333762
v 0.077012 0.640041 1.140367
v 0.069557 0.640055 1.323922
v 0.153247 0.605887 1.239368
v 0.093958 0.611715 0.927102
v 0.178808 0.591408 1.041361
v 0.531319 0.275213 0.997322
v 0.410609 0.422461 1.056214
v 0.545092 0.168772 1.104220
v 0.560811 0.019877 1.093560
v 0.466928 -0.077694 1.211527
v 0.387882 -0.189289 1.212682
v 0.241988 -0.238239 1.311479
v 0.069942 0.262762 1.737376
v 0.090724 0.198334 1.740829
v 0.144534 0.249434 1.722725
v 0.164439 -0.179127 1.505061
v 0.073113 -0.189920 1.563333
v 0.089679 -0.233107 1.475564
v 0.138412 0.591526 1.397018
v 0.210531 0.510401 1.463311
v 0.310337 0.436167 1.402863
v 0.238539 0.535204 1.328417
v 0.414647 0.209015 1.413196
v 0.365500 0.093735 1.494132
v 0.340013 -0.024221 1.460690
v 0.091587 0.346445 1.716576
v 0.039628 0.387127 1.716244
v 0.352134 0.322264 1.469342
v 0.068504 0.139091 1.744871
v 0.143869 0.151880 1.729133
v 0.098922 0.478645 1.627428
v 0.138889 0.404621 1.666323
v 0.213618 0.373730 1.633024
v 0.175977 0.464174 1.583404
v 0.103940 -0.061304 1.678493
v 0.043778 -0.043344 1.707776
v 0.058143 -0.118664 1.652272
v 0.221862 0.280582 1.673323
v 0.273838 0.205368 1.644553
v 0.287702 0.305447 1.592504
v 0.224108 0.128449 1.685383
v 0.220879 0.039320 1.662307
v 0.294658 0.107899 1.610753
v 0.120416 0.545612 1.523608
v 0.062745 0.607153 1.459149
v 0.053207 0.542509 1.579780
v 0.347032 0.207853 1.541659
v 0.265175 0.411848 1.529848
v 0.133933 -0.129076 1.599975
v 0.234265 -0.097008 1.534935
v 0.281891 0.002424 1.571621
v 0.187868 -0.049376 1.634338
v 0.074938 0.008862 1.722942
v 0.036423 0.039661 1.737909
v 0.197180 0.202171 1.705413
v 0.157095 0.083447 1.715980
v 0.156896 0.324873 1.698444
v 0.077675 0.410870 1.693283
v 0.087913 0.067072 1.734731
v 0.216379 0.535679 0.817751
v 0.111288 0.523606 0.672128
v 0.519147 -0.119217 1.095352
v 0.610389 -0.005121 1.013301
v 0.602218 0.131834 0.995868
v 0.272462 -0.276403 1.223218
v 0.422732 -0.244606 1.115610
v 0.588719 0.217890 0.886155
v 0.473555 0.344992 0.873723
v 0.372723 0.393517 0.716012
v 0.322299 0.494745 0.944035
v 0.043432 0.466126 1.663920
v 0.271762 0.533249 1.145584
v 0.519309 0.262745 0.591335
v 0.381307 0.232533 0.416757
v 0.237733 0.405115 0.537544
v 0.731911 -0.190033 0.669243
v 0.680480 -0.219997 0.510635
v 0.652606 -0.007580 0.441817
v 0.704227 0.027258 0.609270
v 0.142877 -0.339929 1.225553
v 0.148552 -0.408283 1.161320
v 0.292041 -0.340332 1.146964
v 0.294192 -0.166958 0.186515
v 0.218846 -0.222820 0.151168
v 0.198908 -0.154987 0.161902
v 0.264917 -0.083877 0.201885
v 0.561373 -0.519243 0.590991
v 0.594286 -0.438370 0.725480
v 0.487160 -0.565506 0.890313
v 0.481687 -0.644523 0.802849
v 0.288561 -0.440750 1.090440
v 0.410021 -0.497660 0.995604
v 0.550444 -0.394518 0.907683
v 0.439838 -0.357838 1.047146
v 0.653048 -0.234243 0.603524
v 0.648926 -0.258993 0.794188
v 0.166764 -0.197244 0.154156
v 0.143686 -0.107469 0.185651
v 0.177142 -0.055610 0.202571
v 0.254997 -0.555105 1.072306
v 0.337503 -0.623585 1.019140
v 0.186410 -0.261106 0.153160
v 0.158376 -0.333273 0.177455
v 0.136501 -0.261099 0.170804
v 0.267556 -0.303098 0.184853
v 0.226701 -0.344051 0.189954
v 0.447376 -0.627271 0.555297
v 0.437277 -0.436649 0.359868
v 0.568261 -0.318197 0.436901
v 0.121705 0.313534 0.376191
v 0.291078 -0.733137 0.607252
v 0.385055 -0.732420 0.788771
v 0.257200 -0.813610 0.848154
v 0.131720 -0.723953 0.490562
v 0.047698 -0.840198 0.639463
v 0.088213 -0.580160 0.320876
v 0.156718 -0.832163 0.709860
v 0.253499 -0.598224 0.383009
v 0.181758 -0.658289 1.105241
v 0.198472 -0.719450 1.104277
v 0.339256 -0.694389 0.989108
v 0.206825 -0.839191 1.046976
v 0.137803 -0.885261 1.118793
v 0.157531 -0.877483 0.937512
v 0.074078 -0.898767 0.823562
v 0.027778 -0.926493 0.952214
v 0.085769 -0.913683 1.020978
v 0.183384 -0.782158 1.129081
v 0.149295 -0.841349 1.175211
v 0.275656 -0.769316 0.996779
v 0.105961 -0.743492 1.169103
v 0.107452 -0.792742 1.199118
v 0.086661 -0.880628 1.238076
v 0.066222 -0.903492 1.197399
v 0.032885 -0.917263 1.132832
v 0.074111 -0.847347 1.255900
v 0.049449 -0.774481 1.215691
v 0.101078 0.096897 0.258757
v 0.227342 0.105673 0.278638
v 0.402474 0.005345 0.291462
v 0.524674 -0.081669 0.365923
v 0.373934 -0.250435 0.239348
v 0.076301 -0.136907 0.205063
v 0.180242 -0.451400 0.239480
v 0.090163 -0.404899 0.221478
v 0.311007 -0.443943 0.281698
v 0.674354 -0.112520 0.990003
v 0.713503 -0.021866 0.945327
v 0.695775 0.122149 0.934457
v 0.664520 0.007877 0.996788
v 0.639866 -0.030775 0.518729
v 0.704621 -0.179214 0.942364
v 0.732588 -0.189665 0.828694
v 0.729560 0.011851 0.811614
v 0.650871 0.194945 0.629114
v 0.678210 0.173435 0.808056
v 0.681854 -0.289720 0.945037
v 0.643103 -0.215151 0.989513
v 0.618346 0.250910 0.728683
v 0.635374 0.221510 0.855944
v 0.631669 0.165194 0.474698
v 0.596300 0.252716 0.590446
v 0.656349 -0.363636 0.930864
v 0.671406 -0.427868 0.895720
v 0.704120 -0.340059 0.877470
v 0.490242 -0.730894 0.687201
v 0.425433 -0.780943 0.748362
v 0.463130 -0.730844 0.655652
v 0.531849 -0.657757 0.574351
v 0.566945 -0.297535 0.367778
v 0.582546 -0.461803 0.483148
v 0.636034 -0.404215 0.588885
v 0.622669 -0.220537 0.463006
v 0.676035 -0.196499 0.629392
v 0.643751 -0.370066 0.754989
v 0.620033 -0.353382 0.903615
v 0.606521 0.037533 0.383495
v 0.575130 -0.128324 0.340409
v 0.592792 0.002522 0.409383
v 0.593232 0.174557 0.461772
v 0.712093 -0.363233 0.762753
v 0.445498 -0.789448 0.800470
v 0.431293 -0.817280 0.885907
v 0.396696 -0.816711 0.838863
v 0.498033 -0.767914 0.866946
v 0.528185 -0.736131 0.883669
v 0.466279 -0.785595 0.910513
v 0.579945 -0.284170 0.343717
v 0.553923 -0.423311 0.375681
v 0.634532 -0.491310 0.895639
v 0.626944 -0.557661 0.877609
v 0.668466 -0.483517 0.843257
v 0.554637 -0.646997 0.796983
v 0.527506 -0.695173 0.816548
v 0.533960 -0.680349 0.885870
v 0.477187 -0.742182 0.799049
v 0.465212 -0.762697 0.902271
v 0.601990 -0.522690 0.749246
v 0.606872 -0.476290 0.868256
v 0.547487 -0.697807 0.890839
v 0.565918 -0.698467 0.856265
v 0.576186 -0.666046 0.877781
v 0.562710 -0.701876 0.803994
v 0.596087 -0.653419 0.790204
v 0.518286 -0.736570 0.788961
v 0.596648 -0.547314 0.898460
v 0.626278 -0.428398 0.917687
v 0.619564 -0.303066 0.404964
v 0.581354 -0.427881 0.397767
v 0.609726 -0.134084 0.358307
v 0.405088 -0.775963 0.747655
v 0.454205 -0.723606 0.670031
v 0.510031 -0.652647 0.553795
v 0.653831 -0.525945 0.754001
v 0.687229 -0.396286 0.631832
v 0.566258 -0.655403 0.658158
v 0.511950 -0.725464 0.904954
v 0.554047 -0.654692 0.897964
v 0.409515 -0.818804 0.908715
v 0.408131 -0.788616 0.814939
v 0.631521 -0.459282 0.530839
v 0.623007 -0.304535 0.967106
v 0.570438 0.262440 0.740539
v 0.652055 0.126688 0.956030
v 0.609393 -0.128769 1.013219
v 0.550604 -0.251909 1.018448
v 0.568503 -0.597509 0.868253
v 0.580575 -0.584165 0.643605
v 0.623542 -0.577995 0.675257
v 0.612155 -0.612985 0.842822
v 0.588343 -0.612436 0.888340
v 0.538806 -0.549795 0.474887
v 0.524511 -0.656643 0.626537
v 0.551154 -0.554151 0.462027
v 0.580191 -0.555097 0.514581
v 0.070997 -0.690655 1.161083
v 0.113398 -0.599625 1.125678
v 0.138445 -0.501623 1.125714
v 0.130049 -0.296474 1.299189
v 0.141480 0.009277 1.698851
v 0.111531 -0.262989 1.384167
v -0.008059 0.015539 1.902069
v -0.026829 0.039602 1.892062
v -0.056500 0.028511 1.886762
v -0.041328 -0.004707 1.900395
v -0.008059 -0.153255 1.759027
v -0.041328 -0.148283 1.778724
v -0.056500 -0.140284 1.743719
v -0.026829 -0.147331 1.733648
v -0.008059 -0.122559 1.853768
v -0.055108 -0.098003 1.864940
v -0.093575 -0.099657 1.826744
v -0.051527 -0.131264 1.825420
v -0.008059 -0.034460 1.904291
v -0.080556 -0.015045 1.881382
v -0.051527 -0.053562 1.891268
v -0.008059 0.056389 1.883263
v -0.027680 0.061644 1.877063
v -0.008059 -0.141405 1.715645
v -0.027680 -0.136150 1.709445
v -0.008059 -0.147245 1.808713
v -0.080556 -0.127831 1.785804
v -0.008059 -0.082954 1.887330
v -0.093575 -0.060053 1.860306
v -0.121646 -0.054987 1.814179
v -0.128997 -0.044371 1.761503
v -0.112999 -0.091522 1.778522
v -0.088377 0.025711 1.864501
v -0.110585 0.031824 1.826073
v -0.112999 -0.013819 1.844370
v -0.035808 0.074329 1.862094
v -0.053373 0.056763 1.871811
v -0.053373 -0.130171 1.713397
v -0.035808 -0.123466 1.694476
v -0.110585 -0.080961 1.730495
v -0.088377 -0.117865 1.742830
v -0.128997 -0.004766 1.795066
v -0.076565 0.059830 1.849806
v -0.076565 -0.108967 1.706763
v -0.053373 -0.105900 1.684758
v -0.027680 -0.110781 1.679507
v -0.112999 -0.035318 1.712199
v -0.080556 -0.034092 1.675187
v -0.088377 -0.074848 1.692068
v -0.112999 0.042385 1.778047
v -0.093575 0.050522 1.729825
v -0.121646 0.005850 1.742391
v -0.053373 0.081034 1.843172
v -0.056500 0.091146 1.812850
v -0.088377 0.068727 1.813739
v -0.056500 -0.077648 1.669808
v -0.093575 0.010916 1.696263
v -0.080556 0.078693 1.770765
v -0.027680 0.087013 1.847124
v -0.051527 0.082127 1.731149
v -0.008059 0.073421 1.702801
v -0.055108 0.048866 1.691629
v -0.026829 0.098194 1.822921
v -0.008059 0.104118 1.797542
v -0.041328 0.099146 1.777845
v -0.041328 -0.044430 1.656175
v -0.008059 -0.064676 1.654500
v -0.026829 -0.088739 1.664507
v -0.008059 0.033817 1.669239
v -0.051527 0.004425 1.665301
v -0.008059 0.098108 1.747856
v -0.008059 0.092268 1.840924
v -0.008059 -0.105526 1.673306
v -0.008059 -0.014677 1.652278
v 0.025210 -0.044430 1.656175
v 0.040382 -0.077648 1.669807
v 0.010711 -0.088739 1.664508
v 0.038990 0.048866 1.691629
v 0.077457 0.010916 1.696263
v 0.035408 0.004425 1.665301
v 0.025210 0.099146 1.777845
v 0.064438 0.078693 1.770765
v 0.035408 0.082127 1.731149
v 0.011562 0.087013 1.847124
v 0.010711 0.098194 1.822921
v 0.011562 -0.110781 1.679507
v 0.064438 -0.034092 1.675187
v 0.077457 0.050522 1.729825
v 0.040382 0.091146 1.812850
v 0.072259 0.068727 1.813739
v 0.094468 0.031824 1.826073
v 0.096881 0.042385 1.778047
v 0.019690 0.074329 1.862094
v 0.037255 0.081034 1.843172
v 0.037255 -0.105900 1.684758
v 0.019690 -0.123466 1.694476
v 0.096881 -0.035318 1.712199
v 0.094468 -0.080961 1.730495
v 0.072259 -0.074848 1.692069
v 0.112880 -0.004766 1.795066
v 0.105528 0.005850 1.742391
v 0.060447 0.059830 1.849806
v 0.060447 -0.108967 1.706763
v 0.112880 -0.044371 1.761503
v 0.037255 -0.130171 1.713397
v 0.011562 -0.136150 1.709445
v 0.096881 -0.091522 1.778522
v 0.064438 -0.127831 1.785804
v 0.072259 -0.117865 1.742830
v 0.096881 -0.013819 1.844370
v 0.077457 -0.060053 1.860306
v 0.105528 -0.054987 1.814179
v 0.037255 0.056763 1.871811
v 0.040382 0.028511 1.886762
v 0.072259 0.025711 1.864501
v 0.040382 -0.140284 1.743719
v 0.077457 -0.099657 1.826744
v 0.064438 -0.015045 1.881382
v 0.011562 0.061644 1.877063
v 0.010711 0.039602 1.892062
v 0.025210 -0.004707 1.900395
v 0.025210 -0.148283 1.778724
v 0.010711 -0.147331 1.733648
v 0.038990 -0.098003 1.864940
v 0.035409 -0.131264 1.825420
v 0.035408 -0.053562 1.891268
v -0.008059 0.576866 1.699900
v -0.026829 0.570911 1.674528
v -0.056500 0.563875 1.684607
v -0.041328 0.571915 1.719603
v -0.008059 0.408234 1.843135
v -0.041328 0.428478 1.841437
v -0.056500 0.395245 1.827842
v -0.026829 0.384159 1.833155
v -0.008059 0.506710 1.828283
v -0.055108 0.521734 1.805876
v -0.093575 0.483778 1.801286
v -0.051527 0.477322 1.832255
v -0.008059 0.570911 1.749594
v -0.080556 0.551472 1.726706
v -0.051527 0.554951 1.766319
v -0.008059 0.564966 1.656533
v -0.027680 0.559704 1.650338
v -0.008059 0.367363 1.824375
v -0.027680 0.362101 1.818180
v -0.008059 0.458235 1.845300
v -0.080556 0.438795 1.822412
v -0.008059 0.546276 1.794676
v -0.093575 0.523344 1.767678
v -0.121646 0.478659 1.755164
v -0.128997 0.428417 1.736108
v -0.112999 0.437527 1.785402
v -0.088377 0.541456 1.683744
v -0.110585 0.504539 1.671451
v -0.112999 0.515154 1.719466
v -0.035808 0.547003 1.635383
v -0.053373 0.553728 1.654297
v -0.053373 0.366974 1.812923
v -0.035808 0.349398 1.803226
v -0.110585 0.391863 1.767158
v -0.088377 0.398020 1.805578
v -0.128997 0.467983 1.702501
v -0.076565 0.532516 1.647687
v -0.076565 0.363884 1.790921
v -0.053373 0.342672 1.784312
v -0.027680 0.336697 1.788271
v -0.112999 0.381247 1.719143
v -0.080556 0.344929 1.711902
v -0.088377 0.354944 1.754865
v -0.112999 0.458874 1.653207
v -0.093575 0.412622 1.637323
v -0.121646 0.417742 1.683445
v -0.053373 0.529427 1.625686
v -0.056500 0.501158 1.610767
v -0.088377 0.498381 1.633031
v -0.056500 0.332525 1.754001
v -0.093575 0.373056 1.670931
v -0.080556 0.457605 1.616196
v -0.027680 0.534300 1.620429
v -0.051527 0.419079 1.606354
v -0.008059 0.389690 1.610326
v -0.055108 0.374668 1.632733
v -0.026829 0.512241 1.605455
v -0.008059 0.488167 1.595474
v -0.041328 0.467922 1.597172
v -0.041328 0.324486 1.719006
v -0.008059 0.319534 1.738708
v -0.026829 0.325489 1.764081
v -0.008059 0.350124 1.643933
v -0.051527 0.341452 1.672290
v -0.008059 0.438166 1.593309
v -0.008059 0.529038 1.614235
v -0.008059 0.331434 1.782076
v -0.008059 0.325489 1.689015
v 0.025210 0.324486 1.719006
v 0.040382 0.332525 1.754001
v 0.010711 0.325489 1.764081
v 0.038990 0.374668 1.632733
v 0.077457 0.373056 1.670931
v 0.035408 0.341452 1.672290
v 0.025210 0.467922 1.597172
v 0.064438 0.457605 1.616196
v 0.035408 0.419079 1.606354
v 0.011562 0.534300 1.620429
v 0.010711 0.512241 1.605455
v 0.011562 0.336697 1.788271
v 0.064438 0.344929 1.711902
v 0.077457 0.412622 1.637323
v 0.040382 0.501158 1.610767
v 0.072259 0.498381 1.633031
v 0.094468 0.504539 1.671452
v 0.096881 0.458874 1.653207
v 0.019690 0.547003 1.635383
v 0.037255 0.529427 1.625686
v 0.037255 0.342672 1.784312
v 0.019690 0.349398 1.803226
v 0.096881 0.381247 1.719143
v 0.094468 0.391863 1.767158
v 0.072259 0.354944 1.754865
v 0.112880 0.467983 1.702501
v 0.105528 0.417742 1.683445
v 0.060447 0.532516 1.647687
v 0.060447 0.363884 1.790922
v 0.112880 0.428417 1.736108
v 0.037255 0.366974 1.812923
v 0.011562 0.362101 1.818180
v 0.096881 0.437527 1.785402
v 0.064438 0.438795 1.822413
v 0.072259 0.398020 1.805578
v 0.096881 0.515154 1.719466
v 0.077457 0.523344 1.767678
v 0.105528 0.478659 1.755164
v 0.037255 0.553728 1.654297
v 0.040382 0.563875 1.684608
v 0.072259 0.541456 1.683744
v 0.040382 0.395245 1.827842
v 0.077457 0.483778 1.801286
v 0.064438 0.551472 1.726707
v 0.011562 0.559704 1.650338
v 0.010711 0.570911 1.674528
v 0.025210 0.571915 1.719603
v 0.025210 0.428478 1.841437
v 0.010711 0.384159 1.833155
v 0.038990 0.521734 1.805876
v 0.035409 0.477322 1.832255
v 0.035408 0.554951 1.766319
v -0.008059 0.341377 1.893807
v -0.029939 0.359455 1.869391
v -0.064527 0.345188 1.870730
v -0.046840 0.320122 1.904252
v -0.008059 0.086906 1.851780
v -0.046840 0.103674 1.868505
v -0.064527 0.090719 1.828703
v -0.029939 0.077641 1.822848
v -0.008059 0.174330 1.928167
v -0.062904 0.205580 1.924642
v -0.107745 0.181057 1.887427
v -0.058729 0.148651 1.905024
v -0.008059 0.292696 1.925962
v -0.092569 0.298399 1.891425
v -0.058729 0.265793 1.924371
v -0.008059 0.370977 1.850541
v -0.030932 0.372520 1.841194
v -0.008059 0.072790 1.801294
v -0.030932 0.074333 1.791947
v -0.008059 0.122663 1.897880
v -0.092569 0.128368 1.863343
v -0.008059 0.234035 1.938028
v -0.107745 0.240765 1.897288
v -0.140467 0.218218 1.848115
v -0.149037 0.197302 1.789073
v -0.130388 0.160328 1.834323
v -0.101685 0.329060 1.850140
v -0.127575 0.312170 1.808044
v -0.130388 0.277468 1.853670
v -0.040406 0.376247 1.818627
v -0.060881 0.364496 1.838862
v -0.060881 0.082682 1.792319
v -0.040406 0.078060 1.769380
v -0.127575 0.142139 1.779962
v -0.101685 0.112610 1.814393
v -0.149037 0.257008 1.798934
v -0.087916 0.354389 1.815016
v -0.087916 0.099920 1.772990
v -0.060881 0.089813 1.749144
v -0.030932 0.081787 1.746813
v -0.130388 0.176840 1.734337
v -0.092569 0.155910 1.696582
v -0.101685 0.125250 1.737866
v -0.130388 0.293982 1.753683
v -0.107745 0.273251 1.700579
v -0.140467 0.236092 1.739891
v -0.060881 0.371626 1.795687
v -0.064527 0.363590 1.759303
v -0.101685 0.341698 1.773614
v -0.064527 0.109121 1.717277
v -0.107745 0.213545 1.690718
v -0.092569 0.325941 1.724663
v -0.030932 0.379974 1.796060
v -0.058729 0.305658 1.682982
v -0.008059 0.279980 1.659840
v -0.062904 0.248730 1.663365
v -0.029939 0.376669 1.765158
v -0.008059 0.367401 1.736226
v -0.046840 0.350636 1.719501
v -0.046840 0.134186 1.683754
v -0.008059 0.112932 1.694200
v -0.029939 0.094854 1.718615
v -0.008059 0.220272 1.649979
v -0.058729 0.188517 1.663635
v -0.008059 0.331644 1.690126
v -0.008059 0.381519 1.786712
v -0.008059 0.083332 1.737465
v -0.008059 0.161613 1.662044
v 0.030723 0.134186 1.683754
v 0.048409 0.109121 1.717277
v 0.013821 0.094854 1.718615
v 0.046786 0.248730 1.663365
v 0.091628 0.213545 1.690718
v 0.042612 0.188517 1.663635
v 0.030723 0.350636 1.719501
v 0.076451 0.325941 1.724663
v 0.042612 0.305658 1.682982
v 0.014814 0.379974 1.796060
v 0.013821 0.376669 1.765158
v 0.014814 0.081787 1.746813
v 0.076451 0.155910 1.696582
v 0.091628 0.273251 1.700579
v 0.048409 0.363590 1.759303
v 0.085568 0.341698 1.773614
v 0.111456 0.312170 1.808044
v 0.114271 0.293982 1.753683
v 0.024288 0.376247 1.818627
v 0.044763 0.371626 1.795687
v 0.044763 0.089813 1.749144
v 0.024288 0.078060 1.769380
v 0.114271 0.176840 1.734337
v 0.111456 0.142139 1.779963
v 0.085568 0.125250 1.737866
v 0.132919 0.257008 1.798934
v 0.124349 0.236092 1.739891
v 0.071799 0.354389 1.815016
v 0.071798 0.099920 1.772990
v 0.132919 0.197300 1.789073
v 0.044763 0.082682 1.792319
v 0.014814 0.074333 1.791947
v 0.114271 0.160328 1.834323
v 0.076451 0.128368 1.863343
v 0.085568 0.112610 1.814392
v 0.114271 0.277468 1.853670
v 0.091628 0.240765 1.897288
v 0.124349 0.218218 1.848115
v 0.044763 0.364496 1.838862
v 0.048409 0.345188 1.870730
v 0.085568 0.329060 1.850140
v 0.048409 0.090719 1.828703
v 0.091628 0.181057 1.887427
v 0.076451 0.298399 1.891424
v 0.014814 0.372520 1.841194
v 0.013821 0.359455 1.869391
v 0.030723 0.320122 1.904252
v 0.030723 0.103674 1.868505
v 0.013821 0.077641 1.822848
v 0.046786 0.205580 1.924642
v 0.042612 0.148651 1.905024
v 0.042612 0.265793 1.924371
v -0.118575 0.634745 1.484162
v -0.128745 0.643602 1.470767
v -0.144726 0.636461 1.471668
v -0.136492 0.624188 1.490083
v -0.118575 0.506487 1.466543
v -0.136492 0.515057 1.475092
v -0.144726 0.508202 1.454050
v -0.128745 0.501568 1.451258
v -0.118575 0.551109 1.505708
v -0.143897 0.566790 1.503213
v -0.164600 0.554129 1.483719
v -0.141970 0.537993 1.493787
v -0.118575 0.610601 1.502235
v -0.157595 0.613161 1.483593
v -0.141970 0.597059 1.501902
v -0.118575 0.649284 1.460398
v -0.129226 0.649983 1.455309
v -0.118575 0.498894 1.439741
v -0.129226 0.499592 1.434653
v -0.118575 0.524862 1.490456
v -0.157595 0.527424 1.471815
v -0.118575 0.581215 1.509844
v -0.164600 0.584236 1.487855
v -0.179706 0.572462 1.461906
v -0.183662 0.561421 1.430628
v -0.175054 0.543234 1.455625
v -0.161829 0.628201 1.460857
v -0.173754 0.619345 1.438584
v -0.175054 0.602303 1.463739
v -0.133637 0.651671 1.443024
v -0.143125 0.645882 1.454179
v -0.143125 0.503847 1.434672
v -0.133637 0.501280 1.422369
v -0.173754 0.533606 1.426808
v -0.161829 0.519070 1.445867
v -0.183662 0.591528 1.434764
v -0.155556 0.640604 1.441504
v -0.155556 0.512344 1.423889
v -0.143125 0.507069 1.411213
v -0.129226 0.502968 1.410084
v -0.175054 0.550648 1.401653
v -0.157595 0.539789 1.381800
v -0.161829 0.524748 1.404535
v -0.175054 0.609716 1.409767
v -0.164600 0.598822 1.381673
v -0.179706 0.580486 1.403487
v -0.143125 0.649103 1.430721
v -0.144726 0.644749 1.411342
v -0.161829 0.633879 1.419525
v -0.144726 0.516489 1.393725
v -0.164600 0.568714 1.377538
v -0.157595 0.625526 1.393578
v -0.129226 0.653359 1.430740
v -0.141970 0.614958 1.371605
v -0.118575 0.601843 1.359684
v -0.143897 0.586161 1.362179
v -0.128745 0.651381 1.414135
v -0.118575 0.646463 1.398850
v -0.136492 0.637894 1.390301
v -0.136492 0.528763 1.375309
v -0.118575 0.518204 1.381231
v -0.128745 0.509348 1.394625
v -0.118575 0.571735 1.355548
v -0.141970 0.555889 1.363491
v -0.118575 0.628088 1.374936
v -0.118575 0.654057 1.425652
v -0.118575 0.503666 1.404995
v -0.118575 0.542349 1.363158
v -0.100659 0.528763 1.375309
v -0.092426 0.516489 1.393725
v -0.108408 0.509348 1.394625
v -0.093252 0.586161 1.362179
v -0.072548 0.568714 1.377538
v -0.095179 0.555889 1.363491
v -0.100659 0.637894 1.390301
v -0.079555 0.625526 1.393578
v -0.095179 0.614958 1.371605
v -0.107926 0.653359 1.430740
v -0.108408 0.651381 1.414135
v -0.107926 0.502968 1.410084
v -0.079555 0.539789 1.381800
v -0.072548 0.598822 1.381673
v -0.092426 0.644749 1.411342
v -0.075321 0.633879 1.419525
v -0.063394 0.619345 1.438584
v -0.062095 0.609716 1.409767
v -0.103514 0.651671 1.443024
v -0.094028 0.649103 1.430721
v -0.094028 0.507069 1.411213
v -0.103514 0.501280 1.422369
v -0.062095 0.550648 1.401653
v -0.063394 0.533606 1.426808
v -0.075321 0.524748 1.404535
v -0.053485 0.591528 1.434764
v -0.057440 0.580486 1.403487
v -0.081595 0.640604 1.441504
v -0.081595 0.512344 1.423889
v -0.053485 0.561421 1.430628
v -0.094028 0.503847 1.434672
v -0.107926 0.499592 1.434653
v -0.062095 0.543234 1.455625
v -0.079555 0.527424 1.471815
v -0.075321 0.519070 1.445867
v -0.062095 0.602303 1.463739
v 0.101017 0.636364 1.344613
v 0.119665 0.639551 1.304378
v 0.100386 0.733189 1.230869
v 0.044814 0.635325 1.398722
v 0.095432 0.743294 1.264692
v 0.075766 0.733532 1.335046
v 0.070314 0.638146 1.211965
v 0.136541 0.633894 1.240558
v 0.034655 0.733461 1.368928
v 0.051898 0.742376 1.197309
v 0.034434 0.813328 1.281850
v 0.037460 0.818274 1.239766
v 0.029879 0.796349 1.322710
v 0.129688 0.638600 1.271147
v 0.088056 0.743273 1.299483
v 0.039462 0.807406 1.198569
v -0.097788 0.636364 1.344613
v -0.116436 0.639551 1.304379
v -0.097157 0.733189 1.230869
v -0.041585 0.635325 1.398722
v -0.092203 0.743294 1.264692
v -0.072538 0.733532 1.335046
v -0.067086 0.638146 1.211965
v -0.133312 0.633894 1.240558
v -0.031426 0.733461 1.368928
v -0.048669 0.742376 1.197309
v -0.031205 0.813328 1.281850
v -0.034231 0.818274 1.239766
v -0.026650 0.796349 1.322710
v -0.126459 0.638600 1.271147
v -0.084827 0.743273 1.299483
v -0.036233 0.807406 1.198569
v -0.304910 -0.141699 1.378428
v -0.459476 0.070557 1.297598
v -0.432675 0.327753 1.248223
v -0.069328 0.643599 1.237346
v -0.081346 0.630873 1.037641
v -0.496176 0.300882 1.073561
v -0.527575 0.039011 1.153855
v -0.360679 -0.170643 1.266297
v -0.095399 0.231970 1.736737
v -0.077645 -0.214531 1.519314
v -0.221595 0.525829 1.399844
v -0.393830 0.087618 1.434270
v -0.046891 0.322767 1.730635
v -0.376455 0.327879 1.405020
v -0.094622 0.165932 1.740870
v -0.154535 0.435209 1.629573
v -0.047620 -0.081219 1.684100
v -0.252158 0.293930 1.637942
v -0.256564 0.117590 1.653082
v -0.054973 0.577738 1.522309
v -0.317492 0.314838 1.534070
v -0.207964 -0.075066 1.586865
v -0.327411 0.100222 1.555364
v -0.033861 -0.004290 1.725760
v -0.182491 0.139633 1.710685
v -0.182042 0.265694 1.701586
v -0.115783 0.374382 1.695232
v -0.044242 0.092228 1.744082
v -0.100709 0.578192 0.806683
v -0.582939 0.003304 1.045166
v -0.403961 -0.211628 1.161312
v -0.558085 0.242272 0.932571
v -0.345860 0.450371 0.837774
v -0.035760 0.430990 1.693932
v -0.190686 0.489544 1.526241
v -0.045009 0.504301 1.626427
v -0.063189 0.627914 1.395438
v -0.292394 0.520619 1.046516
v -0.250239 0.537895 1.241608
v -0.386754 0.330206 0.567030
v -0.694353 -0.090202 0.543363
v -0.143964 -0.370640 1.191156
v -0.228592 -0.171148 0.160808
v -0.546116 -0.548410 0.743464
v -0.427135 -0.427164 1.015724
v -0.625232 -0.325085 0.758828
v -0.173151 -0.146560 0.166688
v -0.378612 -0.563845 0.997656
v -0.163128 -0.254894 0.155250
v -0.213749 -0.272493 0.156249
v -0.513040 -0.484699 0.466777
v -0.109614 0.441256 0.519177
v -0.348865 -0.736309 0.691989
v -0.060279 -0.721969 0.468539
v -0.209378 -0.728348 0.538455
v -0.265502 -0.674753 1.057319
v -0.186294 -0.860971 0.995093
v -0.033340 -0.903475 0.801866
v -0.113505 -0.890093 0.874556
v -0.200378 -0.810776 1.092839
v -0.146496 -0.759775 1.152103
v -0.087605 -0.893343 1.205244
v -0.015820 -0.923950 1.086971
v -0.053770 -0.914486 1.137563
v -0.095576 -0.861980 1.237225
v -0.053441 -0.815361 1.243644
v -0.147807 0.122833 0.271531
v -0.323961 0.072594 0.291122
v -0.401904 -0.114332 0.262134
v -0.077097 0.000681 0.229274
v -0.122862 -0.446144 0.228256
v -0.245314 -0.461378 0.266192
v -0.073353 -0.286960 0.208105
v -0.344459 -0.366966 0.259310
v -0.688022 0.006605 0.979621
v -0.609662 -0.137373 0.476138
v -0.376183 -0.716028 0.893701
v -0.724365 -0.095758 0.888137
v -0.692539 0.114174 0.713272
v -0.672220 -0.209061 0.973811
v -0.654390 0.207955 0.846300
v -0.616352 0.237923 0.595133
v -0.677717 -0.361206 0.917672
v -0.472344 -0.731283 0.663907
v -0.600395 -0.346128 0.457305
v -0.649562 -0.290529 0.782241
v -0.585662 0.036373 0.379363
v -0.635719 -0.086958 0.498916
v -0.724378 -0.278158 0.787636
v -0.408965 -0.813070 0.829708
v -0.474994 -0.783180 0.894924
v -0.561442 -0.282259 0.338386
v -0.648740 -0.494062 0.883181
v -0.536614 -0.674814 0.831865
v -0.487556 -0.734705 0.843395
v -0.622333 -0.447971 0.744433
v -0.553207 -0.701498 0.879054
v -0.573563 -0.686722 0.814772
v -0.525231 -0.735748 0.821485
v -0.611460 -0.488060 0.904661
v -0.592738 -0.287130 0.358362
v -0.451860 -0.725448 0.651430
v -0.682312 -0.446874 0.751835
v -0.501792 -0.733805 0.736543
v -0.535031 -0.689386 0.899319
v -0.456273 -0.779215 0.918803
v -0.387418 -0.812401 0.842542
v -0.621785 0.028942 0.396420
v -0.654390 -0.343900 0.506164
v -0.625412 -0.369390 0.939667
v -0.572259 0.248953 0.594160
v -0.609687 0.217896 0.864920
v -0.607433 -0.227335 0.996506
v -0.633817 0.000187 1.002595
v -0.573630 -0.592661 0.768103
v -0.619670 -0.597311 0.768369
v -0.571751 -0.605095 0.896952
v -0.556999 -0.565637 0.541864
v -0.560326 -0.554024 0.477700
v -0.601526 -0.563505 0.585547
v -0.597466 -0.616546 0.876554
v -0.536123 -0.549354 0.454681
v -0.460062 -0.733833 0.730250
v -0.052247 -0.733171 1.187279
v -0.089084 -0.646164 1.139781
v -0.125053 -0.550970 1.121078
v -0.142200 -0.453003 1.139317
v -0.432235 -0.295164 1.078998
v -0.133956 -0.316015 1.261237
v -0.114332 0.038982 1.719874
v -0.062332 -0.156431 1.609834
v -0.161553 -0.020718 1.671003
v -0.253427 -0.114414 1.484904
v -0.118232 -0.278891 1.340386
v -0.097199 -0.248493 1.429871
v 0.308132 -0.141699 1.378428
v 0.462698 0.070557 1.297598
v 0.435898 0.327755 1.248223
v 0.072550 0.643599 1.237346
v 0.084567 0.630873 1.037641
v 0.499399 0.300882 1.073561
v 0.530797 0.039013 1.153855
v 0.363902 -0.170643 1.266297
v 0.098620 0.231970 1.736737
v 0.080866 -0.214531 1.519314
v 0.224818 0.525829 1.399844
v 0.397052 0.087618 1.434270
v 0.050113 0.322767 1.730635
v 0.379677 0.327879 1.405020
v 0.097844 0.165932 1.740870
v 0.157758 0.435209 1.629573
v 0.050842 -0.081219 1.684100
v 0.255380 0.293930 1.637942
v 0.259786 0.117590 1.653082
v 0.058195 0.577738 1.522309
v 0.320715 0.314840 1.534070
v 0.211185 -0.075066 1.586864
v 0.330632 0.100222 1.555364
v 0.037083 -0.004290 1.725760
v 0.185713 0.139633 1.710685
v 0.185264 0.265694 1.701586
v 0.119006 0.374382 1.695232
v 0.047463 0.092228 1.744082
v 0.103931 0.578192 0.806684
v 0.586161 0.003304 1.045166
v 0.407183 -0.211628 1.161312
v 0.561307 0.242272 0.932571
v 0.349083 0.450371 0.837774
v 0.038983 0.430990 1.693932
v 0.193909 0.489544 1.526241
v 0.048230 0.504301 1.626427
v 0.066410 0.627914 1.395438
v 0.295617 0.520619 1.046516
v 0.253461 0.537895 1.241608
v 0.389975 0.330206 0.567030
v 0.697576 -0.090204 0.543364
v 0.147186 -0.370640 1.191156
v 0.231816 -0.171148 0.160808
v 0.549339 -0.548410 0.743464
v 0.430357 -0.427164 1.015724
v 0.628455 -0.325085 0.758828
v 0.176374 -0.146560 0.166688
v 0.381836 -0.563845 0.997656
v 0.166350 -0.254894 0.155250
v 0.216972 -0.272493 0.156249
v 0.516262 -0.484699 0.466777
v 0.112836 0.441256 0.519177
v 0.352087 -0.736309 0.691989
v 0.063500 -0.721969 0.468539
v 0.212601 -0.728348 0.538455
v 0.268724 -0.674753 1.057319
v 0.189516 -0.860971 0.995093
v 0.036561 -0.903475 0.801866
v 0.116726 -0.890093 0.874556
v 0.203600 -0.810776 1.092839
v 0.149718 -0.759775 1.152103
v 0.090826 -0.893343 1.205244
v 0.019040 -0.923950 1.086971
v 0.056990 -0.914486 1.137563
v 0.098798 -0.861980 1.237225
v 0.056662 -0.815361 1.243644
v 0.151029 0.122833 0.271531
v 0.327184 0.072594 0.291122
v 0.405127 -0.114332 0.262134
v 0.080318 0.000681 0.229274
v 0.126084 -0.446144 0.228256
v 0.248538 -0.461378 0.266192
v 0.076575 -0.286960 0.208105
v 0.347683 -0.366966 0.259310
v 0.691244 0.006603 0.979621
v 0.612884 -0.137373 0.476138
v 0.379405 -0.716028 0.893701
v 0.727587 -0.095760 0.888138
v 0.695761 0.114170 0.713273
v 0.675442 -0.209061 0.973811
v 0.657611 0.207953 0.846301
v 0.619573 0.237921 0.595134
v 0.680940 -0.361206 0.917672
v 0.475565 -0.731283 0.663907
v 0.603617 -0.346128 0.457305
v 0.652783 -0.290529 0.782241
v 0.588884 0.036373 0.379363
v 0.638940 -0.086958 0.498916
v 0.727601 -0.278160 0.787636
v 0.412187 -0.813070 0.829708
v 0.478216 -0.783180 0.894924
v 0.564664 -0.282259 0.338386
v 0.651962 -0.494062 0.883181
v 0.539836 -0.674814 0.831865
v 0.490778 -0.734705 0.843395
v 0.625554 -0.447971 0.744433
v 0.556430 -0.701498 0.879054
v 0.576787 -0.686722 0.814772
v 0.528455 -0.735748 0.821485
v 0.614683 -0.488060 0.904661
v 0.595960 -0.287130 0.358362
v 0.455082 -0.725448 0.651430
v 0.685534 -0.446874 0.751835
v 0.505015 -0.733805 0.736543
v 0.538253 -0.689386 0.899319
v 0.459495 -0.779215 0.918802
v 0.390640 -0.812401 0.842542
v 0.625008 0.028940 0.396421
v 0.657613 -0.343900 0.506164
v 0.628634 -0.369390 0.939667
v 0.575481 0.248953 0.594160
v 0.612909 0.217896 0.864920
v 0.610655 -0.227335 0.996506
v 0.637039 0.000187 1.002595
v 0.576853 -0.592661 0.768103
v 0.622892 -0.597311 0.768369
v 0.574974 -0.605095 0.896952
v 0.560221 -0.565637 0.541864
v 0.563547 -0.554024 0.477700
v 0.604748 -0.563505 0.585547
v 0.600688 -0.616546 0.876554
v 0.539345 -0.549354 0.454681
v 0.463285 -0.733833 0.730249
v 0.055469 -0.733171 1.187279
v 0.092306 -0.646164 1.139781
v 0.128274 -0.550970 1.121078
v 0.145421 -0.453003 1.139317
v 0.435457 -0.295164 1.078998
v 0.137177 -0.316015 1.261237
v 0.117556 0.038982 1.719874
v 0.065553 -0.156431 1.609834
v 0.164775 -0.020718 1.671003
v 0.256648 -0.114414 1.484903
v 0.121454 -0.278891 1.340386
v 0.100419 -0.248493 1.429871
v -0.034194 0.019039 1.897940
v -0.034194 -0.149757 1.754897
v -0.054195 -0.116381 1.846478
v -0.047172 -0.029223 1.898111
v -0.020295 0.054573 1.884074
v -0.020295 -0.141907 1.717569
v -0.047172 -0.142008 1.802533
v -0.054195 -0.076777 1.880040
v -0.119442 -0.074198 1.796701
v -0.102485 0.006538 1.855912
v -0.037600 0.065762 1.870872
v -0.037600 -0.130720 1.704367
v -0.102485 -0.106247 1.760335
v -0.119442 -0.034594 1.830263
v -0.071152 0.042932 1.869744
v -0.071152 -0.125862 1.726701
v -0.037600 -0.114899 1.685697
v -0.102485 -0.055674 1.700657
v -0.119442 0.025061 1.759868
v -0.071152 0.076725 1.829868
v -0.071152 -0.092070 1.686826
v -0.119442 -0.014544 1.726306
v -0.102485 0.057110 1.796234
v -0.037600 0.081583 1.852202
v -0.054195 0.067244 1.710091
v -0.034194 0.100620 1.801672
v -0.034194 -0.068176 1.658629
v -0.054195 0.027639 1.676529
v -0.047172 0.092871 1.754036
v -0.020295 0.092770 1.839000
v -0.020295 -0.103710 1.672496
v -0.047172 -0.019915 1.658458
v 0.018075 -0.068176 1.658629
v 0.038077 0.027639 1.676529
v 0.031053 0.092871 1.754036
v 0.004177 0.092770 1.839000
v 0.004177 -0.103710 1.672496
v 0.031053 -0.019915 1.658458
v 0.038077 0.067244 1.710091
v 0.018075 0.100620 1.801672
v 0.086367 0.057110 1.796234
v 0.021482 0.081583 1.852202
v 0.021482 -0.114899 1.685697
v 0.086367 -0.055674 1.700657
v 0.103324 0.025061 1.759868
v 0.055035 0.076725 1.829868
v 0.055035 -0.092070 1.686826
v 0.103324 -0.014544 1.726306
v 0.021482 -0.130720 1.704367
v 0.086367 -0.106247 1.760335
v 0.103324 -0.034594 1.830263
v 0.055035 0.042932 1.869744
v 0.055035 -0.125862 1.726701
v 0.103324 -0.074198 1.796701
v 0.086367 0.006538 1.855912
v 0.021482 0.065762 1.870872
v 0.018075 0.019039 1.897940
v 0.018075 -0.149757 1.754897
v 0.038077 -0.116381 1.846478
v 0.031053 -0.029223 1.898111
v 0.004177 0.054573 1.884074
v 0.004177 -0.141907 1.717569
v 0.031053 -0.142008 1.802533
v 0.038077 -0.076777 1.880040
v -0.034194 0.573362 1.695775
v -0.034194 0.404730 1.839010
v -0.054195 0.500523 1.821001
v -0.047172 0.565668 1.743420
v -0.020295 0.565470 1.658456
v -0.020295 0.369179 1.825183
v -0.047172 0.452991 1.839126
v -0.054195 0.540091 1.787393
v -0.119442 0.458284 1.771272
v -0.102485 0.529860 1.701262
v -0.037600 0.554268 1.645267
v -0.037600 0.357975 1.811995
v -0.102485 0.417183 1.796968
v -0.119442 0.497850 1.737664
v -0.071152 0.549435 1.667606
v -0.071152 0.380802 1.810840
v -0.037600 0.342133 1.793342
v -0.102485 0.366541 1.737347
v -0.119442 0.438116 1.667337
v -0.071152 0.515598 1.627769
v -0.071152 0.346966 1.771003
v -0.119442 0.398550 1.700945
v -0.102485 0.479218 1.641641
v -0.037600 0.538426 1.626615
v -0.054195 0.395878 1.617608
v -0.034194 0.491671 1.599600
v -0.034194 0.323038 1.742834
v -0.054195 0.356310 1.651216
v -0.047172 0.443409 1.599483
v -0.020295 0.527222 1.613426
v -0.020295 0.330931 1.780154
v -0.047172 0.330732 1.695189
v 0.018075 0.323038 1.742834
v 0.038077 0.356310 1.651216
v 0.031053 0.443409 1.599483
v 0.004177 0.527222 1.613426
v 0.004177 0.330931 1.780154
v 0.031053 0.330732 1.695189
v 0.038077 0.395878 1.617608
v 0.018075 0.491671 1.599600
v 0.086367 0.479218 1.641641
v 0.021482 0.538426 1.626615
v 0.021482 0.342133 1.793342
v 0.086367 0.366541 1.737347
v 0.103324 0.438116 1.667337
v 0.055035 0.515598 1.627769
v 0.055035 0.346966 1.771003
v 0.103324 0.398550 1.700945
v 0.021482 0.357975 1.811995
v 0.086367 0.417183 1.796968
v 0.103324 0.497850 1.737664
v 0.055035 0.549435 1.667606
v 0.055035 0.380802 1.810840
v 0.103324 0.458284 1.771272
v 0.086367 0.529860 1.701262
v 0.021482 0.554268 1.645267
v 0.018075 0.573362 1.695775
v 0.018075 0.404730 1.839009
v 0.038077 0.500523 1.821001
v 0.031053 0.565668 1.743420
v 0.004177 0.565470 1.658456
v 0.004177 0.369179 1.825183
v 0.031053 0.452991 1.839126
v 0.038077 0.540091 1.787393
v -0.038523 0.342405 1.887582
v -0.038523 0.087934 1.845555
v -0.061840 0.176144 1.917177
v -0.053652 0.294233 1.916645
v -0.022323 0.369648 1.852439
v -0.022323 0.073439 1.803518
v -0.053652 0.124203 1.888564
v -0.061840 0.235851 1.927038
v -0.137899 0.188538 1.842135
v -0.118131 0.304741 1.853028
v -0.042494 0.372934 1.832536
v -0.042494 0.076727 1.783616
v -0.118131 0.134710 1.824947
v -0.137899 0.248245 1.851996
v -0.081607 0.349424 1.845074
v -0.081607 0.094955 1.803047
v -0.042494 0.081375 1.755470
v -0.118131 0.149569 1.734978
v -0.137899 0.265772 1.745871
v -0.081607 0.359352 1.784959
v -0.081607 0.104883 1.742932
v -0.137899 0.206064 1.736010
v -0.118131 0.319599 1.763059
v -0.042494 0.377583 1.804390
v -0.061840 0.278164 1.670829
v -0.038523 0.366373 1.742451
v -0.038523 0.111904 1.700425
v -0.061840 0.218458 1.660968
v -0.053652 0.330105 1.699442
v -0.022323 0.380869 1.784488
v -0.022323 0.084661 1.735568
v -0.053652 0.160074 1.671361
v 0.022406 0.111904 1.700425
v 0.045722 0.218458 1.660968
v 0.037535 0.330105 1.699442
v 0.006205 0.380869 1.784488
v 0.006205 0.084661 1.735568
v 0.037535 0.160074 1.671361
v 0.045722 0.278164 1.670829
v 0.022406 0.366373 1.742451
v 0.102014 0.319599 1.763059
v 0.026376 0.377583 1.804390
v 0.026376 0.081375 1.755470
v 0.102014 0.149569 1.734978
v 0.121781 0.265772 1.745871
v 0.065489 0.359352 1.784959
v 0.065489 0.104883 1.742932
v 0.121781 0.206064 1.736010
v 0.026376 0.076727 1.783616
v 0.102014 0.134710 1.824947
v 0.121781 0.248245 1.851996
v 0.065489 0.349424 1.845074
v 0.065489 0.094955 1.803047
v 0.121781 0.188538 1.842135
v 0.102014 0.304741 1.853028
v 0.026376 0.372934 1.832536
v 0.022406 0.342405 1.887582
v 0.022406 0.087934 1.845555
v 0.045722 0.176144 1.917177
v 0.037535 0.294233 1.916645
v 0.006205 0.369648 1.852439
v 0.006205 0.073439 1.803518
v 0.037535 0.124203 1.888564
v 0.045722 0.235851 1.927038
v -0.132684 0.635208 1.480791
v -0.132684 0.506949 1.463173
v -0.143406 0.551924 1.499777
v -0.139627 0.611292 1.497206
v -0.125218 0.648617 1.461449
v -0.125218 0.499252 1.440934
v -0.139627 0.525553 1.485428
v -0.143406 0.582031 1.503913
v -0.178521 0.557488 1.459271
v -0.169396 0.616009 1.462867
v -0.134610 0.650105 1.450615
v -0.134610 0.500740 1.430101
v -0.169396 0.530270 1.451090
v -0.178521 0.587593 1.463407
v -0.152635 0.638369 1.457777
v -0.152635 0.510109 1.440161
v -0.134610 0.502846 1.414778
v -0.169396 0.536942 1.402526
v -0.178521 0.595463 1.406121
v -0.152635 0.642839 1.425231
v -0.152635 0.514580 1.407615
v -0.178521 0.565355 1.401986
v -0.169396 0.622679 1.414303
v -0.134610 0.652210 1.435293
v -0.143406 0.601027 1.365615
v -0.132684 0.646000 1.402219
v -0.132684 0.517742 1.384601
v -0.143406 0.570919 1.361480
v -0.139627 0.627396 1.379964
v -0.125218 0.653698 1.424459
v -0.125218 0.504334 1.403944
v -0.139627 0.541658 1.368186
v -0.104468 0.517742 1.384601
v -0.093743 0.570919 1.361480
v -0.097523 0.627396 1.379964
v -0.111934 0.653698 1.424459
v -0.111934 0.504334 1.403944
v -0.097523 0.541658 1.368186
v -0.093743 0.601027 1.365615
v -0.104468 0.646000 1.402219
v -0.067753 0.622679 1.414303
v -0.102542 0.652210 1.435293
v -0.102542 0.502846 1.414778
v -0.067753 0.536942 1.402526
v -0.058627 0.595463 1.406121
v -0.084517 0.642839 1.425231
v -0.084517 0.514580 1.407615
v -0.058627 0.565355 1.401986
v -0.102542 0.500740 1.430101
v -0.067753 0.530270 1.451090
v -0.058627 0.587593 1.463407
v -0.084517 0.638369 1.457777
v -0.084517 0.510109 1.440161
v -0.058627 0.557488 1.459271
v -0.067753 0.616009 1.462867
v -0.102542 0.650105 1.450615
v -0.104468 0.635208 1.480791
v -0.104468 0.506949 1.463173
v -0.093743 0.551924 1.499777
v -0.097523 0.611292 1.497206
v -0.111934 0.648617 1.461449
v -0.111934 0.499252 1.440934
v -0.097523 0.525553 1.485428
v -0.093743 0.582031 1.503913
v 0.135904 0.635208 1.480791
v 0.135904 0.506949 1.463173
v 0.146629 0.551922 1.499777
v 0.142848 0.611292 1.497206
v 0.128438 0.648617 1.461449
v 0.128438 0.499252 1.440934
v 0.142848 0.525553 1.485428
v 0.146629 0.582029 1.503913
v 0.181745 0.557488 1.459271
v 0.172618 0.616009 1.462867
v 0.137831 0.650105 1.450615
v 0.137831 0.500740 1.430101
v 0.172618 0.530270 1.451090
v 0.181745 0.587593 1.463407
v 0.155856 0.638369 1.457777
v 0.155856 0.510109 1.440161
v 0.137831 0.502846 1.414778
v 0.172618 0.536942 1.402526
v 0.181745 0.595463 1.406121
v 0.155856 0.642839 1.425231
v 0.155856 0.514580 1.407615
v 0.181745 0.565355 1.401986
v 0.172618 0.622679 1.414303
v 0.137831 0.652210 1.435293
v 0.146629 0.601027 1.365615
v 0.135904 0.646000 1.402219
v 0.135904 0.517742 1.384601
v 0.146629 0.570919 1.361480
v 0.142848 0.627396 1.379964
v 0.128438 0.653698 1.424459
v 0.128438 0.504334 1.403944
v 0.142848 0.541658 1.368186
v 0.107690 0.517742 1.384601
v 0.096968 0.570919 1.361480
v 0.100747 0.627396 1.379964
v 0.115157 0.653698 1.424459
v 0.115157 0.504334 1.403944
v 0.100747 0.541658 1.368186
v 0.096968 0.601027 1.365615
v 0.107690 0.646000 1.402219
v 0.070979 0.622679 1.414303
v 0.105765 0.652210 1.435293
v 0.105765 0.502846 1.414778
v 0.070979 0.536942 1.402526
v 0.061853 0.595463 1.406121
v 0.087740 0.642839 1.425231
v 0.087740 0.514580 1.407615
v 0.061853 0.565355 1.401986
v 0.105765 0.500740 1.430101
v 0.070979 0.530270 1.451090
v 0.061853 0.587593 1.463407
v 0.087740 0.638369 1.457777
v 0.087740 0.510109 1.440161
v 0.061853 0.557488 1.459271
v 0.070979 0.616009 1.462867
v 0.105765 0.650105 1.450615
v 0.107690 0.635208 1.480791
v 0.107690 0.506949 1.463173
v 0.096968 0.551922 1.499777
v 0.100747 0.611292 1.497206
v 0.115157 0.648617 1.461449
v 0.115157 0.499252 1.440934
v 0.100747 0.525553 1.485428
v 0.096968 0.582029 1.503913
v -0.340139 -0.086836 0.015700
v -0.324883 -0.110986 -0.001165
v -0.290276 -0.147388 -0.005573
v -0.335990 -0.095768 0.006979
v -0.308593 -0.129001 -0.005573
v -0.275943 -0.164877 -0.001165
v -0.342610 -0.102730 0.016586
v -0.320281 -0.141290 0.011387
v -0.288474 -0.176536 0.013212
v -0.343239 -0.090095 0.020198
v -0.334792 -0.121404 0.013212
v -0.302619 -0.159988 0.011387
v -0.342610 -0.102730 0.030172
v -0.320281 -0.141290 0.035371
v -0.288474 -0.176536 0.033545
v -0.343239 -0.090095 0.026559
v -0.334792 -0.121404 0.033545
v -0.302619 -0.159988 0.035371
v -0.340139 -0.086836 0.031057
v -0.324883 -0.110986 0.047923
v -0.290276 -0.147388 0.052330
v -0.335990 -0.095768 0.039779
v -0.308593 -0.129001 0.052331
v -0.275943 -0.164877 0.047923
v -0.310870 -0.096254 0.047923
v -0.273080 -0.129694 0.052330
v -0.326626 -0.085924 0.039779
v -0.292064 -0.111622 0.052330
v -0.258043 -0.148302 0.047923
v -0.335755 -0.082226 0.031057
v -0.320006 -0.078962 0.030172
v -0.280375 -0.099333 0.035371
v -0.246869 -0.137285 0.033545
v -0.332656 -0.078968 0.026559
v -0.300961 -0.085836 0.033545
v -0.261381 -0.117399 0.035371
v -0.280375 -0.099333 0.011387
v -0.246869 -0.137285 0.013212
v -0.332656 -0.078968 0.020198
v -0.300961 -0.085836 0.013212
v -0.261381 -0.117399 0.011387
v -0.320006 -0.078962 0.016586
v -0.335755 -0.082226 0.015700
v -0.310870 -0.096254 -0.001165
v -0.273080 -0.129694 -0.005573
v -0.326626 -0.085924 0.006979
v -0.292064 -0.111622 -0.005573
v -0.258043 -0.148302 -0.001165
v -0.214961 -0.029699 0.015700
v -0.221947 -0.057399 -0.001165
v -0.223773 -0.107832 -0.005573
v -0.218574 -0.038862 0.006979
v -0.223773 -0.081617 -0.005573
v -0.221947 -0.132051 -0.001165
v -0.228180 -0.038862 0.016586
v -0.240732 -0.081617 0.011387
v -0.236324 -0.132051 0.013212
v -0.219458 -0.029699 0.020198
v -0.236324 -0.057399 0.013212
v -0.240732 -0.107832 0.011387
v -0.228180 -0.038862 0.030172
v -0.240732 -0.081617 0.035371
v -0.236324 -0.132051 0.033545
v -0.219458 -0.029699 0.026560
v -0.236324 -0.057399 0.033545
v -0.240732 -0.107832 0.035371
v -0.214961 -0.029699 0.031057
v -0.221947 -0.057399 0.047923
v -0.223773 -0.107832 0.052331
v -0.218574 -0.038862 0.039779
v -0.223773 -0.081617 0.052331
v -0.221947 -0.132051 0.047923
v -0.237064 -0.145235 0.032194
v -0.237064 -0.145235 0.014564
v -0.236497 -0.169212 0.041004
v -0.263629 -0.211530 0.002230
v -0.274088 -0.212463 0.032193
v -0.263629 -0.211549 0.044525
v -0.222359 -0.262245 0.002478
v -0.220596 -0.282541 0.036678
v -0.238787 -0.298729 0.025944
v -0.221412 -0.309908 0.023176
v -0.253340 -0.272220 0.031110
v -0.265947 -0.237064 0.032222
v -0.265947 -0.237064 0.014535
v -0.253340 -0.272220 0.014109
v -0.221412 -0.309908 0.008541
v -0.238787 -0.298729 0.011755
v -0.251422 -0.176672 0.002151
v -0.250169 -0.208936 0.044512
v -0.220596 -0.207035 0.002097
v -0.247981 -0.236168 0.045153
v -0.236497 -0.274563 0.038163
v -0.236497 -0.169212 0.005754
v -0.274088 -0.212463 0.014565
v -0.236497 -0.237583 0.004562
v -0.248307 -0.236673 0.001599
v -0.279858 -0.194759 0.014564
v -0.236497 -0.207372 0.005762
v -0.220596 -0.166956 0.002097
v -0.220596 -0.166956 0.044661
v -0.251422 -0.176677 0.044605
v -0.250169 -0.208917 0.002243
v -0.268102 -0.187582 0.044610
v -0.279858 -0.194759 0.032194
v -0.268102 -0.187574 0.002147
v -0.236497 -0.207372 0.040995
v -0.236497 -0.238563 0.042196
v -0.223129 -0.230221 0.052312
v -0.248064 -0.259329 0.042663
v -0.257179 -0.235866 0.043994
v -0.236497 -0.273582 0.003951
v -0.248390 -0.259847 0.003207
v -0.257505 -0.236023 0.002758
v -0.083421 -0.086836 0.015700
v -0.098677 -0.110986 -0.001165
v -0.133283 -0.147388 -0.005573
v -0.087571 -0.095768 0.006979
v -0.114967 -0.129001 -0.005573
v -0.147616 -0.164877 -0.001165
v -0.080950 -0.102730 0.016586
v -0.103279 -0.141290 0.011387
v -0.135086 -0.176536 0.013212
v -0.080321 -0.090095 0.020198
v -0.088769 -0.121404 0.013212
v -0.120940 -0.159988 0.011387
v -0.080950 -0.102730 0.030172
v -0.103279 -0.141290 0.035371
v -0.135086 -0.176536 0.033545
v -0.080321 -0.090095 0.026559
v -0.088769 -0.121404 0.033545
v -0.120940 -0.159988 0.035371
v -0.083421 -0.086836 0.031057
v -0.098677 -0.110986 0.047923
v -0.133283 -0.147388 0.052330
v -0.087571 -0.095768 0.039779
v -0.114967 -0.129001 0.052331
v -0.147616 -0.164877 0.047923
v -0.112690 -0.096254 0.047923
v -0.150480 -0.129694 0.052330
v -0.096934 -0.085924 0.039779
v -0.131497 -0.111622 0.052330
v -0.165516 -0.148302 0.047923
v -0.087805 -0.082226 0.031057
v -0.103554 -0.078962 0.030172
v -0.143185 -0.099333 0.035371
v -0.176691 -0.137285 0.033545
v -0.090904 -0.078968 0.026559
v -0.122598 -0.085836 0.033545
v -0.162180 -0.117399 0.035371
v -0.143185 -0.099333 0.011387
v -0.176691 -0.137285 0.013212
v -0.090904 -0.078968 0.020198
v -0.122598 -0.085836 0.013212
v -0.162180 -0.117399 0.011387
v -0.103554 -0.078962 0.016586
v -0.087805 -0.082226 0.015700
v -0.112690 -0.096254 -0.001165
v -0.150480 -0.129694 -0.005573
v -0.096934 -0.085924 0.006979
v -0.131497 -0.111622 -0.005573
v -0.165516 -0.148302 -0.001165
v -0.208601 -0.029699 0.015700
v -0.201614 -0.057399 -0.001165
v -0.199788 -0.107832 -0.005573
v -0.204988 -0.038862 0.006979
v -0.199788 -0.081617 -0.005573
v -0.201614 -0.132051 -0.001165
v -0.195380 -0.038862 0.016586
v -0.182829 -0.081617 0.011387
v -0.187236 -0.132051 0.013212
v -0.204103 -0.029699 0.020198
v -0.187236 -0.057399 0.013212
v -0.182829 -0.107832 0.011387
v -0.195380 -0.038862 0.030172
v -0.182829 -0.081617 0.035371
v -0.187236 -0.132051 0.033545
v -0.204103 -0.029699 0.026560
v -0.187236 -0.057399 0.033545
v -0.182829 -0.107832 0.035371
v -0.208601 -0.029699 0.031057
v -0.201614 -0.057399 0.047923
v -0.199788 -0.107832 0.052331
v -0.204988 -0.038862 0.039779
v -0.199788 -0.081617 0.052331
v -0.201614 -0.132051 0.047923
v -0.186496 -0.145235 0.032194
v -0.186496 -0.145235 0.014564
v -0.187064 -0.169212 0.041004
v -0.159932 -0.211530 0.002230
v -0.149472 -0.212463 0.032193
v -0.159931 -0.211549 0.044525
v -0.201202 -0.262245 0.002478
v -0.202965 -0.282541 0.036678
v -0.184773 -0.298729 0.025944
v -0.202149 -0.309908 0.023176
v -0.170220 -0.272220 0.031110
v -0.157613 -0.237064 0.032222
v -0.157613 -0.237064 0.014535
v -0.170220 -0.272220 0.014109
v -0.202149 -0.309908 0.008541
v -0.184773 -0.298729 0.011755
v -0.172138 -0.176672 0.002151
v -0.173390 -0.208936 0.044512
v -0.200447 -0.218235 0.052786
v -0.202965 -0.207035 0.002097
v -0.175578 -0.236168 0.045153
v -0.187064 -0.274563 0.038163
v -0.187064 -0.169212 0.005754
v -0.149472 -0.212463 0.014565
v -0.187064 -0.237583 0.004562
v -0.175253 -0.236673 0.001599
v -0.143703 -0.194759 0.014564
v -0.187064 -0.207372 0.005762
v -0.202965 -0.166956 0.002097
v -0.202965 -0.166956 0.044661
v -0.172138 -0.176677 0.044605
v -0.173390 -0.208917 0.002243
v -0.155458 -0.187582 0.044610
v -0.143703 -0.194759 0.032194
v -0.155458 -0.187574 0.002147
v -0.187064 -0.207372 0.040995
v -0.187064 -0.238563 0.042196
v -0.200440 -0.230219 0.052325
v -0.175496 -0.259329 0.042663
v -0.166381 -0.235866 0.043994
v -0.187064 -0.273582 0.003951
v -0.175170 -0.259847 0.003207
v -0.166055 -0.236023 0.002758
v -0.226138 -0.212734 0.042452
v -0.218438 -0.200275 0.044870
v -0.226138 -0.235471 0.042215
v -0.218438 -0.249233 0.043413
v -0.197424 -0.212734 0.042452
v -0.205124 -0.200275 0.044870
v -0.197424 -0.235471 0.042215
v -0.205124 -0.249233 0.043413
v -0.207177 -0.239486 0.052884
v -0.207201 -0.209408 0.053950
v -0.216385 -0.239486 0.052884
v -0.216415 -0.209409 0.053935
v -0.223142 -0.218240 0.052758
v -0.206194 -0.204595 0.162351
v -0.197372 -0.215805 0.161435
v -0.197284 -0.231088 0.161119
v -0.205891 -0.242937 0.161878
v -0.217674 -0.242939 0.161870
v -0.226363 -0.231121 0.160953
v -0.226530 -0.215868 0.161072
v -0.218055 -0.204630 0.162147
v 0.343362 -0.086836 0.015689
v 0.328106 -0.110986 -0.001171
v 0.293498 -0.147388 -0.005579
v 0.339212 -0.095768 0.006973
v 0.311816 -0.129001 -0.005578
v 0.279165 -0.164877 -0.001171
v 0.345833 -0.102730 0.016572
v 0.323503 -0.141290 0.011372
v 0.291696 -0.176536 0.013198
v 0.346463 -0.090095 0.020181
v 0.338015 -0.121404 0.013198
v 0.305841 -0.159988 0.011372
v 0.345833 -0.102730 0.030149
v 0.323503 -0.141290 0.035348
v 0.291696 -0.176536 0.033522
v 0.346463 -0.090095 0.026537
v 0.338015 -0.121404 0.033522
v 0.305841 -0.159988 0.035348
v 0.343362 -0.086836 0.031034
v 0.328106 -0.110986 0.047900
v 0.293498 -0.147388 0.052308
v 0.339212 -0.095768 0.039756
v 0.311816 -0.129001 0.052308
v 0.279165 -0.164877 0.047900
v 0.314094 -0.096254 0.047900
v 0.276302 -0.129694 0.052307
v 0.329850 -0.085924 0.039756
v 0.295287 -0.111622 0.052308
v 0.261266 -0.148302 0.047900
v 0.338978 -0.082227 0.031034
v 0.323229 -0.078962 0.030149
v 0.283598 -0.099334 0.035348
v 0.250092 -0.137285 0.033522
v 0.335879 -0.078968 0.026537
v 0.304185 -0.085836 0.033522
v 0.264603 -0.117399 0.035348
v 0.283598 -0.099334 0.011372
v 0.250092 -0.137285 0.013198
v 0.335879 -0.078968 0.020181
v 0.304185 -0.085836 0.013198
v 0.264603 -0.117399 0.011372
v 0.323229 -0.078962 0.016572
v 0.338978 -0.082227 0.015689
v 0.314094 -0.096254 -0.001171
v 0.276302 -0.129694 -0.005579
v 0.329850 -0.085924 0.006973
v 0.295287 -0.111622 -0.005578
v 0.261266 -0.148302 -0.001171
v 0.218184 -0.029699 0.015689
v 0.225170 -0.057399 -0.001171
v 0.226995 -0.107832 -0.005579
v 0.221796 -0.038862 0.006973
v 0.226995 -0.081617 -0.005579
v 0.225170 -0.132051 -0.001171
v 0.231403 -0.038862 0.016572
v 0.243955 -0.081617 0.011372
v 0.239547 -0.132051 0.013198
v 0.222682 -0.029699 0.020181
v 0.239547 -0.057399 0.013198
v 0.243955 -0.107832 0.011372
v 0.231403 -0.038862 0.030149
v 0.243955 -0.081617 0.035348
v 0.239547 -0.132051 0.033522
v 0.222682 -0.029699 0.026537
v 0.239547 -0.057399 0.033522
v 0.243955 -0.107832 0.035348
v 0.218184 -0.029699 0.031035
v 0.225170 -0.057399 0.047900
v 0.226995 -0.107832 0.052308
v 0.221796 -0.038862 0.039756
v 0.226995 -0.081617 0.052308
v 0.225170 -0.132051 0.047900
v 0.240288 -0.145235 0.032171
v 0.240288 -0.145235 0.014549
v 0.239721 -0.169212 0.040981
v 0.266852 -0.211530 0.002224
v 0.277312 -0.212463 0.032170
v 0.266852 -0.211549 0.044502
v 0.225582 -0.262247 0.002472
v 0.223819 -0.282541 0.036655
v 0.242011 -0.298729 0.025921
v 0.224635 -0.309910 0.023153
v 0.256563 -0.272220 0.031087
v 0.269169 -0.237064 0.032199
v 0.269169 -0.237064 0.014521
v 0.256563 -0.272220 0.014095
v 0.224635 -0.309910 0.008527
v 0.242011 -0.298729 0.011740
v 0.254646 -0.176672 0.002145
v 0.253394 -0.208936 0.044489
v 0.229736 -0.215879 0.160556
v 0.223819 -0.207035 0.002091
v 0.251204 -0.236168 0.045130
v 0.239721 -0.274563 0.038140
v 0.239721 -0.169212 0.005748
v 0.277312 -0.212463 0.014551
v 0.239721 -0.237583 0.004556
v 0.251531 -0.236673 0.001594
v 0.283080 -0.194759 0.014550
v 0.239721 -0.207372 0.005757
v 0.223819 -0.166956 0.002091
v 0.223819 -0.166956 0.044638
v 0.254646 -0.176677 0.044582
v 0.253394 -0.208917 0.002237
v 0.271325 -0.187582 0.044587
v 0.283080 -0.194759 0.032171
v 0.271325 -0.187574 0.002141
v 0.239721 -0.207372 0.040972
v 0.239721 -0.238563 0.042173
v 0.229571 -0.231117 0.160436
v 0.251287 -0.259330 0.042640
v 0.260401 -0.235866 0.043971
v 0.239721 -0.273582 0.003946
v 0.251614 -0.259849 0.003201
v 0.260727 -0.236023 0.002752
v 0.086643 -0.086836 0.015689
v 0.101900 -0.110986 -0.001171
v 0.136507 -0.147388 -0.005579
v 0.090793 -0.095768 0.006973
v 0.118191 -0.129001 -0.005578
v 0.150840 -0.164877 -0.001171
v 0.084172 -0.102730 0.016572
v 0.106502 -0.141290 0.011372
v 0.138310 -0.176536 0.013198
v 0.083543 -0.090095 0.020181
v 0.091991 -0.121404 0.013198
v 0.124164 -0.159988 0.011372
v 0.084172 -0.102730 0.030149
v 0.106502 -0.141290 0.035348
v 0.138310 -0.176536 0.033522
v 0.083543 -0.090095 0.026537
v 0.091991 -0.121404 0.033522
v 0.124164 -0.159988 0.035348
v 0.086643 -0.086836 0.031034
v 0.101900 -0.110986 0.047900
v 0.136507 -0.147388 0.052308
v 0.090793 -0.095768 0.039756
v 0.118191 -0.129001 0.052308
v 0.150840 -0.164877 0.047900
v 0.115913 -0.096254 0.047900
v 0.153703 -0.129694 0.052307
v 0.100156 -0.085924 0.039756
v 0.134720 -0.111622 0.052308
v 0.168740 -0.148302 0.047900
v 0.091027 -0.082227 0.031034
v 0.106778 -0.078962 0.030149
v 0.146408 -0.099334 0.035348
v 0.179914 -0.137285 0.033522
v 0.094127 -0.078968 0.026537
v 0.125821 -0.085836 0.033522
v 0.165403 -0.117399 0.035348
v 0.146408 -0.099334 0.011372
v 0.179914 -0.137285 0.013198
v 0.094127 -0.078968 0.020181
v 0.125821 -0.085836 0.013198
v 0.165403 -0.117399 0.011372
v 0.106778 -0.078962 0.016572
v 0.091027 -0.082227 0.015689
v 0.115913 -0.096254 -0.001171
v 0.153703 -0.129694 -0.005579
v 0.100156 -0.085924 0.006973
v 0.134720 -0.111622 -0.005578
v 0.168740 -0.148302 -0.001171
v 0.211822 -0.029699 0.015689
v 0.204836 -0.057399 -0.001171
v 0.203010 -0.107832 -0.005579
v 0.208209 -0.038862 0.006973
v 0.203010 -0.081617 -0.005579
v 0.204836 -0.132051 -0.001171
v 0.198603 -0.038862 0.016572
v 0.186051 -0.081617 0.011372
v 0.190458 -0.132051 0.013198
v 0.207324 -0.029699 0.020181
v 0.190458 -0.057399 0.013198
v 0.186051 -0.107832 0.011372
v 0.198603 -0.038862 0.030149
v 0.186051 -0.081617 0.035348
v 0.190458 -0.132051 0.033522
v 0.207324 -0.029699 0.026537
v 0.190458 -0.057399 0.033522
v 0.186051 -0.107832 0.035348
v 0.211822 -0.029699 0.031035
v 0.204836 -0.057399 0.047900
v 0.203010 -0.107832 0.052308
v 0.208209 -0.038862 0.039756
v 0.203010 -0.081617 0.052308
v 0.204836 -0.132051 0.047900
v 0.189718 -0.145235 0.032171
v 0.189718 -0.145235 0.014549
v 0.190285 -0.169212 0.040981
v 0.163154 -0.211530 0.002224
v 0.152694 -0.212463 0.032170
v 0.163154 -0.211549 0.044502
v 0.204423 -0.262247 0.002472
v 0.206187 -0.282541 0.036655
v 0.187995 -0.298729 0.025921
v 0.205371 -0.309910 0.023153
v 0.173443 -0.272220 0.031087
v 0.160836 -0.237064 0.032199
v 0.160836 -0.237064 0.014521
v 0.173443 -0.272220 0.014095
v 0.205371 -0.309910 0.008527
v 0.187995 -0.298729 0.011740
v 0.175361 -0.176672 0.002145
v 0.176613 -0.208936 0.044489
v 0.200609 -0.215816 0.160917
v 0.206187 -0.207035 0.002091
v 0.178801 -0.236168 0.045130
v 0.190285 -0.274563 0.038140
v 0.190285 -0.169212 0.005748
v 0.152694 -0.212463 0.014551
v 0.190285 -0.237583 0.004556
v 0.178476 -0.236673 0.001594
v 0.146926 -0.194759 0.014550
v 0.190285 -0.207372 0.005757
v 0.206187 -0.166956 0.002091
v 0.206187 -0.166956 0.044638
v 0.175361 -0.176677 0.044582
v 0.176613 -0.208917 0.002237
v 0.158681 -0.187582 0.044587
v 0.146926 -0.194759 0.032171
v 0.158681 -0.187574 0.002141
v 0.190285 -0.207372 0.040972
v 0.190285 -0.238563 0.042173
v 0.200520 -0.231085 0.160600
v 0.178718 -0.259330 0.042640
v 0.169604 -0.235866 0.043971
v 0.190285 -0.273582 0.003946
v 0.178393 -0.259849 0.003201
v 0.169279 -0.236023 0.002752
v 0.229360 -0.212734 0.042429
v 0.221661 -0.200275 0.044847
v 0.229360 -0.235471 0.042192
v 0.221661 -0.249233 0.043390
v 0.200645 -0.212734 0.042429
v 0.208346 -0.200275 0.044847
v 0.200645 -0.235471 0.042192
v 0.208346 -0.249233 0.043390
v 0.209118 -0.242922 0.161358
v 0.209420 -0.204618 0.161835
v 0.220890 -0.242923 0.161351
v 0.221268 -0.204653 0.161631
v 0.210427 -0.209430 0.053425
v 0.203683 -0.218248 0.052259
v 0.203676 -0.230215 0.051798
v 0.210405 -0.239469 0.052357
v 0.219601 -0.239469 0.052356
v 0.226334 -0.230217 0.051786
v 0.226346 -0.218252 0.052234
v 0.219628 -0.209432 0.053411
vn 0.7127 0.0720 0.6978
vn 0.8363 0.0771 0.5429
vn 0.8250 0.1200 0.5522
vn 0.6898 0.1185 0.7142
vn 0.8943 0.1070 0.4345
vn 0.8920 0.1490 0.4267
vn 0.8710 0.2737 0.4080
vn 0.7955 0.2539 0.5502
vn 0.6405 0.2548 0.7244
vn 0.9188 0.1771 0.3527
vn 0.9028 0.2897 0.3179
vn 0.9201 0.1373 0.3667
vn 0.9388 0.1684 0.3006
vn 0.9383 0.2056 0.2781
vn 0.9246 0.3038 0.2299
vn 0.7893 0.6069 -0.0930
vn 0.9030 0.4295 0.0054
vn 0.8847 0.3267 -0.3324
vn 0.7879 0.4903 -0.3727
vn 0.9404 0.3283 0.0886
vn 0.8933 0.2751 -0.3556
vn 0.4720 0.0544 -0.8799
vn 0.5265 0.0077 -0.8501
vn 0.6026 0.1346 -0.7866
vn -0.0000 0.1497 0.9887
vn 0.5033 0.1126 0.8567
vn 0.4758 0.1594 0.8650
vn -0.0000 0.1955 0.9807
vn 0.4173 0.2927 0.8603
vn -0.0000 0.3248 0.9458
vn 0.9350 0.3160 0.1610
vn 0.8949 0.4341 0.1033
vn 0.8808 0.4343 0.1887
vn 0.7746 0.6308 0.0465
vn 0.7550 0.6374 0.1543
vn 0.7446 0.4045 0.5310
vn 0.5906 0.3978 0.7021
vn 0.8150 0.4248 0.3941
vn 0.6905 0.6126 0.3847
vn 0.6361 0.5714 0.5186
vn 0.5457 0.5088 0.6658
vn 0.3821 0.1575 -0.9106
vn 0.1772 0.0818 -0.9808
vn 0.1872 0.0390 -0.9816
vn 0.3967 0.1274 -0.9091
vn -0.0000 0.0538 -0.9986
vn -0.0000 0.0074 -1.0000
vn -0.0000 -0.1324 -0.9912
vn 0.2146 -0.0837 -0.9731
vn 0.9516 0.2547 0.1722
vn 0.8769 0.2710 -0.3970
vn 0.9510 0.2229 0.2142
vn 0.8599 0.2729 -0.4315
vn 0.3651 0.4327 0.8243
vn -0.0000 0.4631 0.8863
vn 0.3317 0.5771 0.7462
vn -0.0000 0.6119 0.7909
vn 0.2370 -0.1586 -0.9585
vn -0.0000 -0.1990 -0.9800
vn -0.0000 0.0586 -0.9983
vn 0.3401 0.0527 -0.9389
vn 0.7263 0.6337 0.2663
vn 0.4324 0.8647 0.2557
vn 0.4111 0.8259 0.3859
vn 0.4584 0.8784 0.1351
vn -0.0000 0.9912 0.1321
vn -0.0000 0.9670 0.2549
vn -0.0000 0.9208 0.3900
vn 0.4859 0.8740 0.0024
vn 0.5149 0.8352 -0.1933
vn -0.0000 0.9683 -0.2497
vn -0.0000 0.9999 -0.0160
vn 0.3700 0.7423 0.5586
vn -0.0000 0.8085 0.5884
vn 0.9472 0.1953 0.2544
vn 0.9471 0.2298 0.2239
vn 0.8541 0.4325 0.2889
vn 0.5004 0.6409 -0.5821
vn -0.0000 0.7118 -0.7024
vn -0.7127 0.0720 0.6978
vn -0.6898 0.1185 0.7142
vn -0.8250 0.1199 0.5522
vn -0.8362 0.0770 0.5429
vn -0.6405 0.2548 0.7244
vn -0.7955 0.2539 0.5502
vn -0.8710 0.2737 0.4079
vn -0.8920 0.1490 0.4268
vn -0.8943 0.1070 0.4345
vn -0.9028 0.2897 0.3179
vn -0.9188 0.1771 0.3528
vn -0.9246 0.3038 0.2299
vn -0.9383 0.2055 0.2782
vn -0.9387 0.1681 0.3010
vn -0.9201 0.1373 0.3668
vn -0.7893 0.6069 -0.0930
vn -0.7879 0.4902 -0.3727
vn -0.8847 0.3266 -0.3325
vn -0.9031 0.4295 0.0053
vn -0.6026 0.1346 -0.7866
vn -0.5265 0.0077 -0.8501
vn -0.4720 0.0544 -0.8799
vn -0.8933 0.2751 -0.3556
vn -0.9404 0.3284 0.0886
vn -0.4758 0.1593 0.8650
vn -0.5028 0.1128 0.8570
vn -0.4174 0.2928 0.8603
vn -0.8808 0.4343 0.1888
vn -0.8950 0.4340 0.1033
vn -0.9350 0.3160 0.1611
vn -0.7550 0.6374 0.1543
vn -0.7746 0.6308 0.0465
vn -0.5906 0.3978 0.7021
vn -0.7446 0.4045 0.5310
vn -0.5457 0.5088 0.6658
vn -0.6361 0.5714 0.5185
vn -0.6905 0.6126 0.3847
vn -0.8150 0.4247 0.3941
vn -0.3821 0.1575 -0.9106
vn -0.3967 0.1274 -0.9091
vn -0.1872 0.0390 -0.9816
vn -0.1772 0.0818 -0.9808
vn -0.2146 -0.0837 -0.9731
vn -0.8769 0.2710 -0.3970
vn -0.9516 0.2547 0.1720
vn -0.8599 0.2729 -0.4315
vn -0.9510 0.2229 0.2142
vn -0.3651 0.4327 0.8243
vn -0.3317 0.5771 0.7462
vn -0.2370 -0.1586 -0.9585
vn -0.3401 0.0527 -0.9389
vn -0.4111 0.8259 0.3859
vn -0.4325 0.8646 0.2557
vn -0.7263 0.6337 0.2663
vn -0.4584 0.8784 0.1351
vn -0.4859 0.8740 0.0024
vn -0.5149 0.8352 -0.1933
vn -0.3700 0.7423 0.5586
vn -0.9472 0.2296 0.2239
vn -0.9472 0.1953 0.2544
vn -0.8541 0.4325 0.2889
vn -0.5004 0.6409 -0.5821
vn -0.4889 -0.7608 0.4268
vn -0.4966 -0.7621 0.4155
vn -0.6523 -0.6024 0.4600
vn -0.6504 -0.5952 0.4719
vn -0.5018 -0.7503 0.4303
vn -0.6507 -0.6033 0.4611
vn -0.7847 -0.4057 0.4687
vn -0.7921 -0.3885 0.4707
vn -0.7948 -0.3687 0.4821
vn -0.8915 -0.1317 0.4334
vn -0.8929 -0.1012 0.4388
vn -0.8836 -0.1595 0.4402
vn -0.9133 0.1491 0.3790
vn -0.9179 0.1779 0.3547
vn -0.9161 0.2066 0.3436
vn -0.8481 0.4618 0.2599
vn -0.8442 0.4839 0.2307
vn -0.8482 0.4359 0.3011
vn -0.7455 0.6247 0.2324
vn -0.7372 0.6519 0.1776
vn -0.7256 0.6745 0.1365
vn -0.4797 0.8774 0.0021
vn -0.5003 0.8644 0.0506
vn -0.3041 0.9525 0.0154
vn -0.2916 0.9557 -0.0404
vn -0.5157 0.8467 0.1309
vn -0.3118 0.9441 0.1071
vn -0.0000 0.9949 0.1005
vn -0.0000 1.0000 0.0032
vn -0.0000 0.9983 -0.0585
vn -0.4603 0.8748 -0.1513
vn -0.4642 0.8838 -0.0580
vn -0.2763 0.9554 -0.1042
vn -0.2597 0.9456 -0.1962
vn -0.0000 0.9918 -0.1277
vn -0.0000 0.9751 -0.2216
vn -0.9008 0.2555 0.3512
vn -0.9111 0.2291 0.3427
vn -0.8413 0.5043 0.1944
vn -0.8356 0.5339 0.1292
vn -0.7191 0.6910 0.0731
vn -0.7182 0.6948 -0.0373
vn -0.7880 -0.3671 0.4942
vn -0.7927 -0.3586 0.4930
vn -0.8889 -0.0829 0.4505
vn -0.8799 -0.0848 0.4675
vn -0.4770 -0.7351 0.4818
vn -0.4811 -0.7509 0.4524
vn -0.6464 -0.5873 0.4871
vn -0.6434 -0.5828 0.4963
vn -0.2856 0.2182 0.9332
vn -0.3276 0.1544 0.9321
vn -0.1864 0.1095 0.9764
vn -0.1309 0.1404 0.9814
vn -0.3418 0.0611 0.9378
vn -0.1641 0.0593 0.9847
vn -0.0000 0.0566 0.9984
vn -0.2859 -0.8727 0.3958
vn -0.2880 -0.8377 0.4640
vn -0.5019 -0.7267 0.4690
vn -0.0000 -0.9247 0.3807
vn -0.0000 -0.8863 0.4632
vn -0.0000 -0.8288 0.5596
vn -0.2784 -0.7900 0.5462
vn -0.4899 -0.6986 0.5214
vn -0.6362 0.7518 0.1735
vn -0.6377 0.7229 0.2661
vn -0.5167 0.8205 0.2446
vn -0.7440 0.5946 0.3048
vn -0.7346 0.5665 0.3735
vn -0.6249 0.6960 0.3536
vn -0.5027 0.7890 0.3533
vn -0.8706 -0.1774 0.4589
vn -0.9000 0.1244 0.4178
vn -0.7751 -0.4141 0.4772
vn -0.7625 -0.4147 0.4967
vn -0.8547 -0.1849 0.4851
vn -0.8818 0.1056 0.4596
vn -0.0000 0.3109 0.9504
vn -0.1290 0.3209 0.9383
vn -0.1212 0.1839 0.9754
vn -0.0000 0.1634 0.9866
vn -0.2558 0.3505 0.9009
vn -0.2677 0.2676 0.9256
vn -0.8403 0.4069 0.3582
vn -0.8275 0.3787 0.4146
vn -0.3229 -0.0349 0.9458
vn -0.1853 0.0043 0.9827
vn -0.2637 -0.1115 0.9581
vn -0.1211 -0.0383 0.9919
vn -0.4422 0.7144 0.5423
vn -0.5613 0.6382 0.5269
vn -0.5062 0.5822 0.6363
vn -0.3979 0.6534 0.6440
vn -0.6798 0.5107 0.5264
vn -0.6156 0.4624 0.6381
vn -0.5368 0.3987 0.7436
vn -0.4541 0.5104 0.7303
vn -0.3653 0.5877 0.7219
vn -0.4229 -0.6088 0.6712
vn -0.2305 -0.6689 0.7067
vn -0.2004 -0.5662 0.7995
vn -0.3674 -0.5174 0.7728
vn -0.0000 -0.6915 0.7224
vn -0.0000 -0.5849 0.8111
vn -0.0000 -0.4678 0.8838
vn -0.1668 -0.4571 0.8736
vn -0.3094 -0.4233 0.8515
vn -0.7715 0.3284 0.5449
vn -0.6999 0.2965 0.6498
vn -0.8156 0.0830 0.5726
vn -0.7373 0.0775 0.6711
vn -0.6289 0.0723 0.7741
vn -0.6011 0.2566 0.7569
vn -0.7863 -0.1744 0.5927
vn -0.7044 -0.1492 0.6939
vn -0.6935 -0.3792 0.6125
vn -0.6138 -0.3257 0.7191
vn -0.5191 -0.2636 0.8130
vn -0.5976 -0.1170 0.7932
vn -0.2688 0.7798 0.5654
vn -0.2899 0.8369 0.4643
vn -0.4787 0.7575 0.4438
vn -0.0000 0.8156 0.5786
vn -0.0000 0.8798 0.4753
vn -0.0000 0.9289 0.3703
vn -0.3032 0.8809 0.3635
vn -0.8094 0.3541 0.4685
vn -0.8583 0.0923 0.5047
vn -0.7170 0.5420 0.4382
vn -0.5639 -0.5235 0.6388
vn -0.6101 -0.5672 0.5533
vn -0.4641 -0.6661 0.5839
vn -0.7403 -0.4070 0.5351
vn -0.6341 -0.5851 0.5055
vn -0.8317 -0.1852 0.5234
vn -0.1212 -0.3401 0.9326
vn -0.2486 -0.3291 0.9110
vn -0.0000 -0.3345 0.9424
vn -0.0000 -0.1766 0.9843
vn -0.0846 -0.1890 0.9783
vn -0.1822 -0.2176 0.9589
vn -0.4685 -0.0783 0.8800
vn -0.4961 0.0659 0.8658
vn -0.4055 -0.1916 0.8938
vn -0.4757 0.2071 0.8549
vn -0.4333 0.3147 0.8445
vn -0.3915 0.4070 0.8253
vn -0.3298 0.4976 0.8022
vn -0.2182 -0.1579 0.9630
vn -0.0957 -0.0871 0.9916
vn -0.0000 -0.0682 0.9977
vn -0.2445 0.9209 -0.3036
vn -0.4638 0.8491 -0.2528
vn -0.0000 0.9447 -0.3281
vn -0.0000 0.9025 -0.4308
vn -0.2288 0.8834 -0.4089
vn -0.4473 0.8267 -0.3415
vn -0.8327 -0.0829 0.5474
vn -0.7542 -0.3404 0.5615
vn -0.8603 0.3070 0.4069
vn -0.6542 0.4374 0.6171
vn -0.6405 -0.0010 0.7680
vn -0.6123 -0.2450 0.7517
vn -0.6354 -0.5380 0.5539
vn -0.4758 -0.6935 0.5410
vn -0.5914 -0.4185 0.6893
vn -0.4645 -0.6035 0.6480
vn -0.8001 0.5937 0.0862
vn -0.7001 0.7047 -0.1155
vn -0.5882 0.8003 -0.1163
vn -0.6643 0.7259 0.1780
vn -0.5929 0.7973 -0.1131
vn -0.5999 0.7737 -0.2036
vn -0.5671 0.7865 -0.2446
vn -0.0000 0.6738 0.7389
vn -0.2224 0.6467 0.7296
vn -0.1880 0.5442 0.8176
vn -0.0000 0.5550 0.8318
vn -0.6014 0.6726 0.4312
vn -0.2417 0.7089 0.6626
vn -0.0000 0.7376 0.6753
vn -0.3115 0.9200 0.2377
vn -0.0000 0.9714 0.2375
vn -0.5886 0.8084 -0.0065
vn -0.6000 0.7978 0.0591
vn -0.6202 0.7773 0.1054
vn -0.3958 0.7802 -0.4844
vn -0.4842 0.7821 -0.3922
vn -0.3200 0.6378 -0.7006
vn -0.3821 0.6374 -0.6691
vn -0.4388 0.5024 -0.7450
vn -0.4484 0.8264 -0.3406
vn -0.9937 0.0707 -0.0868
vn -0.9627 0.1769 -0.2047
vn -0.9499 0.0333 -0.3107
vn -0.9846 -0.0399 -0.1700
vn -0.9288 0.2545 -0.2693
vn -0.9167 0.0813 -0.3912
vn -0.8964 -0.0443 -0.4410
vn -0.9279 -0.0895 -0.3620
vn -0.9624 -0.1577 -0.2212
vn -0.4361 -0.5085 0.7425
vn -0.2525 -0.6356 0.7296
vn -0.2601 -0.7333 0.6282
vn -0.4115 -0.4477 0.7939
vn -0.2456 -0.5121 0.8231
vn -0.0000 -0.5411 0.8409
vn -0.0000 -0.6840 0.7295
vn -0.0000 -0.7828 0.6222
vn -0.3981 0.2934 -0.8692
vn -0.2663 0.3670 -0.8913
vn -0.2750 0.2222 -0.9354
vn -0.4876 0.1056 -0.8667
vn -0.1689 0.3940 -0.9035
vn -0.0809 0.3299 -0.9406
vn 0.0162 0.0910 -0.9957
vn -0.2725 -0.0065 -0.9621
vn -0.5053 -0.0944 -0.8578
vn -0.7021 -0.6950 -0.1551
vn -0.7775 -0.6039 0.1753
vn -0.8926 -0.4320 0.1292
vn -0.8457 -0.4788 -0.2358
vn -0.7406 -0.4371 0.5104
vn -0.8120 -0.3403 0.4742
vn -0.8266 -0.3464 0.4435
vn -0.9346 -0.3364 0.1159
vn -0.9270 -0.2848 -0.2441
vn -0.5299 -0.4417 0.7240
vn -0.5713 -0.4303 0.6989
vn -0.4100 -0.3808 0.8288
vn -0.6020 -0.5650 0.5642
vn -0.7957 -0.4378 0.4185
vn -0.6098 -0.3083 0.7301
vn -0.4258 -0.2633 0.8656
vn -0.9352 -0.3382 0.1051
vn -0.9551 -0.1947 -0.2234
vn -0.7592 -0.6482 -0.0588
vn -0.8748 -0.3506 -0.3345
vn -0.0678 0.3775 -0.9235
vn 0.1191 0.3176 -0.9407
vn 0.0355 0.3398 -0.9398
vn 0.2546 0.2489 -0.9345
vn 0.4437 0.0751 -0.8930
vn 0.3111 0.1047 -0.9446
vn -0.6136 -0.2024 0.7633
vn -0.4364 -0.1254 0.8910
vn -0.5901 -0.1788 0.7873
vn -0.4358 -0.0172 0.8999
vn 0.2978 -0.1286 -0.9459
vn 0.0086 -0.2270 -0.9739
vn 0.4824 -0.0719 -0.8730
vn 0.3914 -0.2156 -0.8946
vn 0.1010 -0.3558 -0.9291
vn -0.1207 -0.4342 -0.8927
vn -0.2308 -0.2599 -0.9377
vn -0.4607 -0.2902 -0.8388
vn -0.2392 -0.4534 -0.8586
vn -0.3651 -0.4470 -0.8166
vn -0.8067 -0.2026 -0.5551
vn -0.6968 -0.4704 -0.5415
vn -0.6882 -0.1472 -0.7104
vn -0.5880 -0.4244 -0.6886
vn -0.4411 -0.6784 -0.5875
vn -0.5497 -0.7173 -0.4281
vn -0.0000 0.8127 -0.5827
vn -0.2025 0.8048 -0.5580
vn -0.0000 0.5972 -0.8021
vn -0.1845 0.6463 -0.7405
vn -0.4143 -0.8800 -0.2322
vn -0.4910 -0.8650 -0.1033
vn -0.4656 -0.8447 -0.2642
vn -0.3812 -0.8312 -0.4047
vn -0.6251 -0.7727 0.1101
vn -0.5923 -0.8054 -0.0214
vn -0.2019 -0.6870 -0.6980
vn -0.0414 -0.6604 -0.7498
vn -0.0850 -0.7654 -0.6379
vn -0.2314 -0.7874 -0.5713
vn -0.0000 -0.5310 -0.8474
vn -0.0000 -0.7505 -0.6609
vn -0.0000 -0.8682 -0.4962
vn -0.1423 -0.8653 -0.4806
vn -0.2846 -0.8631 -0.4172
vn -0.2975 -0.7098 -0.6384
vn -0.3152 -0.8093 -0.4957
vn -0.3643 -0.8713 -0.3289
vn -0.5740 -0.1079 0.8117
vn -0.4347 0.1047 0.8945
vn -0.6870 -0.4504 0.5702
vn -0.7277 -0.2617 0.6340
vn -0.5811 0.0942 0.8084
vn -0.4333 0.2658 0.8612
vn -0.5435 -0.8392 0.0155
vn -0.7178 -0.6641 0.2091
vn -0.4473 -0.8904 -0.0840
vn -0.4065 -0.9128 0.0393
vn -0.5356 -0.8358 0.1208
vn -0.7337 -0.6045 0.3102
vn -0.1530 -0.9499 -0.2725
vn -0.3133 -0.9232 -0.2224
vn -0.0000 -0.9598 -0.2807
vn -0.0000 -0.9979 -0.0651
vn -0.1267 -0.9879 -0.0896
vn -0.2640 -0.9633 -0.0491
vn -0.3857 -0.9095 -0.1550
vn -0.3281 -0.9445 -0.0169
vn -0.7310 -0.5705 0.3745
vn -0.8216 -0.3555 0.4457
vn -0.7570 0.0206 0.6531
vn -0.8226 -0.2283 0.5208
vn -0.6809 0.2278 0.6960
vn -0.5638 0.3085 0.7662
vn -0.4212 0.4079 0.8101
vn -0.4960 0.4520 0.7414
vn -0.4002 0.5036 0.7657
vn -0.4550 -0.8551 0.2486
vn -0.5501 -0.6505 0.5237
vn -0.2295 -0.9551 0.1873
vn -0.0000 -0.4071 0.9134
vn -0.0779 -0.9956 0.0528
vn -0.0891 -0.9888 0.1200
vn -0.0000 -0.9908 0.1357
vn -0.2066 -0.9730 0.1031
vn -0.7317 -0.1785 0.6578
vn -0.4791 0.2529 0.8406
vn -0.0000 0.5811 0.8139
vn -0.2686 0.5526 0.7890
vn -0.3195 0.5116 0.7976
vn -0.0000 0.5206 0.8538
vn -0.1603 0.4615 -0.8725
vn -0.0154 0.3837 -0.9233
vn -0.2409 0.4731 -0.8474
vn -0.3097 0.4662 -0.8287
vn -0.4692 0.3150 -0.8250
vn -0.5979 0.0853 -0.7970
vn -0.6041 -0.1260 -0.7869
vn -0.7034 0.0573 -0.7084
vn 0.1591 0.2466 -0.9560
vn 0.3211 0.0773 -0.9439
vn -0.0000 0.3009 -0.9537
vn -0.0000 0.0938 -0.9956
vn -0.0092 -0.5125 -0.8586
vn -0.1843 -0.5600 -0.8077
vn 0.2722 -0.2853 -0.9190
vn -0.2888 -0.5783 -0.7630
vn -0.4118 -0.5339 -0.7385
vn 0.3729 -0.1022 -0.9222
vn -0.0000 -0.1394 -0.9902
vn -0.5360 -0.3596 -0.7638
vn -0.3438 -0.0548 0.9374
vn -0.3725 0.1648 0.9133
vn -0.7644 0.1127 0.6348
vn -0.6309 -0.0712 0.7726
vn -0.4068 0.5482 0.7307
vn -0.8404 0.3987 0.3670
vn -0.9654 0.2428 0.0956
vn -0.9558 0.0482 0.2899
vn -0.8708 -0.0640 0.4874
vn -0.6872 -0.1150 -0.7173
vn -0.8451 -0.0462 -0.5326
vn -0.6823 -0.6809 0.2662
vn -0.9872 0.0011 0.1592
vn -0.9209 -0.0955 0.3778
vn -0.9875 0.1577 -0.0069
vn -0.9942 -0.0507 0.0944
vn -0.9466 -0.1313 0.2944
vn -0.9489 0.2978 -0.1043
vn -0.9129 0.4065 -0.0364
vn -0.8555 0.5133 -0.0687
vn -0.9018 0.4099 -0.1366
vn -0.4002 -0.3017 0.8654
vn -0.3714 -0.2086 0.9047
vn -0.6676 -0.1710 0.7246
vn -0.7369 -0.2280 0.6364
vn -0.3221 0.8603 0.3952
vn -0.7726 0.6221 0.1268
vn -0.2048 0.9768 0.0628
vn -0.6982 0.7157 -0.0168
vn -0.2352 0.9272 -0.2916
vn -0.7646 0.6170 -0.1862
vn -0.3523 0.6753 -0.6479
vn -0.8235 0.4043 -0.3980
vn -0.7817 -0.2726 0.5609
vn -0.4131 -0.3339 0.8473
vn -0.9580 -0.1886 0.2161
vn -0.9502 -0.2743 0.1480
vn -0.8064 -0.3164 0.4996
vn -0.4275 -0.3135 0.8479
vn -0.7117 -0.6362 -0.2978
vn -0.6336 -0.6753 -0.3775
vn -0.4373 -0.8309 -0.3440
vn -0.5742 -0.7796 -0.2502
vn -0.3410 -0.7530 -0.5627
vn -0.0826 -0.8491 -0.5217
vn 0.1818 -0.8706 -0.4571
vn -0.2503 -0.9043 -0.3458
vn -0.4555 -0.8528 -0.2553
vn 0.9297 0.0269 0.3673
vn 0.9249 0.0625 0.3750
vn 0.9076 0.1794 0.3795
vn 0.9233 0.1161 0.3661
vn 0.9762 0.1405 0.1655
vn 0.9549 0.2380 0.1775
vn 0.9333 0.3216 0.1596
vn 0.8830 0.3081 0.3542
vn 0.9133 0.2268 0.3382
vn 0.9856 0.0705 -0.1534
vn 0.9899 0.0537 0.1309
vn 0.9812 -0.0564 -0.1847
vn 0.9854 0.1549 -0.0701
vn 0.9805 0.1852 -0.0664
vn -0.0023 0.7762 -0.6305
vn 0.5113 0.3160 -0.7992
vn -0.4354 0.3193 -0.8417
vn 0.9525 -0.0838 0.2928
vn 0.9242 0.1108 -0.3655
vn -0.4710 0.0798 -0.8785
vn 0.9376 -0.0427 0.3450
vn -0.9915 -0.1269 0.0293
vn -0.9731 -0.2286 -0.0275
vn 0.1915 -0.9527 -0.2361
vn -0.2930 -0.9215 -0.2549
vn -0.1463 -0.9529 0.2658
vn -0.4429 -0.8955 -0.0440
vn -0.5404 -0.8256 -0.1623
vn -0.4896 -0.8413 -0.2291
vn -0.5479 -0.6286 0.5519
vn -0.6335 -0.7572 0.1592
vn -0.6206 -0.4452 0.6455
vn -0.7139 -0.6446 0.2735
vn -0.7149 -0.6989 0.0216
vn -0.6371 -0.7688 -0.0549
vn 0.8759 0.0039 -0.4825
vn -0.5088 -0.1413 -0.8492
vn 0.7929 -0.1650 -0.5866
vn -0.5199 -0.3858 -0.7621
vn -0.8159 -0.3505 0.4599
vn -0.4555 -0.2679 0.8490
vn -0.9302 -0.3510 0.1070
vn -0.9152 -0.3908 0.0983
vn -0.8213 -0.3668 0.4370
vn -0.4963 -0.2423 0.8337
vn 0.9235 0.3821 0.0341
vn 0.8613 0.4997 0.0921
vn 0.8790 0.4753 -0.0382
vn 0.9165 0.3992 -0.0274
vn 0.7513 0.6525 0.0987
vn 0.7657 0.6422 0.0352
vn 0.7772 0.6128 0.1429
vn 0.6927 0.7193 0.0527
vn 0.6003 0.7834 0.1608
vn 0.6596 0.7295 0.1809
vn 0.6153 0.7623 0.2010
vn 0.9658 0.2573 -0.0308
vn 0.9698 0.2430 -0.0195
vn 0.9526 0.3043 0.0053
vn 0.9518 0.3059 -0.0218
vn -0.5778 -0.2568 0.7747
vn -0.8051 -0.3962 0.4413
vn -0.7706 -0.5076 0.3854
vn -0.6109 -0.3319 0.7188
vn -0.8855 -0.4436 0.1379
vn -0.8150 -0.5669 0.1204
vn -0.8774 -0.4788 -0.0313
vn -0.8250 -0.5650 -0.0135
vn -0.7724 -0.6077 -0.1849
vn -0.7059 -0.6950 -0.1364
vn -0.6406 -0.7546 -0.1423
vn -0.6077 -0.7678 -0.2027
vn 0.6564 -0.1456 0.7402
vn 0.6647 0.0396 0.7461
vn 0.6392 0.1625 0.7517
vn -0.8060 0.0031 -0.5919
vn -0.8020 -0.1452 -0.5794
vn -0.8816 -0.1673 -0.4413
vn -0.7921 -0.3146 -0.5231
vn -0.8592 -0.3042 -0.4115
vn 0.7274 -0.3385 -0.5969
vn 0.8410 -0.1096 -0.5298
vn 0.7775 0.5890 0.2206
vn 0.6279 0.7575 0.1786
vn 0.5724 0.8026 0.1680
vn 0.9570 0.1979 -0.2123
vn -0.9450 -0.3222 -0.0555
vn -0.9343 -0.2702 -0.2327
vn -0.9091 -0.3579 -0.2132
vn -0.9244 -0.3781 -0.0508
vn -0.7350 -0.6289 -0.2534
vn -0.6027 -0.7668 -0.2207
vn 0.4116 0.2187 0.8847
vn 0.1889 0.2111 0.9590
vn 0.1357 0.3337 0.9329
vn 0.3754 0.4178 0.8274
vn 0.7200 0.4189 0.5533
vn 0.5562 0.8054 0.2049
vn 0.8726 0.4519 0.1854
vn -0.8211 0.1625 -0.5471
vn -0.9060 -0.2113 -0.3667
vn -0.8795 -0.3304 -0.3425
vn -0.2153 -0.4392 0.8722
vn 0.3404 -0.4530 0.8240
vn -0.1054 0.9436 -0.3140
vn -0.2423 0.9685 0.0582
vn -0.2739 0.8693 0.4114
vn -0.2476 0.5462 0.8003
vn -0.5195 -0.3133 0.7950
vn -0.3578 -0.2611 0.8965
vn -0.3628 -0.0771 0.9287
vn -0.2866 0.1464 0.9468
vn 0.9371 0.3484 -0.0227
vn 0.9389 0.3439 0.0163
vn 0.8936 0.4254 0.1434
vn -0.9051 -0.4234 -0.0395
vn -0.8711 -0.4524 -0.1910
vn -0.9040 -0.4126 0.1121
vn 0.5726 0.2226 0.7890
vn -0.5389 -0.2379 0.8081
vn 0.7044 0.6609 0.2589
vn 0.8327 0.4592 0.3095
vn 0.8797 0.3753 0.2921
vn -0.7512 -0.4866 -0.4460
vn -0.4747 -0.5922 -0.6511
vn -0.8135 -0.4547 -0.3626
vn -0.8353 -0.4598 -0.3013
vn -0.8184 -0.3760 0.4345
vn 0.7164 -0.3332 -0.6130
vn 0.5582 0.7991 0.2231
vn -0.0000 0.4226 0.9063
vn -0.2764 0.3648 0.8891
vn -0.2707 0.4740 0.8379
vn -0.0000 0.5173 0.8558
vn -0.0000 0.1406 0.9901
vn -0.2705 0.0815 0.9593
vn -0.2741 0.2291 0.9340
vn -0.0000 0.2969 0.9549
vn -0.0000 -0.2046 0.9789
vn -0.2512 -0.2253 0.9413
vn -0.2614 -0.0694 0.9627
vn -0.0000 -0.0308 0.9995
vn -0.2446 -0.3733 0.8949
vn -0.0000 -0.3734 0.9277
vn -0.5348 -0.3693 0.7600
vn -0.0000 -0.8973 0.4415
vn -0.2643 -0.8497 0.4562
vn -0.2633 -0.8068 0.5290
vn -0.0000 -0.8532 0.5215
vn -0.4168 -0.3660 0.8321
vn -0.3342 -0.2720 0.9024
vn -0.2574 -0.7384 0.6233
vn -0.0000 -0.7666 0.6422
vn -0.4931 -0.4476 0.7460
vn -0.6460 -0.5961 0.4769
vn -0.0000 -0.9223 0.3864
vn -0.2680 -0.8725 0.4086
vn -0.0000 -0.9381 0.3464
vn -0.2744 -0.8865 0.3726
vn -0.0000 -0.9407 0.3393
vn -0.2805 -0.8886 0.3629
vn 0.4889 -0.7608 0.4268
vn 0.6504 -0.5952 0.4719
vn 0.6523 -0.6024 0.4600
vn 0.4966 -0.7620 0.4155
vn 0.7948 -0.3686 0.4821
vn 0.7921 -0.3885 0.4707
vn 0.7847 -0.4058 0.4687
vn 0.6507 -0.6033 0.4611
vn 0.5018 -0.7503 0.4303
vn 0.8929 -0.1012 0.4388
vn 0.8915 -0.1317 0.4334
vn 0.9161 0.2066 0.3436
vn 0.9179 0.1779 0.3547
vn 0.9133 0.1491 0.3790
vn 0.8836 -0.1595 0.4402
vn 0.8442 0.4839 0.2307
vn 0.8481 0.4618 0.2599
vn 0.7255 0.6746 0.1364
vn 0.7372 0.6519 0.1775
vn 0.7455 0.6247 0.2324
vn 0.8482 0.4359 0.3011
vn 0.4797 0.8774 0.0021
vn 0.2916 0.9557 -0.0404
vn 0.3041 0.9525 0.0154
vn 0.5003 0.8644 0.0506
vn 0.3118 0.9441 0.1071
vn 0.5157 0.8467 0.1309
vn 0.4603 0.8748 -0.1513
vn 0.2597 0.9456 -0.1962
vn 0.2763 0.9554 -0.1042
vn 0.4642 0.8838 -0.0580
vn 0.9008 0.2555 0.3512
vn 0.8356 0.5339 0.1292
vn 0.8413 0.5044 0.1944
vn 0.9111 0.2291 0.3427
vn 0.7182 0.6948 -0.0373
vn 0.7191 0.6910 0.0731
vn 0.7880 -0.3672 0.4942
vn 0.8800 -0.0850 0.4674
vn 0.8889 -0.0829 0.4506
vn 0.7927 -0.3585 0.4930
vn 0.4770 -0.7351 0.4818
vn 0.6435 -0.5828 0.4963
vn 0.6464 -0.5873 0.4871
vn 0.4811 -0.7509 0.4524
vn 0.2857 0.2182 0.9331
vn 0.1309 0.1404 0.9814
vn 0.1864 0.1095 0.9764
vn 0.3276 0.1544 0.9321
vn 0.1641 0.0593 0.9847
vn 0.3418 0.0611 0.9378
vn 0.5019 -0.7267 0.4690
vn 0.2880 -0.8377 0.4640
vn 0.2859 -0.8727 0.3958
vn 0.4899 -0.6986 0.5214
vn 0.2784 -0.7900 0.5462
vn 0.5167 0.8205 0.2446
vn 0.6377 0.7229 0.2661
vn 0.6362 0.7518 0.1735
vn 0.5027 0.7890 0.3533
vn 0.6249 0.6960 0.3536
vn 0.7346 0.5665 0.3735
vn 0.7440 0.5946 0.3048
vn 0.9000 0.1244 0.4178
vn 0.8707 -0.1773 0.4588
vn 0.8818 0.1056 0.4596
vn 0.8547 -0.1849 0.4851
vn 0.7625 -0.4147 0.4967
vn 0.7751 -0.4141 0.4773
vn 0.1212 0.1839 0.9754
vn 0.1290 0.3209 0.9383
vn 0.2677 0.2676 0.9256
vn 0.2558 0.3505 0.9009
vn 0.8403 0.4070 0.3582
vn 0.8275 0.3787 0.4146
vn 0.1854 0.0042 0.9827
vn 0.3228 -0.0349 0.9458
vn 0.1211 -0.0383 0.9919
vn 0.2637 -0.1115 0.9581
vn 0.4422 0.7144 0.5423
vn 0.3979 0.6534 0.6440
vn 0.5062 0.5822 0.6363
vn 0.5613 0.6382 0.5269
vn 0.3652 0.5877 0.7219
vn 0.4541 0.5104 0.7303
vn 0.5368 0.3987 0.7436
vn 0.6156 0.4624 0.6381
vn 0.6798 0.5107 0.5264
vn 0.4229 -0.6088 0.6712
vn 0.3675 -0.5174 0.7728
vn 0.2005 -0.5662 0.7995
vn 0.2306 -0.6689 0.7066
vn 0.3094 -0.4233 0.8515
vn 0.1668 -0.4571 0.8736
vn 0.6999 0.2965 0.6498
vn 0.7715 0.3284 0.5449
vn 0.6011 0.2566 0.7569
vn 0.6289 0.0723 0.7741
vn 0.7373 0.0775 0.6711
vn 0.8156 0.0830 0.5726
vn 0.7045 -0.1492 0.6939
vn 0.7863 -0.1744 0.5928
vn 0.5976 -0.1170 0.7932
vn 0.5191 -0.2636 0.8130
vn 0.6138 -0.3257 0.7191
vn 0.6936 -0.3792 0.6125
vn 0.4787 0.7575 0.4438
vn 0.2899 0.8369 0.4643
vn 0.2688 0.7798 0.5654
vn 0.3032 0.8809 0.3635
vn 0.8583 0.0923 0.5047
vn 0.8093 0.3541 0.4686
vn 0.7170 0.5420 0.4382
vn 0.4641 -0.6661 0.5839
vn 0.6101 -0.5672 0.5533
vn 0.5639 -0.5235 0.6388
vn 0.6341 -0.5851 0.5055
vn 0.7403 -0.4070 0.5351
vn 0.8317 -0.1852 0.5234
vn 0.2486 -0.3291 0.9110
vn 0.1212 -0.3401 0.9326
vn 0.1822 -0.2176 0.9589
vn 0.0846 -0.1890 0.9783
vn 0.4961 0.0659 0.8658
vn 0.4684 -0.0783 0.8800
vn 0.4055 -0.1916 0.8938
vn 0.4333 0.3147 0.8445
vn 0.4757 0.2071 0.8549
vn 0.3298 0.4976 0.8022
vn 0.3915 0.4070 0.8253
vn 0.0957 -0.0871 0.9916
vn 0.2182 -0.1579 0.9630
vn 0.4638 0.8491 -0.2528
vn 0.2445 0.9209 -0.3036
vn 0.4472 0.8267 -0.3415
vn 0.2288 0.8834 -0.4089
vn 0.7542 -0.3404 0.5615
vn 0.8327 -0.0829 0.5474
vn 0.6123 -0.2450 0.7517
vn 0.6405 -0.0010 0.7680
vn 0.6541 0.4374 0.6171
vn 0.8603 0.3070 0.4069
vn 0.4758 -0.6935 0.5410
vn 0.6354 -0.5380 0.5539
vn 0.4645 -0.6036 0.6480
vn 0.5914 -0.4185 0.6893
vn 0.8001 0.5937 0.0862
vn 0.6643 0.7259 0.1780
vn 0.5882 0.8003 -0.1163
vn 0.7001 0.7047 -0.1155
vn 0.5999 0.7737 -0.2036
vn 0.5929 0.7973 -0.1131
vn 0.5670 0.7865 -0.2447
vn 0.1880 0.5443 0.8176
vn 0.2224 0.6467 0.7296
vn 0.6014 0.6726 0.4312
vn 0.2417 0.7089 0.6626
vn 0.3115 0.9200 0.2377
vn 0.5886 0.8084 -0.0066
vn 0.6000 0.7978 0.0591
vn 0.6202 0.7773 0.1054
vn 0.4842 0.7822 -0.3921
vn 0.3958 0.7802 -0.4844
vn 0.4484 0.8264 -0.3406
vn 0.4388 0.5024 -0.7450
vn 0.3823 0.6373 -0.6691
vn 0.3200 0.6378 -0.7006
vn 0.9937 0.0708 -0.0868
vn 0.9846 -0.0398 -0.1700
vn 0.9499 0.0333 -0.3107
vn 0.9627 0.1769 -0.2047
vn 0.9624 -0.1577 -0.2212
vn 0.9279 -0.0895 -0.3620
vn 0.8964 -0.0443 -0.4410
vn 0.9167 0.0813 -0.3912
vn 0.9288 0.2545 -0.2693
vn 0.2601 -0.7333 0.6282
vn 0.2525 -0.6356 0.7296
vn 0.4361 -0.5084 0.7425
vn 0.2456 -0.5121 0.8231
vn 0.4115 -0.4477 0.7939
vn 0.3981 0.2934 -0.8692
vn 0.4876 0.1056 -0.8667
vn 0.2750 0.2222 -0.9354
vn 0.2663 0.3670 -0.8913
vn 0.5053 -0.0944 -0.8578
vn 0.2725 -0.0065 -0.9621
vn -0.0162 0.0910 -0.9957
vn 0.0809 0.3299 -0.9406
vn 0.1689 0.3940 -0.9035
vn 0.7021 -0.6950 -0.1552
vn 0.8457 -0.4788 -0.2357
vn 0.8926 -0.4320 0.1292
vn 0.7775 -0.6039 0.1753
vn 0.9270 -0.2848 -0.2441
vn 0.9346 -0.3364 0.1158
vn 0.8266 -0.3464 0.4435
vn 0.8120 -0.3404 0.4741
vn 0.7406 -0.4371 0.5104
vn 0.4100 -0.3808 0.8288
vn 0.5713 -0.4303 0.6989
vn 0.5299 -0.4417 0.7240
vn 0.4258 -0.2633 0.8656
vn 0.6098 -0.3083 0.7301
vn 0.7957 -0.4378 0.4185
vn 0.6020 -0.5650 0.5642
vn 0.9551 -0.1947 -0.2234
vn 0.9352 -0.3382 0.1051
vn 0.8747 -0.3504 -0.3347
vn 0.7591 -0.6483 -0.0588
vn -0.1191 0.3176 -0.9407
vn 0.0678 0.3775 -0.9235
vn -0.3111 0.1047 -0.9446
vn -0.4437 0.0751 -0.8930
vn -0.2546 0.2489 -0.9345
vn -0.0355 0.3398 -0.9398
vn 0.4364 -0.1254 0.8910
vn 0.6136 -0.2024 0.7633
vn 0.4358 -0.0172 0.8999
vn 0.5900 -0.1788 0.7873
vn -0.0086 -0.2270 -0.9739
vn -0.2978 -0.1286 -0.9459
vn 0.1207 -0.4343 -0.8927
vn -0.1010 -0.3558 -0.9291
vn -0.3914 -0.2156 -0.8946
vn -0.4824 -0.0719 -0.8730
vn 0.4607 -0.2902 -0.8388
vn 0.2308 -0.2599 -0.9377
vn 0.3651 -0.4470 -0.8166
vn 0.2392 -0.4534 -0.8586
vn 0.6968 -0.4704 -0.5415
vn 0.8067 -0.2026 -0.5551
vn 0.5497 -0.7173 -0.4281
vn 0.4411 -0.6784 -0.5875
vn 0.5880 -0.4244 -0.6886
vn 0.6882 -0.1472 -0.7104
vn 0.2025 0.8048 -0.5580
vn 0.1845 0.6463 -0.7405
vn 0.4143 -0.8800 -0.2322
vn 0.3812 -0.8312 -0.4048
vn 0.4656 -0.8447 -0.2642
vn 0.4912 -0.8649 -0.1035
vn 0.5923 -0.8054 -0.0214
vn 0.6251 -0.7727 0.1101
vn 0.2019 -0.6870 -0.6980
vn 0.2314 -0.7874 -0.5713
vn 0.0850 -0.7654 -0.6379
vn 0.0414 -0.6604 -0.7498
vn 0.2846 -0.8631 -0.4172
vn 0.1423 -0.8653 -0.4806
vn 0.3152 -0.8093 -0.4957
vn 0.2975 -0.7098 -0.6384
vn 0.3643 -0.8713 -0.3289
vn 0.4347 0.1047 0.8945
vn 0.5740 -0.1079 0.8117
vn 0.4333 0.2658 0.8612
vn 0.5811 0.0942 0.8084
vn 0.7277 -0.2617 0.6340
vn 0.6870 -0.4504 0.5702
vn 0.7179 -0.6640 0.2091
vn 0.5435 -0.8392 0.0155
vn 0.7337 -0.6045 0.3102
vn 0.5356 -0.8358 0.1208
vn 0.4065 -0.9128 0.0393
vn 0.4473 -0.8904 -0.0840
vn 0.3133 -0.9232 -0.2224
vn 0.1530 -0.9499 -0.2725
vn 0.2640 -0.9633 -0.0491
vn 0.1267 -0.9879 -0.0896
vn 0.3857 -0.9095 -0.1550
vn 0.3281 -0.9445 -0.0169
vn 0.7570 0.0206 0.6531
vn 0.8216 -0.3555 0.4457
vn 0.7310 -0.5705 0.3745
vn 0.6809 0.2278 0.6960
vn 0.8226 -0.2283 0.5208
vn 0.4212 0.4079 0.8101
vn 0.5638 0.3085 0.7662
vn 0.4001 0.5039 0.7655
vn 0.4960 0.4520 0.7414
vn 0.5500 -0.6505 0.5237
vn 0.4550 -0.8551 0.2486
vn 0.2295 -0.9551 0.1873
vn 0.0891 -0.9888 0.1199
vn 0.0779 -0.9956 0.0528
vn 0.2066 -0.9730 0.1031
vn 0.4791 0.2529 0.8406
vn 0.7317 -0.1785 0.6578
vn 0.3195 0.5116 0.7976
vn 0.2686 0.5526 0.7890
vn 0.0154 0.3837 -0.9233
vn 0.1603 0.4615 -0.8725
vn 0.2409 0.4731 -0.8474
vn 0.3097 0.4662 -0.8287
vn 0.4692 0.3150 -0.8250
vn 0.5979 0.0853 -0.7970
vn 0.7034 0.0573 -0.7084
vn 0.6041 -0.1260 -0.7869
vn -0.3211 0.0773 -0.9439
vn -0.1591 0.2466 -0.9560
vn 0.1843 -0.5600 -0.8077
vn 0.0092 -0.5125 -0.8586
vn -0.2722 -0.2853 -0.9190
vn 0.4118 -0.5339 -0.7385
vn 0.2888 -0.5783 -0.7630
vn -0.3729 -0.1022 -0.9222
vn 0.5360 -0.3596 -0.7638
vn 0.3438 -0.0548 0.9375
vn 0.6309 -0.0711 0.7726
vn 0.7644 0.1127 0.6348
vn 0.3725 0.1648 0.9133
vn 0.8708 -0.0640 0.4874
vn 0.9558 0.0482 0.2899
vn 0.9654 0.2428 0.0956
vn 0.8404 0.3987 0.3671
vn 0.4069 0.5482 0.7307
vn 0.8451 -0.0462 -0.5326
vn 0.6872 -0.1147 -0.7173
vn 0.6823 -0.6809 0.2663
vn 0.9209 -0.0955 0.3778
vn 0.9872 0.0011 0.1592
vn 0.9466 -0.1313 0.2944
vn 0.9942 -0.0507 0.0944
vn 0.9875 0.1577 -0.0069
vn 0.9489 0.2978 -0.1043
vn 0.9018 0.4099 -0.1366
vn 0.8555 0.5133 -0.0687
vn 0.9129 0.4065 -0.0364
vn 0.4002 -0.3018 0.8653
vn 0.7369 -0.2280 0.6364
vn 0.6676 -0.1710 0.7246
vn 0.3714 -0.2086 0.9047
vn 0.7726 0.6221 0.1267
vn 0.3222 0.8603 0.3952
vn 0.6983 0.7156 -0.0168
vn 0.2048 0.9768 0.0628
vn 0.7646 0.6170 -0.1862
vn 0.2352 0.9272 -0.2915
vn 0.8235 0.4043 -0.3979
vn 0.3524 0.6753 -0.6479
vn 0.4131 -0.3339 0.8473
vn 0.7817 -0.2726 0.5609
vn 0.4275 -0.3135 0.8479
vn 0.8064 -0.3164 0.4996
vn 0.9502 -0.2743 0.1480
vn 0.9580 -0.1886 0.2161
vn 0.7117 -0.6362 -0.2979
vn 0.5742 -0.7796 -0.2502
vn 0.4373 -0.8309 -0.3440
vn 0.6336 -0.6753 -0.3775
vn 0.4555 -0.8528 -0.2553
vn 0.2503 -0.9043 -0.3458
vn -0.1818 -0.8706 -0.4571
vn 0.0826 -0.8491 -0.5217
vn 0.3411 -0.7530 -0.5627
vn -0.9297 0.0269 0.3673
vn -0.9233 0.1161 0.3661
vn -0.9076 0.1794 0.3795
vn -0.9249 0.0625 0.3750
vn -0.9133 0.2268 0.3382
vn -0.8830 0.3081 0.3542
vn -0.9333 0.3217 0.1596
vn -0.9549 0.2380 0.1775
vn -0.9762 0.1405 0.1655
vn -0.9899 0.0537 0.1309
vn -0.9856 0.0705 -0.1534
vn -0.9805 0.1852 -0.0664
vn -0.9854 0.1549 -0.0701
vn -0.9812 -0.0563 -0.1848
vn 0.4354 0.3193 -0.8417
vn -0.5113 0.3160 -0.7992
vn 0.0023 0.7762 -0.6305
vn 0.4710 0.0798 -0.8785
vn -0.9242 0.1108 -0.3655
vn -0.9525 -0.0838 0.2928
vn -0.9376 -0.0427 0.3450
vn 0.9915 -0.1269 0.0294
vn 0.9731 -0.2286 -0.0275
vn 0.2930 -0.9215 -0.2549
vn -0.1914 -0.9527 -0.2361
vn 0.4896 -0.8413 -0.2291
vn 0.5404 -0.8256 -0.1623
vn 0.4429 -0.8955 -0.0439
vn 0.1463 -0.9529 0.2658
vn 0.6334 -0.7572 0.1592
vn 0.5479 -0.6286 0.5519
vn 0.6371 -0.7688 -0.0549
vn 0.7149 -0.6989 0.0216
vn 0.7139 -0.6446 0.2736
vn 0.6206 -0.4452 0.6455
vn 0.5087 -0.1413 -0.8493
vn -0.8759 0.0039 -0.4825
vn 0.5199 -0.3858 -0.7621
vn -0.7929 -0.1650 -0.5866
vn 0.4555 -0.2678 0.8490
vn 0.8159 -0.3505 0.4599
vn 0.4963 -0.2424 0.8336
vn 0.8213 -0.3668 0.4370
vn 0.9152 -0.3908 0.0982
vn 0.9302 -0.3510 0.1070
vn -0.9235 0.3821 0.0341
vn -0.9165 0.3992 -0.0274
vn -0.8790 0.4753 -0.0381
vn -0.8613 0.4997 0.0921
vn -0.7772 0.6129 0.1429
vn -0.7657 0.6422 0.0352
vn -0.7513 0.6525 0.0986
vn -0.6003 0.7834 0.1608
vn -0.6927 0.7193 0.0527
vn -0.6153 0.7622 0.2010
vn -0.6596 0.7295 0.1809
vn -0.9658 0.2573 -0.0308
vn -0.9518 0.3059 -0.0218
vn -0.9526 0.3043 0.0054
vn -0.9698 0.2430 -0.0195
vn 0.5778 -0.2568 0.7747
vn 0.6108 -0.3319 0.7188
vn 0.7706 -0.5076 0.3853
vn 0.8051 -0.3962 0.4413
vn 0.8150 -0.5669 0.1204
vn 0.8855 -0.4436 0.1379
vn 0.8250 -0.5650 -0.0135
vn 0.8774 -0.4788 -0.0313
vn 0.7059 -0.6950 -0.1364
vn 0.7724 -0.6077 -0.1849
vn 0.6406 -0.7546 -0.1423
vn 0.6077 -0.7678 -0.2027
vn -0.6647 0.0396 0.7461
vn -0.6563 -0.1456 0.7403
vn -0.6391 0.1625 0.7518
vn 0.8816 -0.1673 -0.4413
vn 0.8020 -0.1452 -0.5794
vn 0.8060 0.0031 -0.5919
vn 0.8592 -0.3042 -0.4115
vn 0.7921 -0.3146 -0.5231
vn -0.8410 -0.1096 -0.5298
vn -0.7274 -0.3385 -0.5969
vn -0.9569 0.1980 -0.2123
vn -0.5724 0.8026 0.1681
vn -0.6279 0.7575 0.1786
vn -0.7775 0.5890 0.2206
vn 0.9450 -0.3222 -0.0555
vn 0.9244 -0.3781 -0.0508
vn 0.9091 -0.3579 -0.2132
vn 0.9343 -0.2702 -0.2327
vn 0.6027 -0.7668 -0.2207
vn 0.7351 -0.6289 -0.2534
vn -0.1889 0.2111 0.9590
vn -0.4116 0.2187 0.8847
vn -0.1357 0.3336 0.9329
vn -0.7200 0.4188 0.5533
vn -0.3754 0.4176 0.8275
vn -0.8726 0.4519 0.1854
vn -0.5562 0.8054 0.2049
vn 0.8211 0.1625 -0.5471
vn 0.9060 -0.2113 -0.3667
vn 0.8795 -0.3304 -0.3425
vn -0.3404 -0.4530 0.8240
vn 0.2153 -0.4392 0.8722
vn 0.2423 0.9685 0.0582
vn 0.1054 0.9436 -0.3140
vn 0.2476 0.5462 0.8002
vn 0.2739 0.8693 0.4114
vn 0.3578 -0.2611 0.8965
vn 0.5195 -0.3133 0.7950
vn 0.3628 -0.0771 0.9287
vn 0.2866 0.1464 0.9468
vn -0.9389 0.3439 0.0163
vn -0.9371 0.3484 -0.0227
vn -0.8936 0.4254 0.1434
vn 0.8711 -0.4524 -0.1910
vn 0.9051 -0.4234 -0.0395
vn 0.9040 -0.4126 0.1121
vn 0.5388 -0.2379 0.8082
vn -0.5726 0.2226 0.7890
vn -0.8327 0.4592 0.3095
vn -0.7044 0.6609 0.2589
vn -0.8797 0.3753 0.2921
vn 0.4747 -0.5922 -0.6511
vn 0.7512 -0.4865 -0.4460
vn 0.8135 -0.4547 -0.3626
vn 0.8353 -0.4598 -0.3013
vn 0.8184 -0.3760 0.4345
vn -0.7164 -0.3332 -0.6130
vn -0.5582 0.7991 0.2231
vn 0.2707 0.4740 0.8379
vn 0.2764 0.3648 0.8891
vn 0.2741 0.2291 0.9340
vn 0.2705 0.0815 0.9593
vn 0.2614 -0.0694 0.9627
vn 0.2512 -0.2253 0.9414
vn 0.2446 -0.3733 0.8949
vn 0.5348 -0.3693 0.7600
vn 0.2633 -0.8068 0.5289
vn 0.2643 -0.8497 0.4562
vn 0.3342 -0.2720 0.9024
vn 0.4168 -0.3660 0.8320
vn 0.2574 -0.7384 0.6233
vn 0.4931 -0.4476 0.7460
vn 0.6460 -0.5961 0.4769
vn 0.2680 -0.8725 0.4086
vn 0.2744 -0.8865 0.3726
vn 0.2805 -0.8886 0.3629
vn -0.0000 0.0261 0.9997
vn -0.0000 0.2071 0.9783
vn -0.2343 0.2374 0.9427
vn -0.2856 0.0619 0.9563
vn -0.0000 0.3796 0.9251
vn -0.1769 0.4005 0.8991
vn -0.3255 0.4668 0.8223
vn -0.4331 0.3231 0.8415
vn -0.5274 0.1673 0.8330
vn -0.0000 -0.9749 -0.2227
vn -0.0000 -0.9990 -0.0438
vn -0.2343 -0.9689 -0.0795
vn -0.1769 -0.9526 -0.2476
vn -0.0000 -0.9904 0.1383
vn -0.2856 -0.9535 0.0958
vn -0.5274 -0.8492 -0.0284
vn -0.4331 -0.8831 -0.1806
vn -0.3255 -0.8877 -0.3256
vn -0.0000 -0.8730 0.4877
vn -0.0000 -0.7717 0.6359
vn -0.3766 -0.7229 0.5792
vn -0.3585 -0.8266 0.4339
vn -0.0000 -0.6465 0.7629
vn -0.3827 -0.5973 0.7048
vn -0.7071 -0.4572 0.5395
vn -0.6959 -0.5852 0.4162
vn -0.6622 -0.6957 0.2784
vn -0.0000 -0.3379 0.9412
vn -0.0000 -0.1605 0.9870
vn -0.3280 -0.1192 0.9371
vn -0.3585 -0.2924 0.8866
vn -0.6058 0.0018 0.7956
vn -0.6622 -0.1606 0.7319
vn -0.0000 0.6021 0.7984
vn -0.1007 0.5789 0.8092
vn -0.0000 0.7629 0.6465
vn -0.1554 0.6438 0.7493
vn -0.0000 -0.7629 -0.6465
vn -0.0000 -0.8863 -0.4630
vn -0.1007 -0.8932 -0.4383
vn -0.1554 -0.8447 -0.5121
vn -0.0000 -0.9473 0.3202
vn -0.3281 -0.9049 0.2713
vn -0.6058 -0.7851 0.1288
vn -0.0000 -0.5009 0.8655
vn -0.3766 -0.4527 0.8082
vn -0.6959 -0.3145 0.6457
vn -0.9093 -0.3786 0.1729
vn -0.8654 -0.4988 0.0471
vn -0.9239 -0.2474 0.2920
vn -1.0000 -0.0000 -0.0000
vn -0.9841 -0.1356 -0.1149
vn -0.9365 -0.2676 -0.2267
vn -0.7920 0.1808 0.5832
vn -0.8654 0.0354 0.4998
vn -0.6896 0.3231 0.6482
vn -0.7458 0.5082 0.4307
vn -0.8568 0.3934 0.3334
vn -0.9365 0.2676 0.2267
vn -0.2431 0.6709 0.7006
vn -0.4270 0.5622 0.7083
vn -0.2198 0.7443 0.6307
vn -0.4604 0.6772 0.5739
vn -0.2431 -0.8011 -0.5469
vn -0.2198 -0.7443 -0.6307
vn -0.4270 -0.7909 -0.4384
vn -0.4604 -0.6772 -0.5739
vn -0.7920 -0.6049 -0.0826
vn -0.6896 -0.6924 -0.2124
vn -0.8568 -0.3934 -0.3334
vn -0.7458 -0.5082 -0.4307
vn -0.9093 -0.1084 0.4018
vn -0.9841 0.1355 0.1148
vn -0.5657 0.4516 0.6899
vn -0.6125 0.6031 0.5111
vn -0.5657 -0.7547 -0.3323
vn -0.6124 -0.6031 -0.5111
vn -0.2431 -0.6709 -0.7006
vn -0.1554 -0.6438 -0.7493
vn -0.4270 -0.5622 -0.7083
vn -0.3255 -0.4668 -0.8223
vn -0.7920 -0.1808 -0.5832
vn -0.6896 -0.3231 -0.6482
vn -0.8654 -0.0353 -0.4998
vn -0.6622 0.1605 -0.7319
vn -0.6058 -0.0018 -0.7956
vn -0.5274 -0.1673 -0.8330
vn -0.9093 0.3786 -0.1728
vn -0.9239 0.2474 -0.2920
vn -0.8654 0.4989 -0.0471
vn -0.6622 0.6957 -0.2784
vn -0.6959 0.5853 -0.4162
vn -0.7071 0.4572 -0.5395
vn -0.5657 0.7546 0.3323
vn -0.6896 0.6924 0.2124
vn -0.4270 0.7909 0.4384
vn -0.3255 0.8877 0.3256
vn -0.4331 0.8831 0.1806
vn -0.5274 0.8492 0.0284
vn -0.5657 -0.4516 -0.6899
vn -0.4331 -0.3231 -0.8415
vn -0.9093 0.1084 -0.4018
vn -0.6959 0.3144 -0.6457
vn -0.7920 0.6049 0.0826
vn -0.6058 0.7851 -0.1288
vn -0.2431 0.8011 0.5469
vn -0.1554 0.8447 0.5121
vn -0.3766 0.7229 -0.5793
vn -0.3827 0.5973 -0.7048
vn -0.3585 0.8266 -0.4339
vn -0.0000 0.8730 -0.4877
vn -0.0000 0.7716 -0.6361
vn -0.0000 0.6465 -0.7629
vn -0.2343 0.9689 0.0795
vn -0.2856 0.9535 -0.0958
vn -0.1769 0.9526 0.2476
vn -0.0000 0.9749 0.2227
vn -0.0000 0.9990 0.0438
vn -0.0000 0.9904 -0.1383
vn -0.2343 -0.2374 -0.9427
vn -0.1769 -0.4005 -0.8991
vn -0.2856 -0.0619 -0.9563
vn -0.0000 -0.0261 -0.9997
vn -0.0000 -0.2071 -0.9783
vn -0.0000 -0.3796 -0.9251
vn -0.3766 0.4527 -0.8082
vn -0.3585 0.2924 -0.8866
vn -0.0000 0.5009 -0.8655
vn -0.0000 0.3379 -0.9412
vn -0.3281 0.9049 -0.2713
vn -0.0000 0.9473 -0.3202
vn -0.1007 0.8932 0.4383
vn -0.0000 0.8864 0.4630
vn -0.1007 -0.5789 -0.8092
vn -0.0000 -0.6022 -0.7984
vn -0.3280 0.1192 -0.9371
vn -0.0000 0.1605 -0.9870
vn 0.2343 -0.2374 -0.9427
vn 0.1769 -0.4005 -0.8991
vn 0.2856 -0.0619 -0.9563
vn 0.5274 -0.1673 -0.8330
vn 0.4331 -0.3231 -0.8415
vn 0.3255 -0.4668 -0.8223
vn 0.3766 0.4527 -0.8083
vn 0.3585 0.2924 -0.8866
vn 0.3827 0.5973 -0.7048
vn 0.7071 0.4571 -0.5395
vn 0.6959 0.3145 -0.6457
vn 0.6622 0.1605 -0.7319
vn 0.3280 0.9049 -0.2713
vn 0.3585 0.8266 -0.4339
vn 0.2856 0.9535 -0.0958
vn 0.5273 0.8492 0.0284
vn 0.6058 0.7851 -0.1288
vn 0.6622 0.6957 -0.2784
vn 0.1007 0.8932 0.4383
vn 0.1768 0.9526 0.2476
vn 0.1554 0.8447 0.5121
vn 0.3255 0.8877 0.3256
vn 0.1007 -0.5789 -0.8092
vn 0.1554 -0.6438 -0.7493
vn 0.3280 0.1192 -0.9371
vn 0.6058 -0.0018 -0.7956
vn 0.3766 0.7230 -0.5792
vn 0.6959 0.5853 -0.4162
vn 0.2343 0.9689 0.0795
vn 0.4331 0.8831 0.1806
vn 0.7920 0.6049 0.0826
vn 0.8654 0.4988 -0.0471
vn 0.6895 0.6924 0.2124
vn 0.7458 0.5082 0.4307
vn 0.8568 0.3934 0.3334
vn 0.9365 0.2676 0.2267
vn 0.2431 0.8011 0.5469
vn 0.4270 0.7909 0.4384
vn 0.2198 0.7443 0.6307
vn 0.4604 0.6772 0.5739
vn 0.2432 -0.6709 -0.7006
vn 0.2198 -0.7443 -0.6307
vn 0.4270 -0.5622 -0.7083
vn 0.4604 -0.6772 -0.5739
vn 0.7920 -0.1808 -0.5832
vn 0.6896 -0.3231 -0.6482
vn 0.8654 -0.0353 -0.4998
vn 0.9365 -0.2676 -0.2268
vn 0.8568 -0.3934 -0.3334
vn 0.7458 -0.5082 -0.4307
vn 0.9093 0.3786 -0.1728
vn 0.9239 0.2474 -0.2920
vn 0.9841 0.1356 0.1149
vn 1.0000 -0.0000 -0.0000
vn 0.5657 0.7546 0.3323
vn 0.6125 0.6031 0.5111
vn 0.5657 -0.4516 -0.6899
vn 0.6124 -0.6031 -0.5111
vn 0.9093 0.1084 -0.4018
vn 0.9841 -0.1356 -0.1149
vn 0.2431 -0.8011 -0.5469
vn 0.1554 -0.8447 -0.5121
vn 0.4270 -0.7909 -0.4384
vn 0.3255 -0.8877 -0.3256
vn 0.7920 -0.6049 -0.0826
vn 0.6896 -0.6924 -0.2124
vn 0.8654 -0.4989 0.0471
vn 0.6622 -0.6957 0.2784
vn 0.6058 -0.7851 0.1288
vn 0.5274 -0.8492 -0.0284
vn 0.9093 -0.1084 0.4018
vn 0.9239 -0.2474 0.2920
vn 0.8654 0.0353 0.4998
vn 0.6622 -0.1605 0.7320
vn 0.6959 -0.3144 0.6457
vn 0.7071 -0.4572 0.5395
vn 0.5657 0.4516 0.6899
vn 0.6896 0.3231 0.6482
vn 0.4270 0.5622 0.7083
vn 0.3255 0.4668 0.8223
vn 0.4331 0.3231 0.8415
vn 0.5274 0.1673 0.8330
vn 0.5657 -0.7547 -0.3323
vn 0.4331 -0.8831 -0.1806
vn 0.9092 -0.3787 0.1728
vn 0.6959 -0.5853 0.4162
vn 0.7920 0.1808 0.5832
vn 0.6058 0.0018 0.7956
vn 0.2431 0.6709 0.7006
vn 0.1554 0.6437 0.7493
vn 0.2343 0.2374 0.9427
vn 0.2856 0.0619 0.9563
vn 0.1769 0.4005 0.8991
vn 0.2343 -0.9689 -0.0795
vn 0.1768 -0.9526 -0.2476
vn 0.2856 -0.9535 0.0958
vn 0.3766 -0.7229 0.5792
vn 0.3585 -0.8266 0.4339
vn 0.3827 -0.5973 0.7048
vn 0.3280 -0.1192 0.9371
vn 0.3585 -0.2924 0.8866
vn 0.1007 0.5788 0.8092
vn 0.1007 -0.8932 -0.4382
vn 0.3280 -0.9049 0.2713
vn 0.3766 -0.4528 0.8082
vn -0.0000 0.9905 0.1372
vn -0.0000 0.9990 -0.0449
vn -0.2344 0.9688 -0.0806
vn -0.2856 0.9537 0.0947
vn -0.0000 0.9746 -0.2238
vn -0.1769 0.9523 -0.2487
vn -0.3255 0.8873 -0.3266
vn -0.4331 0.8829 -0.1817
vn -0.5274 0.8491 -0.0293
vn -0.0000 -0.3786 0.9256
vn -0.0000 -0.2060 0.9786
vn -0.2343 -0.2363 0.9430
vn -0.1769 -0.3995 0.8995
vn -0.0000 -0.0249 0.9997
vn -0.2856 -0.0608 0.9564
vn -0.5274 -0.1663 0.8332
vn -0.4331 -0.3221 0.8418
vn -0.3255 -0.4658 0.8228
vn -0.0000 0.3390 0.9408
vn -0.0000 0.5019 0.8649
vn -0.3766 0.4538 0.8076
vn -0.3585 0.2934 0.8862
vn -0.0000 0.6474 0.7622
vn -0.3827 0.5981 0.7041
vn -0.7071 0.4578 0.5389
vn -0.6959 0.3153 0.6452
vn -0.6622 0.1614 0.7317
vn -0.0000 0.8736 0.4867
vn -0.0000 0.9477 0.3191
vn -0.3281 0.9052 0.2703
vn -0.3585 0.8271 0.4329
vn -0.6058 0.7853 0.1279
vn -0.6622 0.6960 0.2777
vn -0.0000 0.8858 -0.4640
vn -0.1007 0.8927 -0.4393
vn -0.0000 0.7622 -0.6474
vn -0.1554 0.8442 -0.5131
vn -0.0000 -0.7622 0.6474
vn -0.0000 -0.6012 0.7991
vn -0.1007 -0.5779 0.8099
vn -0.1554 -0.6429 0.7500
vn -0.0000 0.1616 0.9869
vn -0.3280 0.1202 0.9370
vn -0.6058 -0.0009 0.7956
vn -0.0000 0.7724 0.6352
vn -0.3766 0.7236 0.5784
vn -0.6959 0.5857 0.4156
vn -0.9092 0.1088 0.4018
vn -0.8654 -0.0347 0.4998
vn -0.9239 0.2478 0.2917
vn -0.9841 -0.1352 0.1149
vn -0.9365 -0.2673 0.2270
vn -0.7919 0.6049 -0.0834
vn -0.8654 0.4989 0.0466
vn -0.6896 0.6922 -0.2132
vn -0.7458 0.5077 -0.4313
vn -0.8568 0.3931 -0.3339
vn -0.9365 0.2673 -0.2270
vn -0.2432 0.8005 -0.5478
vn -0.4270 0.7904 -0.4393
vn -0.2198 0.7435 -0.6315
vn -0.4604 0.6766 -0.5747
vn -0.2431 -0.6701 0.7013
vn -0.2199 -0.7435 0.6315
vn -0.4270 -0.5614 0.7089
vn -0.4604 -0.6766 0.5747
vn -0.7919 -0.1801 0.5834
vn -0.6896 -0.3223 0.6485
vn -0.8567 -0.3931 0.3339
vn -0.7458 -0.5077 0.4313
vn -0.9093 0.3789 0.1723
vn -0.9841 0.1353 -0.1149
vn -0.5657 0.7543 -0.3332
vn -0.6125 0.6025 -0.5117
vn -0.5657 -0.4509 0.6904
vn -0.6125 -0.6025 0.5117
vn -0.2431 -0.8005 0.5478
vn -0.1554 -0.8442 0.5131
vn -0.4270 -0.7904 0.4393
vn -0.3255 -0.8873 0.3266
vn -0.7920 -0.6048 0.0833
vn -0.6895 -0.6922 0.2132
vn -0.8654 -0.4989 -0.0466
vn -0.6622 -0.6960 -0.2777
vn -0.6058 -0.7853 -0.1279
vn -0.5274 -0.8491 0.0293
vn -0.9093 -0.1089 -0.4017
vn -0.9239 -0.2477 -0.2917
vn -0.8654 0.0348 -0.4999
vn -0.6622 -0.1614 -0.7317
vn -0.6959 -0.3153 -0.6452
vn -0.7071 -0.4578 -0.5389
vn -0.5657 0.4509 -0.6904
vn -0.6896 0.3223 -0.6485
vn -0.4270 0.5614 -0.7089
vn -0.3255 0.4658 -0.8228
vn -0.4331 0.3221 -0.8418
vn -0.5274 0.1663 -0.8332
vn -0.5657 -0.7543 0.3332
vn -0.4331 -0.8829 0.1817
vn -0.9093 -0.3788 -0.1725
vn -0.6959 -0.5858 -0.4155
vn -0.7920 0.1801 -0.5834
vn -0.6058 0.0009 -0.7956
vn -0.2431 0.6701 -0.7013
vn -0.1554 0.6429 -0.7500
vn -0.3766 -0.4538 -0.8076
vn -0.3827 -0.5981 -0.7042
vn -0.3585 -0.2934 -0.8862
vn -0.0000 -0.3390 -0.9408
vn -0.0000 -0.5019 -0.8649
vn -0.0000 -0.6474 -0.7622
vn -0.2343 0.2363 -0.9430
vn -0.2856 0.0608 -0.9564
vn -0.1768 0.3995 -0.8995
vn -0.0000 0.3786 -0.9256
vn -0.0000 0.2060 -0.9785
vn -0.0000 0.0249 -0.9997
vn -0.2343 -0.9688 0.0806
vn -0.1769 -0.9523 0.2487
vn -0.2856 -0.9537 -0.0947
vn -0.0000 -0.9905 -0.1372
vn -0.0000 -0.9990 0.0449
vn -0.0000 -0.9746 0.2238
vn -0.3766 -0.7236 -0.5784
vn -0.3585 -0.8270 -0.4330
vn -0.0000 -0.7723 -0.6353
vn -0.0000 -0.8736 -0.4867
vn -0.3280 -0.1202 -0.9370
vn -0.0000 -0.1616 -0.9869
vn -0.1007 0.5779 -0.8099
vn -0.0000 0.6012 -0.7991
vn -0.1007 -0.8927 0.4393
vn -0.0000 -0.8858 0.4640
vn -0.3280 -0.9052 -0.2703
vn -0.0000 -0.9477 -0.3191
vn 0.2343 -0.9688 0.0806
vn 0.1769 -0.9523 0.2487
vn 0.2856 -0.9537 -0.0947
vn 0.5274 -0.8491 0.0293
vn 0.4331 -0.8829 0.1817
vn 0.3255 -0.8873 0.3266
vn 0.3766 -0.7236 -0.5784
vn 0.3585 -0.8271 -0.4329
vn 0.3827 -0.5981 -0.7042
vn 0.7071 -0.4578 -0.5389
vn 0.6959 -0.5858 -0.4155
vn 0.6622 -0.6960 -0.2777
vn 0.3280 -0.1202 -0.9370
vn 0.3585 -0.2934 -0.8862
vn 0.2856 0.0608 -0.9564
vn 0.5274 0.1663 -0.8332
vn 0.6058 0.0009 -0.7956
vn 0.6622 -0.1614 -0.7318
vn 0.1007 0.5779 -0.8098
vn 0.1768 0.3995 -0.8995
vn 0.1554 0.6429 -0.7500
vn 0.3255 0.4658 -0.8228
vn 0.1007 -0.8927 0.4393
vn 0.1554 -0.8442 0.5131
vn 0.3280 -0.9052 -0.2703
vn 0.6058 -0.7853 -0.1279
vn 0.3766 -0.4537 -0.8077
vn 0.6959 -0.3153 -0.6452
vn 0.2343 0.2363 -0.9430
vn 0.4331 0.3221 -0.8418
vn 0.7920 0.1801 -0.5834
vn 0.8654 0.0348 -0.4999
vn 0.6896 0.3223 -0.6485
vn 0.7458 0.5077 -0.4313
vn 0.8567 0.3931 -0.3339
vn 0.9365 0.2673 -0.2270
vn 0.2431 0.6701 -0.7013
vn 0.4270 0.5614 -0.7089
vn 0.2198 0.7435 -0.6315
vn 0.4604 0.6766 -0.5747
vn 0.2431 -0.8005 0.5478
vn 0.2198 -0.7435 0.6315
vn 0.4270 -0.7904 0.4393
vn 0.4604 -0.6766 0.5747
vn 0.7920 -0.6048 0.0833
vn 0.6895 -0.6922 0.2132
vn 0.8654 -0.4989 -0.0466
vn 0.9365 -0.2673 0.2271
vn 0.8567 -0.3931 0.3339
vn 0.7458 -0.5077 0.4313
vn 0.9093 -0.1088 -0.4017
vn 0.9239 -0.2477 -0.2917
vn 0.9841 0.1352 -0.1149
vn 0.5657 0.4509 -0.6904
vn 0.6125 0.6025 -0.5117
vn 0.5657 -0.7543 0.3332
vn 0.6125 -0.6025 0.5117
vn 0.9093 -0.3788 -0.1724
vn 0.9841 -0.1352 0.1149
vn 0.2431 -0.6701 0.7013
vn 0.1554 -0.6429 0.7500
vn 0.4270 -0.5614 0.7089
vn 0.3255 -0.4658 0.8228
vn 0.7920 -0.1801 0.5834
vn 0.6896 -0.3223 0.6485
vn 0.8654 -0.0348 0.4999
vn 0.6622 0.1614 0.7318
vn 0.6058 -0.0009 0.7956
vn 0.5274 -0.1663 0.8332
vn 0.9093 0.3788 0.1724
vn 0.9239 0.2478 0.2917
vn 0.8654 0.4989 0.0466
vn 0.6622 0.6960 0.2777
vn 0.6959 0.5858 0.4154
vn 0.7071 0.4578 0.5389
vn 0.5657 0.7543 -0.3332
vn 0.6896 0.6921 -0.2132
vn 0.4270 0.7904 -0.4393
vn 0.3255 0.8873 -0.3266
vn 0.4331 0.8829 -0.1817
vn 0.5274 0.8491 -0.0293
vn 0.5657 -0.4509 0.6904
vn 0.4331 -0.3221 0.8418
vn 0.9093 0.1088 0.4017
vn 0.6959 0.3153 0.6452
vn 0.7920 0.6048 -0.0833
vn 0.6058 0.7853 0.1279
vn 0.2431 0.8005 -0.5478
vn 0.1554 0.8442 -0.5131
vn 0.2343 0.9688 -0.0807
vn 0.2856 0.9537 0.0947
vn 0.1769 0.9523 -0.2487
vn 0.2343 -0.2363 0.9430
vn 0.1769 -0.3995 0.8995
vn 0.2856 -0.0608 0.9564
vn 0.3766 0.4537 0.8077
vn 0.3585 0.2934 0.8862
vn 0.3827 0.5981 0.7041
vn 0.3280 0.9052 0.2703
vn 0.3585 0.8271 0.4329
vn 0.1007 0.8927 -0.4392
vn 0.1007 -0.5779 0.8099
vn 0.3280 0.1202 0.9370
vn 0.3766 0.7236 0.5784
vn -0.0000 0.5357 0.8444
vn -0.0000 0.6801 0.7331
vn -0.2343 0.6878 0.6870
vn -0.2856 0.5443 0.7888
vn -0.0000 0.8008 0.5989
vn -0.1769 0.8054 0.5658
vn -0.3256 0.8228 0.4658
vn -0.4331 0.7093 0.5561
vn -0.5274 0.5713 0.6289
vn -0.0000 -0.9509 0.3096
vn -0.0000 -0.8797 0.4755
vn -0.2343 -0.8722 0.4293
vn -0.1769 -0.9445 0.2768
vn -0.0000 -0.7788 0.6273
vn -0.2856 -0.7690 0.5719
vn -0.5274 -0.7432 0.4118
vn -0.4331 -0.8505 0.2985
vn -0.3255 -0.9289 0.1765
vn -0.0000 -0.4986 0.8668
vn -0.0000 -0.3356 0.9420
vn -0.3766 -0.3229 0.8683
vn -0.3585 -0.4864 0.7968
vn -0.0000 -0.1630 0.9866
vn -0.3827 -0.1505 0.9115
vn -0.7071 -0.1152 0.6977
vn -0.6959 -0.2885 0.6577
vn -0.6622 -0.4539 0.5962
vn -0.0000 0.1935 0.9811
vn -0.0000 0.3692 0.9293
vn -0.3280 0.3790 0.8653
vn -0.3585 0.2045 0.9109
vn -0.6058 0.4101 0.6818
vn -0.6622 0.2381 0.7105
vn -0.0000 0.9267 0.3758
vn -0.1007 0.9123 0.3970
vn -0.0000 0.9866 0.1629
vn -0.1554 0.9372 0.3123
vn -0.0000 -0.9866 -0.1629
vn -0.0000 -0.9983 0.0579
vn -0.1007 -0.9915 0.0827
vn -0.1554 -0.9878 -0.0056
vn -0.0000 -0.6484 0.7613
vn -0.3280 -0.6371 0.6975
vn -0.6058 -0.6075 0.5137
vn -0.0000 0.0147 0.9999
vn -0.3766 0.0267 0.9260
vn -0.6959 0.0618 0.7155
vn -0.9093 -0.2361 0.3428
vn -0.8654 -0.4038 0.2966
vn -0.9239 -0.0624 0.3776
vn -0.9841 -0.1750 -0.0289
vn -0.9365 -0.3460 -0.0571
vn -0.7920 0.4546 0.4076
vn -0.8654 0.2870 0.4107
vn -0.6896 0.6101 0.3902
vn -0.7458 0.6573 0.1086
vn -0.8568 0.5088 0.0840
vn -0.9365 0.3460 0.0571
vn -0.2431 0.9354 0.2566
vn -0.4270 0.8461 0.3190
vn -0.2198 0.9625 0.1590
vn -0.4604 0.8759 0.1446
vn -0.2431 -0.9683 -0.0579
vn -0.2198 -0.9625 -0.1590
vn -0.4270 -0.9038 0.0300
vn -0.4604 -0.8759 -0.1447
vn -0.7920 -0.5615 0.2398
vn -0.6896 -0.7032 0.1734
vn -0.8568 -0.5088 -0.0840
vn -0.7458 -0.6573 -0.1086
vn -0.9093 0.1133 0.4005
vn -0.9841 0.1750 0.0289
vn -0.5657 0.7418 0.3600
vn -0.6125 0.7799 0.1288
vn -0.5657 -0.8182 0.1024
vn -0.6125 -0.7799 -0.1288
vn -0.2431 -0.9354 -0.2566
vn -0.1554 -0.9372 -0.3123
vn -0.4270 -0.8461 -0.3190
vn -0.3255 -0.8228 -0.4658
vn -0.7919 -0.4547 -0.4076
vn -0.6896 -0.6101 -0.3903
vn -0.8654 -0.2870 -0.4107
vn -0.6622 -0.2381 -0.7105
vn -0.6058 -0.4101 -0.6818
vn -0.5274 -0.5713 -0.6289
vn -0.9093 0.2361 -0.3427
vn -0.9239 0.0624 -0.3776
vn -0.8654 0.4039 -0.2966
vn -0.6622 0.4539 -0.5962
vn -0.6959 0.2885 -0.6577
vn -0.7071 0.1152 -0.6977
vn -0.5657 0.8182 -0.1024
vn -0.6895 0.7032 -0.1734
vn -0.4270 0.9038 -0.0300
vn -0.3255 0.9289 -0.1765
vn -0.4331 0.8505 -0.2985
vn -0.5274 0.7432 -0.4117
vn -0.5657 -0.7418 -0.3600
vn -0.4331 -0.7093 -0.5561
vn -0.9092 -0.1135 -0.4005
vn -0.6959 -0.0615 -0.7155
vn -0.7920 0.5615 -0.2398
vn -0.6058 0.6075 -0.5137
vn -0.2431 0.9683 0.0579
vn -0.1554 0.9878 0.0056
vn -0.3766 0.3230 -0.8682
vn -0.3827 0.1505 -0.9115
vn -0.3585 0.4864 -0.7968
vn -0.0000 0.4986 -0.8668
vn -0.0000 0.3354 -0.9421
vn -0.0000 0.1629 -0.9866
vn -0.2343 0.8722 -0.4293
vn -0.2856 0.7690 -0.5719
vn -0.1769 0.9445 -0.2768
vn -0.0000 0.9509 -0.3096
vn -0.0000 0.8797 -0.4755
vn -0.0000 0.7788 -0.6273
vn -0.2343 -0.6878 -0.6870
vn -0.1769 -0.8054 -0.5658
vn -0.2856 -0.5443 -0.7888
vn -0.0000 -0.5358 -0.8444
vn -0.0000 -0.6801 -0.7331
vn -0.0000 -0.8008 -0.5989
vn -0.3766 -0.0267 -0.9260
vn -0.3585 -0.2044 -0.9109
vn -0.0000 -0.0147 -0.9999
vn -0.0000 -0.1934 -0.9811
vn -0.3280 0.6371 -0.6975
vn -0.0000 0.6484 -0.7613
vn -0.1007 0.9915 -0.0827
vn -0.0000 0.9983 -0.0579
vn -0.1007 -0.9122 -0.3971
vn -0.0000 -0.9267 -0.3759
vn -0.3280 -0.3790 -0.8653
vn -0.0000 -0.3692 -0.9293
vn 0.2343 -0.6878 -0.6870
vn 0.1769 -0.8054 -0.5658
vn 0.2856 -0.5443 -0.7888
vn 0.5274 -0.5713 -0.6289
vn 0.4331 -0.7093 -0.5561
vn 0.3255 -0.8228 -0.4658
vn 0.3766 -0.0267 -0.9260
vn 0.3585 -0.2044 -0.9109
vn 0.3827 0.1505 -0.9115
vn 0.7071 0.1152 -0.6977
vn 0.6959 -0.0619 -0.7155
vn 0.6622 -0.2381 -0.7105
vn 0.3280 0.6371 -0.6975
vn 0.3585 0.4864 -0.7968
vn 0.2856 0.7690 -0.5719
vn 0.5274 0.7432 -0.4117
vn 0.6058 0.6075 -0.5137
vn 0.6622 0.4539 -0.5962
vn 0.1007 0.9915 -0.0826
vn 0.1769 0.9445 -0.2768
vn 0.1555 0.9878 0.0056
vn 0.3255 0.9289 -0.1765
vn 0.1007 -0.9122 -0.3971
vn 0.1554 -0.9372 -0.3123
vn 0.3280 -0.3790 -0.8653
vn 0.6058 -0.4101 -0.6818
vn 0.3766 0.3228 -0.8683
vn 0.6959 0.2887 -0.6576
vn 0.2343 0.8722 -0.4293
vn 0.4331 0.8505 -0.2985
vn 0.7920 0.5615 -0.2398
vn 0.8654 0.4038 -0.2966
vn 0.6896 0.7032 -0.1734
vn 0.7458 0.6573 0.1085
vn 0.8568 0.5088 0.0840
vn 0.9365 0.3460 0.0571
vn 0.2431 0.9683 0.0579
vn 0.4270 0.9038 -0.0300
vn 0.2198 0.9625 0.1590
vn 0.4604 0.8759 0.1446
vn 0.2431 -0.9355 -0.2565
vn 0.2198 -0.9625 -0.1590
vn 0.4270 -0.8461 -0.3190
vn 0.4604 -0.8759 -0.1447
vn 0.7920 -0.4546 -0.4076
vn 0.6896 -0.6101 -0.3903
vn 0.8654 -0.2870 -0.4107
vn 0.9365 -0.3460 -0.0571
vn 0.8568 -0.5088 -0.0840
vn 0.7458 -0.6573 -0.1086
vn 0.9093 0.2360 -0.3428
vn 0.9239 0.0624 -0.3776
vn 0.9842 0.1749 0.0289
vn 0.5657 0.8182 -0.1024
vn 0.6125 0.7799 0.1288
vn 0.5657 -0.7418 -0.3600
vn 0.6125 -0.7799 -0.1288
vn 0.9093 -0.1135 -0.4005
vn 0.9841 -0.1751 -0.0289
vn 0.2431 -0.9683 -0.0579
vn 0.1554 -0.9878 -0.0056
vn 0.4270 -0.9038 0.0300
vn 0.3255 -0.9289 0.1765
vn 0.7920 -0.5615 0.2398
vn 0.6896 -0.7032 0.1734
vn 0.8654 -0.4038 0.2966
vn 0.6622 -0.4539 0.5962
vn 0.6058 -0.6075 0.5137
vn 0.5274 -0.7432 0.4118
vn 0.9093 0.1133 0.4004
vn 0.9239 -0.0624 0.3776
vn 0.8654 0.2870 0.4107
vn 0.6622 0.2381 0.7105
vn 0.6959 0.0617 0.7155
vn 0.7071 -0.1152 0.6977
vn 0.5657 0.7418 0.3600
vn 0.6896 0.6101 0.3903
vn 0.4270 0.8461 0.3190
vn 0.3256 0.8228 0.4658
vn 0.4331 0.7093 0.5561
vn 0.5274 0.5713 0.6289
vn 0.5657 -0.8182 0.1024
vn 0.4331 -0.8505 0.2985
vn 0.9093 -0.2360 0.3428
vn 0.6959 -0.2885 0.6577
vn 0.7920 0.4546 0.4076
vn 0.6058 0.4101 0.6818
vn 0.2431 0.9354 0.2566
vn 0.1554 0.9372 0.3123
vn 0.2343 0.6878 0.6870
vn 0.2856 0.5443 0.7888
vn 0.1769 0.8054 0.5658
vn 0.2343 -0.8722 0.4293
vn 0.1769 -0.9445 0.2768
vn 0.2856 -0.7690 0.5719
vn 0.3766 -0.3229 0.8683
vn 0.3585 -0.4864 0.7968
vn 0.3827 -0.1505 0.9115
vn 0.3280 0.3790 0.8653
vn 0.3585 0.2044 0.9109
vn 0.1007 0.9123 0.3970
vn 0.1007 -0.9915 0.0827
vn 0.3280 -0.6371 0.6975
vn 0.3766 0.0267 0.9260
vn -0.0000 0.5832 0.8123
vn -0.0000 0.7200 0.6940
vn -0.2613 0.7201 0.6428
vn -0.3195 0.5826 0.7473
vn -0.0000 0.8306 0.5569
vn -0.1970 0.8299 0.5220
vn -0.3567 0.8349 0.4192
vn -0.4717 0.7227 0.5051
vn -0.5708 0.5869 0.5743
vn -0.0000 -0.9500 0.3123
vn -0.0000 -0.8804 0.4743
vn -0.2612 -0.8667 0.4249
vn -0.1969 -0.9399 0.2790
vn -0.0000 -0.7807 0.6250
vn -0.3195 -0.7626 0.5625
vn -0.5707 -0.7200 0.3948
vn -0.4717 -0.8322 0.2916
vn -0.3568 -0.9170 0.1786
vn -0.0000 -0.4941 0.8694
vn -0.0000 -0.3209 0.9471
vn -0.4259 -0.3031 0.8525
vn -0.4041 -0.4737 0.7825
vn -0.0000 -0.1361 0.9907
vn -0.4332 -0.1227 0.8929
vn -0.7575 -0.0888 0.6467
vn -0.7459 -0.2610 0.6128
vn -0.7109 -0.4267 0.5591
vn -0.0000 0.2413 0.9704
vn -0.0000 0.4203 0.9074
vn -0.3683 0.4210 0.8289
vn -0.4041 0.2452 0.8812
vn -0.6524 0.4290 0.6247
vn -0.7109 0.2601 0.6534
vn -0.0000 0.9412 0.3379
vn -0.1139 0.9257 0.3608
vn -0.0000 0.9907 0.1361
vn -0.1699 0.9453 0.2785
vn -0.0000 -0.9907 -0.1361
vn -0.0000 -0.9974 0.0715
vn -0.1138 -0.9887 0.0979
vn -0.1699 -0.9854 0.0133
vn -0.0000 -0.6494 0.7604
vn -0.3682 -0.6290 0.6847
vn -0.6524 -0.5816 0.4859
vn -0.0000 0.0537 0.9986
vn -0.4259 0.0620 0.9026
vn -0.7459 0.0861 0.6605
vn -0.9287 -0.2101 0.3055
vn -0.8888 -0.3712 0.2688
vn -0.9418 -0.0457 0.3330
vn -0.9865 -0.1624 -0.0223
vn -0.9453 -0.3232 -0.0444
vn -0.8208 0.4466 0.3562
vn -0.8888 0.2850 0.3589
vn -0.7237 0.5996 0.3417
vn -0.7732 0.6283 0.0863
vn -0.8747 0.4801 0.0659
vn -0.9453 0.3233 0.0444
vn -0.2634 0.9389 0.2215
vn -0.4586 0.8437 0.2789
vn -0.2417 0.9613 0.1321
vn -0.4918 0.8626 0.1185
vn -0.2634 -0.9639 -0.0399
vn -0.2417 -0.9613 -0.1321
vn -0.4586 -0.8877 0.0411
vn -0.4917 -0.8627 -0.1185
vn -0.8208 -0.5261 0.2226
vn -0.7237 -0.6695 0.1674
vn -0.8747 -0.4801 -0.0660
vn -0.7732 -0.6282 -0.0863
vn -0.9287 0.1199 0.3508
vn -0.9865 0.1623 0.0223
vn -0.6016 0.7338 0.3157
vn -0.6452 0.7569 0.1040
vn -0.6016 -0.7917 0.1061
vn -0.6453 -0.7568 -0.1040
vn -0.2634 -0.9389 -0.2215
vn -0.1699 -0.9453 -0.2784
vn -0.4586 -0.8437 -0.2789
vn -0.3567 -0.8349 -0.4192
vn -0.8208 -0.4466 -0.3562
vn -0.7237 -0.5996 -0.3417
vn -0.8888 -0.2850 -0.3589
vn -0.7109 -0.2601 -0.6534
vn -0.6524 -0.4290 -0.6248
vn -0.5708 -0.5868 -0.5743
vn -0.9287 0.2101 -0.3055
vn -0.9418 0.0457 -0.3330
vn -0.8888 0.3712 -0.2688
vn -0.7109 0.4267 -0.5591
vn -0.7459 0.2610 -0.6128
vn -0.7575 0.0888 -0.6468
vn -0.6016 0.7917 -0.1061
vn -0.7237 0.6696 -0.1674
vn -0.4587 0.8877 -0.0411
vn -0.3567 0.9170 -0.1786
vn -0.4716 0.8322 -0.2916
vn -0.5707 0.7200 -0.3948
vn -0.6016 -0.7338 -0.3157
vn -0.4717 -0.7227 -0.5052
vn -0.9287 -0.1200 -0.3508
vn -0.7459 -0.0861 -0.6605
vn -0.8208 0.5261 -0.2226
vn -0.6524 0.5816 -0.4859
vn -0.2634 0.9639 0.0399
vn -0.1699 0.9854 -0.0133
vn -0.4259 0.3031 -0.8525
vn -0.4332 0.1226 -0.8929
vn -0.4041 0.4737 -0.7825
vn -0.0000 0.4941 -0.8694
vn -0.0000 0.3208 -0.9471
vn -0.0000 0.1361 -0.9907
vn -0.2612 0.8667 -0.4249
vn -0.3195 0.7626 -0.5625
vn -0.1969 0.9399 -0.2790
vn -0.0000 0.9500 -0.3122
vn -0.0000 0.8804 -0.4742
vn -0.0000 0.7807 -0.6250
vn -0.2613 -0.7201 -0.6428
vn -0.1970 -0.8299 -0.5220
vn -0.3195 -0.5826 -0.7473
vn -0.0000 -0.5832 -0.8123
vn -0.0000 -0.7200 -0.6940
vn -0.0000 -0.8307 -0.5568
vn -0.4259 -0.0620 -0.9026
vn -0.4041 -0.2452 -0.8812
vn -0.0000 -0.0536 -0.9986
vn -0.0000 -0.2413 -0.9704
vn -0.3683 0.6290 -0.6847
vn -0.0000 0.6494 -0.7604
vn -0.1138 0.9887 -0.0979
vn -0.0000 0.9974 -0.0716
vn -0.1138 -0.9257 -0.3608
vn -0.0000 -0.9412 -0.3378
vn -0.3683 -0.4210 -0.8289
vn -0.0000 -0.4203 -0.9074
vn 0.2613 -0.7201 -0.6428
vn 0.1970 -0.8299 -0.5220
vn 0.3195 -0.5826 -0.7473
vn 0.5707 -0.5869 -0.5743
vn 0.4716 -0.7227 -0.5052
vn 0.3567 -0.8349 -0.4192
vn 0.4259 -0.0620 -0.9026
vn 0.4041 -0.2452 -0.8812
vn 0.4332 0.1227 -0.8929
vn 0.7575 0.0888 -0.6468
vn 0.7459 -0.0861 -0.6605
vn 0.7109 -0.2602 -0.6534
vn 0.3683 0.6289 -0.6847
vn 0.4041 0.4737 -0.7825
vn 0.3195 0.7626 -0.5625
vn 0.5707 0.7200 -0.3948
vn 0.6524 0.5816 -0.4859
vn 0.7109 0.4267 -0.5591
vn 0.1138 0.9887 -0.0979
vn 0.1969 0.9399 -0.2790
vn 0.1699 0.9854 -0.0133
vn 0.3567 0.9170 -0.1786
vn 0.1138 -0.9257 -0.3608
vn 0.1699 -0.9453 -0.2785
vn 0.3683 -0.4211 -0.8289
vn 0.6523 -0.4291 -0.6248
vn 0.4259 0.3031 -0.8525
vn 0.7459 0.2610 -0.6128
vn 0.2613 0.8667 -0.4248
vn 0.4716 0.8322 -0.2916
vn 0.8208 0.5261 -0.2226
vn 0.8888 0.3713 -0.2688
vn 0.7236 0.6696 -0.1674
vn 0.7731 0.6283 0.0863
vn 0.8747 0.4802 0.0660
vn 0.9453 0.3233 0.0444
vn 0.2635 0.9638 0.0399
vn 0.4587 0.8877 -0.0411
vn 0.2417 0.9613 0.1321
vn 0.4918 0.8626 0.1185
vn 0.2634 -0.9389 -0.2215
vn 0.2417 -0.9613 -0.1321
vn 0.4586 -0.8437 -0.2789
vn 0.4917 -0.8627 -0.1185
vn 0.8208 -0.4466 -0.3562
vn 0.7236 -0.5997 -0.3417
vn 0.8887 -0.2851 -0.3590
vn 0.9453 -0.3233 -0.0444
vn 0.8747 -0.4802 -0.0660
vn 0.7732 -0.6283 -0.0863
vn 0.9287 0.2102 -0.3055
vn 0.9418 0.0457 -0.3330
vn 0.9865 0.1625 0.0223
vn 0.6015 0.7918 -0.1061
vn 0.6452 0.7569 0.1040
vn 0.6015 -0.7338 -0.3157
vn 0.6452 -0.7569 -0.1040
vn 0.9287 -0.1200 -0.3509
vn 0.9865 -0.1624 -0.0223
vn 0.2634 -0.9639 -0.0399
vn 0.1699 -0.9854 0.0133
vn 0.4586 -0.8877 0.0411
vn 0.3568 -0.9170 0.1786
vn 0.8207 -0.5261 0.2226
vn 0.7236 -0.6696 0.1674
vn 0.8888 -0.3713 0.2688
vn 0.7109 -0.4267 0.5591
vn 0.6524 -0.5816 0.4859
vn 0.5707 -0.7200 0.3948
vn 0.9287 0.1200 0.3509
vn 0.9418 -0.0457 0.3330
vn 0.8888 0.2851 0.3589
vn 0.7109 0.2602 0.6534
vn 0.7459 0.0861 0.6605
vn 0.7575 -0.0889 0.6468
vn 0.6015 0.7338 0.3157
vn 0.7236 0.5997 0.3417
vn 0.4586 0.8437 0.2790
vn 0.3568 0.8349 0.4192
vn 0.4717 0.7228 0.5051
vn 0.5707 0.5869 0.5743
vn 0.6015 -0.7918 0.1061
vn 0.4716 -0.8322 0.2916
vn 0.9287 -0.2102 0.3055
vn 0.7459 -0.2610 0.6128
vn 0.8208 0.4466 0.3562
vn 0.6524 0.4291 0.6247
vn 0.2634 0.9389 0.2215
vn 0.1699 0.9453 0.2785
vn 0.2613 0.7201 0.6428
vn 0.3195 0.5826 0.7473
vn 0.1970 0.8299 0.5220
vn 0.2613 -0.8667 0.4249
vn 0.1969 -0.9399 0.2790
vn 0.3195 -0.7626 0.5625
vn 0.4259 -0.3031 0.8525
vn 0.4041 -0.4737 0.7825
vn 0.4332 -0.1227 0.8929
vn 0.3683 0.4211 0.8289
vn 0.4041 0.2452 0.8812
vn 0.1139 0.9256 0.3609
vn 0.1138 -0.9887 0.0979
vn 0.3682 -0.6290 0.6847
vn 0.4259 0.0620 0.9026
vn 0.4717 0.7227 0.5051
vn 0.3568 0.8348 0.4192
vn -0.0000 0.8306 0.5568
vn -0.0000 -0.9500 0.3122
vn -0.0000 -0.3210 0.9471
vn 0.7575 -0.0888 0.6468
vn -0.0000 0.4204 0.9073
vn 0.7109 0.2601 0.6534
vn 0.6524 0.4291 0.6248
vn 0.9452 -0.3233 -0.0444
vn 0.9865 -0.1625 -0.0223
vn 0.9418 -0.0458 0.3330
vn 0.8207 0.4467 0.3562
vn 0.9452 0.3233 0.0444
vn 0.7236 0.5996 0.3417
vn 0.8208 -0.5261 0.2226
vn 0.7109 -0.2601 -0.6534
vn 0.8888 -0.2851 -0.3589
vn 0.7237 0.6696 -0.1674
vn 0.6016 0.7917 -0.1061
vn 0.4717 -0.7227 -0.5052
vn 0.2635 0.9638 0.0398
vn 0.4332 0.1226 -0.8929
vn -0.0000 0.3209 -0.9471
vn 0.2613 0.8667 -0.4249
vn -0.0000 0.9500 -0.3123
vn -0.0000 -0.8306 -0.5568
vn -0.0000 -0.2413 -0.9705
vn 0.3683 0.6290 -0.6847
vn -0.7575 0.0888 -0.6467
vn -0.3683 0.6289 -0.6847
vn -0.6524 0.5816 -0.4860
vn -0.5708 0.7200 -0.3948
vn -0.1699 -0.9453 -0.2785
vn -0.1139 -0.9257 -0.3608
vn -0.2613 0.8667 -0.4249
vn -0.8887 0.3713 -0.2688
vn -0.8208 0.5260 -0.2226
vn -0.4587 0.8876 -0.0411
vn -0.8208 -0.4465 -0.3562
vn -0.9453 -0.3233 -0.0444
vn -0.8887 -0.2851 -0.3590
vn -0.9287 0.2102 -0.3056
vn -0.9865 0.1625 0.0223
vn -0.6015 -0.7338 -0.3157
vn -0.6453 -0.7569 -0.1040
vn -0.9287 -0.1200 -0.3509
vn -0.2635 -0.9638 -0.0399
vn -0.5708 -0.7200 0.3948
vn -0.6524 -0.5816 0.4860
vn -0.9287 0.1200 0.3509
vn -0.7575 -0.0888 0.6468
vn -0.7236 0.5997 0.3417
vn -0.3568 0.8349 0.4192
vn -0.6015 -0.7918 0.1061
vn -0.9287 -0.2102 0.3055
vn -0.6524 0.4290 0.6248
vn -0.2635 0.9389 0.2216
vn -0.2613 -0.8667 0.4249
vn -0.3195 -0.7625 0.5625
vn -0.4041 0.2452 0.8813
vn -0.3683 -0.6290 0.6847
vn -0.7246 0.6892 -0.0000
vn -0.6647 0.6322 -0.3982
vn -0.7637 0.4789 -0.4329
vn -0.8587 0.4282 -0.2815
vn -0.5117 0.4866 -0.7081
vn -0.6975 0.2885 -0.6559
vn -0.8567 0.1239 -0.5007
vn -0.3042 0.2894 -0.9076
vn -0.2156 0.2051 -0.9547
vn -0.4670 -0.0601 -0.8822
vn -0.5431 0.0371 -0.8388
vn -0.1380 0.1312 -0.9817
vn -0.3966 -0.1414 -0.9070
vn -0.6164 -0.3717 -0.6942
vn -0.6809 -0.2841 -0.6751
vn -0.7465 -0.1756 -0.6418
vn 0.0001 0.0018 -1.0000
vn 0.0688 -0.0614 -0.9957
vn -0.2024 -0.3071 -0.9299
vn -0.2668 -0.2642 -0.9268
vn 0.1418 -0.1333 -0.9809
vn -0.1361 -0.3412 -0.9301
vn -0.4301 -0.5101 -0.7448
vn -0.4609 -0.5104 -0.7260
vn -0.5046 -0.4857 -0.7137
vn -0.4024 0.3827 -0.8316
vn -0.6217 0.1522 -0.7683
vn -0.8076 -0.0434 -0.5881
vn -0.0674 0.0647 -0.9956
vn -0.3307 -0.2085 -0.9204
vn -0.5570 -0.4385 -0.7053
vn 0.1770 -0.1708 -0.9693
vn -0.1173 -0.3278 -0.9374
vn 0.1200 -0.1125 -0.9864
vn -0.2100 -0.2137 -0.9541
vn -0.5475 -0.3243 -0.7714
vn -0.4485 -0.4581 -0.7675
vn -0.9319 -0.1740 -0.3182
vn -0.9623 0.0101 -0.2717
vn -0.8818 -0.3190 -0.3475
vn -0.9297 -0.3683 -0.0000
vn -0.9755 -0.2199 -0.0000
vn -0.9997 -0.0264 -0.0000
vn -0.7094 -0.5926 -0.3816
vn -0.7628 -0.5264 -0.3757
vn -0.6695 -0.6350 -0.3855
vn -0.7271 -0.6866 -0.0000
vn -0.7628 -0.6466 -0.0000
vn -0.8145 -0.5801 -0.0000
vn -0.7303 -0.5477 -0.4082
vn -0.6685 -0.6260 -0.4016
vn -0.8174 -0.4145 -0.4001
vn -0.8975 -0.4411 -0.0000
vn -0.8193 -0.5734 -0.0000
vn -0.7480 -0.6637 -0.0000
vn -0.9385 0.2950 -0.1793
vn -0.9391 0.3437 -0.0000
vn -0.8232 -0.4346 -0.3654
vn -0.8736 -0.4867 -0.0000
vn -0.6515 -0.6496 -0.3918
vn -0.7168 -0.6973 -0.0000
vn -0.9319 -0.1740 0.3182
vn -0.9623 0.0101 0.2717
vn -0.8818 -0.3190 0.3474
vn -0.7465 -0.1756 0.6418
vn -0.8077 -0.0434 0.5881
vn -0.8567 0.1239 0.5007
vn -0.7093 -0.5927 0.3815
vn -0.7628 -0.5264 0.3757
vn -0.6695 -0.6350 0.3855
vn -0.5045 -0.4856 0.7139
vn -0.5570 -0.4385 0.7053
vn -0.6164 -0.3718 0.6942
vn -0.7304 -0.5477 0.4081
vn -0.6684 -0.6260 0.4016
vn -0.8174 -0.4145 0.4001
vn -0.5475 -0.3243 0.7714
vn -0.4485 -0.4581 0.7675
vn -0.4301 -0.5101 0.7448
vn -0.9384 0.2953 0.1792
vn -0.8587 0.4283 0.2815
vn -0.8232 -0.4346 0.3654
vn -0.6809 -0.2841 0.6751
vn -0.6516 -0.6496 0.3917
vn -0.4609 -0.5104 0.7260
vn -0.7637 0.4789 0.4330
vn -0.6647 0.6322 0.3981
vn -0.6975 0.2885 0.6559
vn -0.5117 0.4867 0.7080
vn -0.4670 -0.0601 0.8822
vn -0.5431 0.0371 0.8388
vn -0.3965 -0.1414 0.9071
vn -0.1379 0.1312 0.9817
vn -0.2156 0.2051 0.9547
vn -0.3042 0.2894 0.9076
vn -0.2024 -0.3070 0.9299
vn -0.2668 -0.2642 0.9268
vn -0.1361 -0.3412 0.9301
vn 0.1418 -0.1333 0.9809
vn 0.0688 -0.0614 0.9957
vn 0.0001 0.0018 1.0000
vn -0.6217 0.1522 0.7683
vn -0.4024 0.3827 0.8316
vn -0.3307 -0.2086 0.9204
vn -0.0676 0.0649 0.9956
vn -0.1174 -0.3278 0.9374
vn -0.2100 -0.2137 0.9541
vn 0.1200 -0.1125 0.9864
vn 0.1770 -0.1708 0.9693
vn 0.0367 0.4694 0.8822
vn -0.0642 0.5406 0.8388
vn 0.1213 0.4032 0.9070
vn 0.3405 0.6342 0.6942
vn 0.2496 0.6943 0.6751
vn 0.1380 0.7544 0.6418
vn 0.3313 0.2056 0.9208
vn 0.2637 0.2765 0.9241
vn 0.3995 0.1138 0.9096
vn 0.6173 0.3538 0.7027
vn 0.5536 0.4426 0.7055
vn 0.4873 0.5122 0.7072
vn -0.1831 0.6133 0.7683
vn -0.3231 0.6822 0.6559
vn 0.0029 0.8088 0.5881
vn -0.1666 0.8495 0.5007
vn 0.1953 0.3399 0.9200
vn 0.4179 0.5741 0.7041
vn 0.4263 0.0334 0.9040
vn 0.3655 0.0055 0.9308
vn 0.4100 0.1926 0.8915
vn 0.6297 0.2662 0.7298
vn -0.5167 0.7387 0.4328
vn -0.4707 0.8362 0.2814
vn 0.1271 0.9395 0.3182
vn -0.0582 0.9606 0.2716
vn 0.2744 0.8967 0.3474
vn 0.3212 0.9470 -0.0000
vn 0.1707 0.9853 -0.0000
vn -0.0237 0.9997 -0.0000
vn 0.5668 0.7304 0.3810
vn 0.4875 0.7882 0.3757
vn 0.6367 0.6694 0.3827
vn 0.6892 0.7246 -0.0000
vn 0.6187 0.7857 -0.0000
vn 0.5386 0.8426 -0.0000
vn 0.7845 0.4735 0.4004
vn 0.7633 0.5224 0.3801
vn 0.6273 0.6037 0.4920
vn 0.6992 0.7149 -0.0000
vn 0.8373 0.5467 -0.0000
vn 0.8146 0.5800 -0.0000
vn -0.3419 0.9225 0.1791
vn -0.3904 0.9207 -0.0000
vn 0.3929 0.8439 0.3654
vn 0.4423 0.8969 -0.0000
vn 0.7016 0.6017 0.3818
vn 0.7535 0.6574 -0.0000
vn 0.5667 0.7305 -0.3810
vn 0.4875 0.7881 -0.3757
vn 0.6367 0.6694 -0.3827
vn 0.4873 0.5122 -0.7072
vn 0.4179 0.5741 -0.7041
vn 0.3405 0.6342 -0.6942
vn 0.7845 0.4735 -0.4004
vn 0.7633 0.5224 -0.3801
vn 0.6273 0.6037 -0.4920
vn 0.4101 0.1926 -0.8915
vn 0.6297 0.2662 -0.7298
vn 0.6173 0.3538 -0.7027
vn -0.3415 0.9226 -0.1792
vn -0.4707 0.8362 -0.2815
vn -0.0582 0.9606 -0.2716
vn -0.1666 0.8495 -0.5007
vn 0.3928 0.8439 -0.3654
vn 0.2744 0.8967 -0.3474
vn 0.2496 0.6943 -0.6751
vn 0.1380 0.7544 -0.6418
vn 0.7014 0.6019 -0.3818
vn 0.5536 0.4425 -0.7055
vn 0.1271 0.9395 -0.3182
vn 0.0029 0.8088 -0.5881
vn -0.5167 0.7387 -0.4328
vn -0.3231 0.6822 -0.6559
vn 0.0367 0.4694 -0.8822
vn -0.0643 0.5406 -0.8388
vn 0.1213 0.4031 -0.9071
vn 0.3314 0.2056 -0.9208
vn 0.2637 0.2765 -0.9241
vn 0.3995 0.1138 -0.9096
vn -0.1831 0.6133 -0.7683
vn 0.1954 0.3399 -0.9199
vn 0.4263 0.0334 -0.9040
vn 0.3656 0.0056 -0.9308
vn -0.0000 1.0000 -0.0000
vn -0.0000 0.9174 -0.3980
vn -0.1793 0.8835 -0.4328
vn -0.2815 0.9174 -0.2815
vn -0.0000 0.7061 -0.7081
vn -0.2717 0.7043 -0.6559
vn -0.5007 0.7061 -0.5007
vn -0.0000 0.4199 -0.9076
vn -0.0000 0.2976 -0.9547
vn -0.3654 0.2969 -0.8822
vn -0.3475 0.4191 -0.8388
vn -0.0000 0.1904 -0.9817
vn -0.3757 0.1900 -0.9070
vn -0.6942 0.1904 -0.6942
vn -0.6751 0.2976 -0.6751
vn -0.6417 0.4199 -0.6417
vn -0.0000 -0.0000 -1.0000
vn -0.0000 -0.0930 -0.9957
vn -0.3810 -0.0929 -0.9199
vn -0.3827 -0.0000 -0.9239
vn -0.0000 -0.1904 -0.9817
vn -0.3757 -0.1900 -0.9071
vn -0.6942 -0.1904 -0.6942
vn -0.7040 -0.0932 -0.7040
vn -0.7071 -0.0000 -0.7071
vn -0.0000 0.5553 -0.8316
vn -0.3183 0.5554 -0.7683
vn -0.5881 0.5553 -0.5880
vn -0.0000 0.0930 -0.9957
vn -0.3810 0.0928 -0.9199
vn -0.7040 0.0931 -0.7040
vn -0.0000 -0.2150 -0.9766
vn -0.3665 -0.2073 -0.9071
vn -0.0000 -0.1044 -0.9945
vn -0.3303 -0.0830 -0.9402
vn -0.5286 -0.0045 -0.8489
vn -0.6813 -0.2015 -0.7037
vn -0.7683 0.5554 -0.3182
vn -0.6559 0.7043 -0.2717
vn -0.8388 0.4191 -0.3475
vn -0.9076 0.4199 -0.0000
vn -0.8316 0.5553 -0.0000
vn -0.7081 0.7062 -0.0000
vn -0.9199 0.0928 -0.3811
vn -0.9070 0.1900 -0.3757
vn -0.9239 -0.0000 -0.3827
vn -0.9957 0.0929 -0.0000
vn -0.9817 0.1904 -0.0000
vn -0.9038 -0.2135 -0.3708
vn -0.9070 -0.1900 -0.3757
vn -0.9123 0.0036 -0.4096
vn -0.9994 -0.0336 -0.0000
vn -0.9729 -0.2311 -0.0000
vn -0.9817 -0.1904 -0.0000
vn -0.4329 0.8834 -0.1793
vn -0.3981 0.9173 -0.0000
vn -0.8822 0.2969 -0.3654
vn -0.9547 0.2976 -0.0000
vn -0.9199 -0.0928 -0.3811
vn -0.9957 -0.0929 -0.0000
vn -0.7683 0.5554 0.3183
vn -0.6559 0.7043 0.2717
vn -0.8388 0.4191 0.3475
vn -0.6418 0.4199 0.6417
vn -0.5881 0.5553 0.5880
vn -0.5007 0.7061 0.5007
vn -0.9199 0.0928 0.3811
vn -0.9071 0.1899 0.3757
vn -0.9239 -0.0000 0.3827
vn -0.7071 -0.0000 0.7071
vn -0.7040 0.0930 0.7040
vn -0.6942 0.1904 0.6942
vn -0.9038 -0.2135 0.3708
vn -0.9070 -0.1900 0.3757
vn -0.9123 0.0036 0.4096
vn -0.5286 -0.0045 0.8489
vn -0.6813 -0.2015 0.7037
vn -0.6942 -0.1904 0.6942
vn -0.4328 0.8835 0.1792
vn -0.2816 0.9173 0.2816
vn -0.8822 0.2969 0.3654
vn -0.6751 0.2976 0.6751
vn -0.9199 -0.0929 0.3811
vn -0.7040 -0.0931 0.7040
vn -0.1793 0.8835 0.4328
vn -0.0000 0.9174 0.3981
vn -0.2717 0.7043 0.6559
vn -0.0000 0.7061 0.7081
vn -0.3654 0.2969 0.8822
vn -0.3475 0.4191 0.8388
vn -0.3757 0.1900 0.9070
vn -0.0000 0.1904 0.9817
vn -0.0000 0.2976 0.9547
vn -0.0000 0.4198 0.9076
vn -0.3810 -0.0928 0.9199
vn -0.3827 -0.0000 0.9239
vn -0.3757 -0.1899 0.9071
vn -0.0000 -0.1904 0.9817
vn -0.0000 -0.0931 0.9957
vn -0.0000 -0.0000 1.0000
vn -0.3183 0.5554 0.7683
vn -0.0000 0.5553 0.8316
vn -0.3810 0.0928 0.9199
vn -0.0000 0.0930 0.9957
vn -0.3665 -0.2071 0.9071
vn -0.3303 -0.0829 0.9402
vn -0.0000 -0.1045 0.9945
vn -0.0000 -0.2150 0.9766
vn -0.3960 0.7136 0.5778
vn -0.1176 0.2324 0.9655
vn -0.4678 0.8838 -0.0000
vn -0.3960 0.7136 -0.5778
vn -0.1176 0.2324 -0.9655
vn 0.2374 0.0031 0.9714
vn 0.0060 -0.0030 1.0000
vn -0.0156 0.0440 0.9989
vn 0.2639 0.0333 0.9640
vn -0.2043 -0.0104 0.9788
vn -0.2790 0.0144 0.9602
vn -0.6907 -0.1898 -0.6978
vn -0.3802 -0.0806 -0.9214
vn -0.4305 -0.1015 -0.8969
vn -0.7306 -0.2115 -0.6492
vn 0.0146 -0.0105 -0.9998
vn 0.0098 -0.0135 -0.9999
vn -0.0322 -0.0273 -0.9991
vn -0.4941 -0.1447 -0.8573
vn -0.7601 -0.2434 -0.6025
vn -0.6906 -0.1900 0.6978
vn -0.8883 -0.2802 0.3638
vn -0.8944 -0.2853 0.3444
vn -0.7299 -0.2124 0.6497
vn -0.9509 -0.3094 -0.0000
vn -0.9513 -0.3083 -0.0000
vn -0.9520 -0.3060 -0.0000
vn -0.8941 -0.2915 0.3399
vn -0.7555 -0.2457 0.6074
vn 0.0145 -0.0106 0.9998
vn -0.3800 -0.0806 0.9215
vn -0.4299 -0.1030 0.8970
vn 0.0088 -0.0138 0.9999
vn -0.4879 -0.1494 0.8600
vn -0.0338 -0.0292 0.9990
vn -0.2062 0.0118 -0.9784
vn -0.2367 0.0009 -0.9716
vn -0.1850 -0.0115 -0.9827
vn -0.1827 0.0157 -0.9830
vn -0.0000 -0.0025 -1.0000
vn -0.0000 -0.0232 -0.9997
vn -0.0000 -0.1484 -0.9889
vn -0.1792 -0.1371 -0.9742
vn -0.2489 -0.2002 -0.9476
vn -0.1307 -0.0357 -0.9908
vn -0.0690 0.0192 -0.9974
vn -0.0000 -0.1940 0.9810
vn -0.1581 -0.1873 0.9695
vn -0.1630 -0.2742 0.9478
vn -0.0000 -0.2794 0.9602
vn -0.0306 -0.1439 0.9891
vn -0.0701 -0.2723 0.9597
vn -0.1817 -0.4453 0.8767
vn -0.1852 -0.4448 0.8762
vn -0.0000 -0.4518 0.8921
vn -0.8671 -0.4981 0.0060
vn -0.7442 -0.6680 -0.0021
vn -0.5219 -0.6467 0.5563
vn -0.7100 -0.5063 0.4894
vn -0.5343 -0.8452 -0.0136
vn -0.3826 -0.7272 0.5700
vn -0.1551 -0.4501 0.8794
vn -0.3790 -0.4174 0.8259
vn -0.2666 -0.9638 -0.0067
vn -0.2309 -0.7833 0.5772
vn -0.0000 -1.0000 -0.0000
vn -0.0000 -0.8078 0.5894
vn -0.9415 -0.3370 0.0020
vn -0.9212 -0.3891 0.0034
vn -0.8219 -0.3794 0.4249
vn -0.8614 -0.3229 0.3921
vn -0.6369 -0.3447 0.6896
vn -0.7344 -0.2976 0.6100
vn -0.9499 -0.3125 0.0009
vn -0.8819 -0.3014 0.3624
vn -0.7565 -0.2716 0.5949
vn -0.7695 -0.2650 -0.5811
vn -0.8855 -0.2973 -0.3570
vn -0.8949 -0.2910 -0.3384
vn -0.7585 -0.2778 -0.5895
vn -0.8713 -0.3086 -0.3815
vn -0.6906 -0.2873 -0.6638
vn -0.8491 -0.3408 -0.4036
vn -0.5373 -0.2863 -0.7933
vn -0.7937 -0.4123 -0.4472
vn -0.2338 -0.6341 -0.7370
vn -0.4488 -0.5951 -0.6667
vn -0.0000 -0.6455 -0.7638
vn -0.3547 -0.2492 -0.9012
vn -0.6645 -0.5126 -0.5438
vn 0.2372 0.0031 -0.9715
vn 0.2904 0.0089 -0.9569
vn 0.2996 0.0056 -0.9540
vn 0.2640 0.0333 -0.9640
vn 0.0417 -0.0369 -0.9984
vn 0.3063 0.0177 0.9518
vn 0.2903 0.0089 0.9569
vn 0.2932 0.0412 0.9552
vn 0.2498 0.0503 0.9670
vn 0.2432 0.0144 0.9699
vn -0.2251 -0.0001 -0.9743
vn -0.2566 -0.0000 -0.9665
vn -0.2523 0.0003 -0.9677
vn -0.2253 0.0032 -0.9743
vn -0.0000 -0.0008 -1.0000
vn 0.2456 0.0319 0.9689
vn 0.2551 0.0423 0.9660
vn -0.0920 -0.0615 0.9939
vn -0.1778 -0.1237 0.9763
vn 0.0680 -0.0961 0.9930
vn 0.2017 -0.0867 0.9756
vn -0.0243 -0.2660 0.9637
vn 0.0876 -0.2639 0.9606
vn 0.1664 -0.1182 0.9789
vn -0.0041 -0.0001 -1.0000
vn -0.0172 0.0465 -0.9988
vn -0.2825 0.0181 -0.9591
vn -0.8883 -0.2801 -0.3639
vn -0.8946 -0.2850 -0.3441
vn 0.2468 0.0495 -0.9678
vn 0.0311 0.0330 -0.9990
vn 0.0897 0.0451 -0.9949
vn 0.2359 0.0585 -0.9700
vn 0.1176 0.0107 -0.9930
vn 0.1433 -0.0103 -0.9896
vn 0.2898 0.0382 -0.9563
vn 0.2288 0.0355 -0.9728
vn -0.0925 -0.0538 -0.9943
vn 0.0318 -0.0522 -0.9981
vn -0.1816 -0.1007 -0.9782
vn -0.8704 -0.3119 -0.3810
vn -0.9398 -0.3418 -0.0000
vn -0.6391 -0.2167 -0.7380
vn -0.0011 0.0079 -1.0000
vn 0.2432 0.0141 -0.9699
vn -0.2822 -0.0107 -0.9593
vn -0.0000 -0.0215 -0.9998
vn -0.2862 -0.0140 0.9581
vn -0.0000 -0.0242 0.9997
vn -0.2626 -0.0112 0.9648
vn -0.0000 -0.0091 1.0000
vn 0.0417 -0.0369 0.9984
vn 0.2995 0.0055 0.9541
vn 0.3062 0.0170 -0.9518
vn -0.3177 -0.1085 0.9420
vn -0.6391 -0.2167 0.7380
vn -0.8703 -0.3119 0.3811
vn -0.3177 -0.1085 -0.9420
vn 0.0830 0.0366 0.9959
vn 0.0319 0.0052 0.9995
vn -0.0788 0.0158 0.9968
vn -0.1354 0.0021 0.9908
vn 0.1492 0.0138 0.9887
vn -0.0151 -0.0162 0.9998
vn -0.9447 -0.0076 0.3278
vn -0.8830 -0.2181 0.4156
vn -0.9504 -0.3111 0.0013
vn -0.9999 -0.0054 -0.0098
vn -0.6823 -0.3877 0.6198
vn -0.8155 -0.5783 0.0222
vn -0.8072 -0.5894 -0.0310
vn -0.9462 -0.3220 -0.0309
vn -0.9994 -0.0078 -0.0331
vn -0.3276 -0.2702 0.9054
vn -0.5362 -0.2509 0.8059
vn -0.5352 -0.1982 0.8211
vn -0.0709 -0.0879 -0.9936
vn -0.1390 -0.1364 -0.9809
vn -0.5640 -0.2255 -0.7944
vn -0.3773 -0.2012 -0.9040
vn -0.5522 -0.1889 -0.8120
vn 0.7246 0.6892 -0.0000
vn 0.8587 0.4282 -0.2815
vn 0.7637 0.4790 -0.4328
vn 0.6647 0.6322 -0.3981
vn 0.8567 0.1238 -0.5007
vn 0.6976 0.2885 -0.6559
vn 0.5117 0.4866 -0.7081
vn 0.3042 0.2894 -0.9076
vn 0.5432 0.0371 -0.8388
vn 0.4670 -0.0601 -0.8822
vn 0.2156 0.2051 -0.9547
vn 0.7465 -0.1756 -0.6418
vn 0.6809 -0.2841 -0.6750
vn 0.6164 -0.3717 -0.6942
vn 0.3966 -0.1413 -0.9070
vn 0.1380 0.1312 -0.9817
vn -0.0001 0.0018 -1.0000
vn 0.2670 -0.2643 -0.9267
vn 0.2024 -0.3071 -0.9299
vn -0.0689 -0.0614 -0.9957
vn 0.5046 -0.4856 -0.7139
vn 0.4609 -0.5104 -0.7260
vn 0.4301 -0.5101 -0.7448
vn 0.1361 -0.3412 -0.9301
vn -0.1418 -0.1333 -0.9809
vn 0.6217 0.1521 -0.7683
vn 0.4024 0.3827 -0.8316
vn 0.8077 -0.0434 -0.5880
vn 0.3307 -0.2085 -0.9204
vn 0.0677 0.0650 -0.9956
vn 0.5570 -0.4386 -0.7053
vn 0.1173 -0.3278 -0.9374
vn -0.1770 -0.1708 -0.9693
vn 0.4485 -0.4581 -0.7675
vn 0.5475 -0.3243 -0.7714
vn 0.2100 -0.2137 -0.9541
vn -0.1200 -0.1125 -0.9864
vn 0.9623 0.0101 -0.2717
vn 0.9319 -0.1740 -0.3183
vn 0.9996 -0.0265 -0.0000
vn 0.9755 -0.2199 -0.0000
vn 0.9297 -0.3683 -0.0000
vn 0.8818 -0.3189 -0.3475
vn 0.7628 -0.5263 -0.3757
vn 0.7093 -0.5927 -0.3816
vn 0.8146 -0.5801 -0.0000
vn 0.7630 -0.6464 -0.0000
vn 0.7267 -0.6869 -0.0000
vn 0.6695 -0.6350 -0.3855
vn 0.6684 -0.6260 -0.4016
vn 0.7303 -0.5478 -0.4081
vn 0.7480 -0.6637 -0.0000
vn 0.8193 -0.5734 -0.0000
vn 0.8974 -0.4412 -0.0000
vn 0.8174 -0.4145 -0.4001
vn 0.9390 0.3438 -0.0000
vn 0.9385 0.2951 -0.1793
vn 0.8232 -0.4346 -0.3654
vn 0.8736 -0.4866 -0.0000
vn 0.6513 -0.6496 -0.3922
vn 0.7168 -0.6973 -0.0000
vn 0.9623 0.0101 0.2717
vn 0.9319 -0.1740 0.3182
vn 0.8567 0.1239 0.5007
vn 0.8077 -0.0434 0.5880
vn 0.7465 -0.1757 0.6417
vn 0.8818 -0.3190 0.3475
vn 0.7628 -0.5263 0.3757
vn 0.7093 -0.5927 0.3816
vn 0.6164 -0.3718 0.6942
vn 0.5572 -0.4384 0.7052
vn 0.5046 -0.4857 0.7137
vn 0.6695 -0.6350 0.3855
vn 0.6684 -0.6260 0.4016
vn 0.7304 -0.5477 0.4081
vn 0.4301 -0.5101 0.7448
vn 0.4485 -0.4581 0.7675
vn 0.5475 -0.3243 0.7714
vn 0.8174 -0.4145 0.4001
vn 0.8587 0.4283 0.2815
vn 0.9384 0.2953 0.1793
vn 0.8232 -0.4346 0.3654
vn 0.6809 -0.2841 0.6751
vn 0.6517 -0.6497 0.3914
vn 0.4609 -0.5104 0.7260
vn 0.6647 0.6322 0.3982
vn 0.7637 0.4788 0.4330
vn 0.5117 0.4867 0.7080
vn 0.6976 0.2885 0.6559
vn 0.5432 0.0371 0.8388
vn 0.4670 -0.0601 0.8822
vn 0.3042 0.2894 0.9076
vn 0.2156 0.2051 0.9547
vn 0.1379 0.1312 0.9817
vn 0.3966 -0.1413 0.9070
vn 0.2669 -0.2642 0.9268
vn 0.2023 -0.3069 0.9300
vn -0.0001 0.0018 1.0000
vn -0.0689 -0.0614 0.9957
vn -0.1418 -0.1333 0.9809
vn 0.1361 -0.3412 0.9301
vn 0.6217 0.1521 0.7683
vn 0.4024 0.3828 0.8316
vn 0.3307 -0.2086 0.9204
vn 0.0677 0.0650 0.9956
vn 0.1174 -0.3278 0.9374
vn -0.1770 -0.1708 0.9693
vn -0.1200 -0.1125 0.9864
vn 0.2100 -0.2137 0.9541
vn 0.0642 0.5406 0.8388
vn -0.0367 0.4694 0.8822
vn -0.1380 0.7544 0.6418
vn -0.2496 0.6943 0.6751
vn -0.3405 0.6342 0.6942
vn -0.1212 0.4032 0.9070
vn -0.2635 0.2762 0.9243
vn -0.3313 0.2056 0.9208
vn -0.4873 0.5122 0.7072
vn -0.5536 0.4425 0.7055
vn -0.6173 0.3538 0.7027
vn -0.3995 0.1138 0.9096
vn 0.3230 0.6823 0.6559
vn 0.1831 0.6133 0.7683
vn 0.1666 0.8495 0.5007
vn -0.0029 0.8088 0.5881
vn -0.1954 0.3399 0.9199
vn -0.4178 0.5742 0.7041
vn -0.4264 0.0335 0.9039
vn -0.6297 0.2662 0.7298
vn -0.4100 0.1926 0.8915
vn -0.3656 0.0056 0.9308
vn 0.4707 0.8362 0.2815
vn 0.5166 0.7387 0.4329
vn 0.0583 0.9606 0.2716
vn -0.1271 0.9395 0.3182
vn 0.0237 0.9997 -0.0000
vn -0.1707 0.9853 -0.0000
vn -0.3213 0.9470 -0.0000
vn -0.2744 0.8967 0.3474
vn -0.4875 0.7882 0.3757
vn -0.5667 0.7305 0.3810
vn -0.5386 0.8426 -0.0000
vn -0.6189 0.7855 -0.0000
vn -0.6892 0.7246 -0.0000
vn -0.6367 0.6694 0.3827
vn -0.7633 0.5224 0.3801
vn -0.7845 0.4735 0.4004
vn -0.8145 0.5801 -0.0000
vn -0.8373 0.5467 -0.0000
vn -0.6991 0.7150 -0.0000
vn -0.6273 0.6037 0.4920
vn 0.3903 0.9207 -0.0000
vn 0.3415 0.9226 0.1792
vn -0.3928 0.8439 0.3654
vn -0.4423 0.8969 -0.0000
vn -0.7014 0.6019 0.3818
vn -0.7537 0.6572 -0.0000
vn -0.4875 0.7882 -0.3757
vn -0.5668 0.7305 -0.3810
vn -0.3405 0.6342 -0.6942
vn -0.4178 0.5742 -0.7041
vn -0.4873 0.5122 -0.7072
vn -0.6367 0.6694 -0.3827
vn -0.7634 0.5223 -0.3801
vn -0.7845 0.4735 -0.4004
vn -0.6173 0.3538 -0.7027
vn -0.6297 0.2662 -0.7298
vn -0.4100 0.1926 -0.8915
vn -0.6273 0.6037 -0.4920
vn 0.4706 0.8362 -0.2815
vn 0.3418 0.9225 -0.1792
vn 0.1666 0.8495 -0.5007
vn 0.0583 0.9606 -0.2716
vn -0.2744 0.8967 -0.3474
vn -0.3928 0.8439 -0.3654
vn -0.1380 0.7544 -0.6418
vn -0.2496 0.6943 -0.6751
vn -0.7016 0.6017 -0.3818
vn -0.5536 0.4426 -0.7055
vn -0.1271 0.9395 -0.3182
vn -0.0029 0.8088 -0.5881
vn 0.5166 0.7388 -0.4328
vn 0.3230 0.6822 -0.6559
vn 0.0643 0.5406 -0.8388
vn -0.0367 0.4694 -0.8822
vn -0.1213 0.4032 -0.9070
vn -0.2637 0.2765 -0.9241
vn -0.3313 0.2056 -0.9208
vn -0.3996 0.1138 -0.9096
vn 0.1831 0.6133 -0.7683
vn -0.1954 0.3399 -0.9199
vn -0.4263 0.0334 -0.9040
vn -0.3655 0.0055 -0.9308
vn 0.2815 0.9173 -0.2815
vn 0.1792 0.8835 -0.4328
vn 0.5007 0.7062 -0.5007
vn 0.2717 0.7043 -0.6559
vn 0.3475 0.4191 -0.8388
vn 0.3654 0.2969 -0.8822
vn 0.6417 0.4198 -0.6418
vn 0.6750 0.2976 -0.6751
vn 0.6942 0.1904 -0.6942
vn 0.3757 0.1900 -0.9071
vn 0.3827 -0.0000 -0.9239
vn 0.3810 -0.0928 -0.9199
vn 0.7071 -0.0000 -0.7071
vn 0.7040 -0.0930 -0.7041
vn 0.6942 -0.1904 -0.6942
vn 0.3757 -0.1899 -0.9071
vn 0.3182 0.5553 -0.7683
vn 0.5880 0.5553 -0.5881
vn 0.3810 0.0928 -0.9199
vn 0.7040 0.0930 -0.7040
vn 0.3665 -0.2072 -0.9071
vn 0.6813 -0.2015 -0.7037
vn 0.5285 -0.0045 -0.8489
vn 0.3302 -0.0829 -0.9403
vn 0.6558 0.7043 -0.2716
vn 0.7683 0.5554 -0.3183
vn 0.7080 0.7062 -0.0000
vn 0.8316 0.5554 -0.0000
vn 0.9076 0.4199 -0.0000
vn 0.8388 0.4191 -0.3475
vn 0.9071 0.1899 -0.3757
vn 0.9199 0.0928 -0.3810
vn 0.9817 0.1904 -0.0000
vn 0.9957 0.0930 -0.0000
vn 0.9239 -0.0000 -0.3827
vn 0.9071 -0.1899 -0.3757
vn 0.9038 -0.2135 -0.3709
vn 0.9817 -0.1904 -0.0000
vn 0.9729 -0.2311 -0.0000
vn 0.9994 -0.0336 -0.0000
vn 0.9123 0.0037 -0.4096
vn 0.3981 0.9173 -0.0000
vn 0.4327 0.8835 -0.1792
vn 0.8822 0.2969 -0.3654
vn 0.9547 0.2976 -0.0000
vn 0.9199 -0.0929 -0.3810
vn 0.9957 -0.0930 -0.0000
vn 0.6558 0.7043 0.2716
vn 0.7683 0.5554 0.3183
vn 0.5006 0.7062 0.5007
vn 0.5880 0.5553 0.5881
vn 0.6417 0.4198 0.6418
vn 0.8388 0.4191 0.3475
vn 0.9070 0.1901 0.3757
vn 0.9199 0.0929 0.3810
vn 0.6942 0.1904 0.6942
vn 0.7040 0.0930 0.7040
vn 0.7071 -0.0000 0.7071
vn 0.9239 -0.0000 0.3827
vn 0.9070 -0.1900 0.3757
vn 0.9038 -0.2135 0.3709
vn 0.6942 -0.1904 0.6942
vn 0.6813 -0.2015 0.7037
vn 0.5285 -0.0045 0.8489
vn 0.9123 0.0036 0.4096
vn 0.2815 0.9173 0.2815
vn 0.4327 0.8835 0.1792
vn 0.8822 0.2969 0.3655
vn 0.6750 0.2976 0.6751
vn 0.9199 -0.0928 0.3810
vn 0.7040 -0.0931 0.7040
vn 0.1793 0.8834 0.4330
vn 0.2717 0.7043 0.6559
vn 0.3474 0.4191 0.8388
vn 0.3654 0.2969 0.8822
vn 0.3757 0.1900 0.9071
vn 0.3827 -0.0000 0.9239
vn 0.3810 -0.0928 0.9199
vn 0.3757 -0.1899 0.9071
vn 0.3182 0.5554 0.7683
vn 0.3810 0.0928 0.9199
vn 0.3664 -0.2072 0.9071
vn 0.3302 -0.0829 0.9403
vn 0.1176 0.2324 0.9655
vn 0.3960 0.7136 0.5779
vn 0.4677 0.8839 -0.0000
vn 0.3960 0.7136 -0.5779
vn 0.1176 0.2324 -0.9655
vn -0.2372 0.0031 0.9714
vn -0.2639 0.0333 0.9640
vn 0.0156 0.0440 0.9989
vn -0.0060 -0.0030 1.0000
vn 0.2790 0.0144 0.9602
vn 0.2044 -0.0105 0.9788
vn 0.6907 -0.1900 -0.6978
vn 0.7305 -0.2115 -0.6493
vn 0.4305 -0.1015 -0.8969
vn 0.3802 -0.0806 -0.9214
vn 0.7601 -0.2434 -0.6024
vn 0.4941 -0.1447 -0.8573
vn 0.0322 -0.0273 -0.9991
vn -0.0097 -0.0135 -0.9999
vn -0.0145 -0.0105 -0.9998
vn 0.6907 -0.1900 0.6978
vn 0.7299 -0.2124 0.6497
vn 0.8945 -0.2851 0.3444
vn 0.8883 -0.2802 0.3639
vn 0.7555 -0.2457 0.6074
vn 0.8941 -0.2915 0.3399
vn 0.9520 -0.3060 -0.0000
vn 0.9513 -0.3083 -0.0000
vn 0.9509 -0.3094 -0.0000
vn -0.0146 -0.0106 0.9998
vn -0.0088 -0.0138 0.9999
vn 0.4300 -0.1030 0.8969
vn 0.3800 -0.0806 0.9215
vn 0.0338 -0.0292 0.9990
vn 0.4879 -0.1494 0.8600
vn 0.2062 0.0118 -0.9784
vn 0.1826 0.0157 -0.9831
vn 0.1850 -0.0115 -0.9827
vn 0.2367 0.0009 -0.9716
vn 0.0690 0.0192 -0.9974
vn 0.1307 -0.0357 -0.9908
vn 0.2489 -0.2002 -0.9476
vn 0.1792 -0.1371 -0.9742
vn 0.1630 -0.2741 0.9478
vn 0.1581 -0.1873 0.9695
vn 0.1852 -0.4448 0.8762
vn 0.1817 -0.4453 0.8767
vn 0.0701 -0.2723 0.9597
vn 0.0306 -0.1439 0.9891
vn 0.8671 -0.4981 0.0060
vn 0.7100 -0.5063 0.4894
vn 0.5218 -0.6467 0.5563
vn 0.7442 -0.6680 -0.0021
vn 0.3790 -0.4174 0.8259
vn 0.1551 -0.4501 0.8794
vn 0.3825 -0.7272 0.5700
vn 0.5343 -0.8452 -0.0136
vn 0.2308 -0.7833 0.5772
vn 0.2665 -0.9638 -0.0067
vn 0.9415 -0.3370 0.0020
vn 0.8614 -0.3229 0.3921
vn 0.8219 -0.3794 0.4249
vn 0.9212 -0.3890 0.0034
vn 0.7344 -0.2976 0.6099
vn 0.6370 -0.3447 0.6895
vn 0.8820 -0.3013 0.3624
vn 0.9497 -0.3131 0.0008
vn 0.7566 -0.2715 0.5949
vn 0.8949 -0.2910 -0.3384
vn 0.8855 -0.2973 -0.3571
vn 0.7695 -0.2650 -0.5811
vn 0.8714 -0.3086 -0.3814
vn 0.7585 -0.2778 -0.5895
vn 0.8491 -0.3408 -0.4036
vn 0.6906 -0.2873 -0.6638
vn 0.7937 -0.4124 -0.4472
vn 0.5373 -0.2863 -0.7933
vn 0.4487 -0.5951 -0.6667
vn 0.2337 -0.6341 -0.7371
vn 0.6645 -0.5126 -0.5438
vn 0.3547 -0.2492 -0.9012
vn -0.2377 0.0032 -0.9713
vn -0.2640 0.0333 -0.9640
vn -0.2996 0.0056 -0.9540
vn -0.2904 0.0089 -0.9569
vn -0.0418 -0.0369 -0.9984
vn -0.2903 0.0088 0.9569
vn -0.3063 0.0177 0.9518
vn -0.2432 0.0144 0.9699
vn -0.2498 0.0503 0.9670
vn -0.2932 0.0411 0.9552
vn 0.9444 -0.0071 0.3286
vn 0.8888 0.2065 0.4092
vn 0.9486 0.3164 -0.0007
vn 1.0000 -0.0018 -0.0081
vn 0.7053 0.3731 0.6027
vn 0.8038 0.5947 0.0157
vn 0.7905 0.6113 -0.0378
vn 0.9429 0.3314 -0.0340
vn 0.9995 0.0023 -0.0314
vn 0.2251 -0.0001 -0.9743
vn 0.2253 0.0032 -0.9743
vn 0.2524 0.0003 -0.9676
vn 0.2564 -0.0000 -0.9666
vn -0.2550 0.0423 0.9660
vn -0.2456 0.0319 0.9688
vn -0.2017 -0.0867 0.9756
vn -0.0680 -0.0961 0.9930
vn 0.1778 -0.1237 0.9763
vn 0.0920 -0.0615 0.9939
vn -0.1664 -0.1182 0.9790
vn -0.0875 -0.2639 0.9606
vn 0.0243 -0.2660 0.9637
vn 0.2825 0.0181 -0.9591
vn 0.0173 0.0465 -0.9988
vn 0.0041 -0.0001 -1.0000
vn 0.8947 -0.2850 -0.3439
vn 0.8883 -0.2802 -0.3639
vn -0.2468 0.0495 -0.9678
vn -0.2359 0.0585 -0.9700
vn -0.0897 0.0451 -0.9949
vn -0.0311 0.0330 -0.9990
vn -0.1433 -0.0103 -0.9896
vn -0.1176 0.0107 -0.9930
vn 0.0925 -0.0538 -0.9943
vn -0.2288 0.0355 -0.9728
vn -0.2899 0.0382 -0.9563
vn 0.1817 -0.1007 -0.9782
vn -0.0318 -0.0522 -0.9981
vn 0.9397 -0.3419 -0.0000
vn 0.8703 -0.3119 -0.3811
vn 0.6391 -0.2168 -0.7380
vn 0.0011 0.0079 -1.0000
vn -0.2432 0.0141 -0.9699
vn 0.2824 -0.0107 -0.9592
vn 0.2860 -0.0140 0.9581
vn 0.2626 -0.0112 0.9648
vn -0.2995 0.0055 0.9541
vn -0.0417 -0.0369 0.9984
vn -0.3062 0.0170 -0.9518
vn 0.3177 -0.1085 0.9420
vn 0.6391 -0.2167 0.7380
vn 0.8703 -0.3120 0.3810
vn 0.3177 -0.1085 -0.9420
vn -0.0319 0.0052 0.9995
vn -0.0830 0.0366 0.9959
vn 0.1354 0.0021 0.9908
vn 0.0788 0.0158 0.9968
vn -0.1492 0.0139 0.9887
vn 0.0151 -0.0162 0.9998
vn 0.6823 -0.3876 0.6199
vn 0.8830 -0.2178 0.4158
vn 0.9511 -0.3089 0.0021
vn 0.8163 -0.5772 0.0225
vn 0.9484 -0.3157 -0.0300
vn 0.8093 -0.5865 -0.0306
vn 0.3276 -0.2702 0.9054
vn 0.5362 -0.2509 0.8059
vn 0.5352 -0.1982 0.8211
vn 0.1390 -0.1364 -0.9809
vn 0.0708 -0.0879 -0.9936
vn 0.3773 -0.2012 -0.9040
vn 0.5640 -0.2254 -0.7944
vn 0.5522 -0.1888 -0.8120
vn -0.8894 0.2059 0.4082
vn -0.4104 0.0538 0.9103
vn -0.4761 -0.0025 0.8794
vn -0.7061 0.3730 0.6020
vn -0.3319 0.0425 0.9424
vn -0.4593 0.5234 0.7177
vn -0.2777 0.0426 0.9597
vn -0.0001 0.6393 0.7690
vn -0.0000 0.0666 0.9978
vn -0.3524 -0.0717 0.9331
vn -0.2377 -0.1063 0.9655
vn -0.0000 -0.6333 0.7739
vn -0.4214 -0.5326 0.7340
vn -0.1831 -0.1499 0.9716
vn -0.0000 -0.1848 0.9828
vn 0.4105 0.0539 0.9103
vn 0.3319 0.0425 0.9424
vn 0.4762 -0.0025 0.8793
vn 0.4587 0.5232 0.7183
vn 0.2777 0.0427 0.9597
vn 0.3525 -0.0717 0.9331
vn 0.2377 -0.1063 0.9655
vn 0.4214 -0.5326 0.7340
vn 0.1831 -0.1499 0.9716
vn 0.5463 -0.8371 0.0297
vn -0.0000 -0.9996 0.0268
vn 0.5385 -0.8420 -0.0330
vn -0.0000 -0.9994 -0.0356
vn 0.5279 0.8492 0.0169
vn -0.0002 1.0000 0.0094
vn -0.0019 0.9988 -0.0480
vn 0.5133 0.8571 -0.0429
vn -0.5459 -0.8373 0.0296
vn -0.5376 -0.8426 -0.0331
vn -0.5299 0.8479 0.0144
vn -0.8063 0.5914 0.0128
vn -0.7977 0.6017 -0.0408
vn -0.5201 0.8529 -0.0455
vn -0.9500 0.3122 -0.0032
vn -0.9468 0.3197 -0.0366
vn 0.5039 0.8627 -0.0431
vn 0.7845 0.6190 -0.0379
vn -0.0027 0.9988 -0.0480
vn 0.0024 0.9988 -0.0480
vn 0.4887 0.8714 -0.0433
vn 0.7777 0.6275 -0.0381
vn 0.9408 0.3373 -0.0342
vn 0.9995 0.0061 -0.0315
vn 0.9399 0.3398 -0.0342
vn 0.9995 0.0099 -0.0315
vn 0.9489 -0.3143 -0.0300
vn 0.8085 -0.5877 -0.0306
vn 0.9499 -0.3112 -0.0300
vn 0.8042 -0.5936 -0.0306
vn 0.5350 -0.8442 -0.0330
vn 0.0002 -0.9994 -0.0356
vn 0.5178 -0.8549 -0.0332
vn 0.0004 -0.9994 -0.0356
vn -0.5334 -0.8452 -0.0331
vn -0.8048 -0.5928 -0.0309
vn -0.5153 -0.8564 -0.0332
vn -0.7985 -0.6012 -0.0310
vn -0.9450 -0.3257 -0.0309
vn -0.9994 -0.0121 -0.0331
vn -0.9442 -0.3280 -0.0309
vn -0.9993 -0.0147 -0.0331
vn -0.9480 0.3163 -0.0365
vn -0.7975 0.6020 -0.0408
vn -0.9488 0.3138 -0.0365
vn -0.7925 0.6085 -0.0409
vn -0.5161 0.8553 -0.0456
vn -0.4977 0.8662 -0.0458
vn 0.7246 0.6892 -0.0001
vn 0.8586 0.4282 -0.2818
vn 0.7636 0.4788 -0.4332
vn 0.6645 0.6321 -0.3985
vn 0.8565 0.1239 -0.5011
vn 0.6974 0.2884 -0.6561
vn 0.5115 0.4865 -0.7083
vn 0.5431 0.0371 -0.8388
vn 0.7464 -0.1755 -0.6419
vn 0.6807 -0.2839 -0.6753
vn 0.6162 -0.3716 -0.6944
vn 0.3965 -0.1413 -0.9071
vn -0.0000 0.0018 -1.0000
vn 0.2667 -0.2641 -0.9269
vn 0.2023 -0.3069 -0.9300
vn -0.0690 -0.0614 -0.9957
vn 0.5045 -0.4856 -0.7140
vn 0.4608 -0.5103 -0.7261
vn 0.4299 -0.5100 -0.7450
vn 0.1361 -0.3411 -0.9301
vn 0.6216 0.1521 -0.7684
vn 0.4024 0.3826 -0.8317
vn 0.8074 -0.0433 -0.5884
vn 0.3308 -0.2085 -0.9204
vn 0.0673 0.0646 -0.9956
vn 0.5570 -0.4384 -0.7054
vn 0.4482 -0.4580 -0.7677
vn 0.5473 -0.3242 -0.7716
vn 0.2099 -0.2137 -0.9541
vn 0.9622 0.0100 -0.2720
vn 0.9318 -0.1740 -0.3186
vn 0.9997 -0.0264 -0.0000
vn 0.9298 -0.3682 -0.0000
vn 0.8817 -0.3189 -0.3477
vn 0.7628 -0.5262 -0.3759
vn 0.7092 -0.5927 -0.3817
vn 0.8145 -0.5801 -0.0000
vn 0.7629 -0.6465 -0.0000
vn 0.7267 -0.6870 -0.0000
vn 0.6694 -0.6349 -0.3856
vn 0.6684 -0.6260 -0.4018
vn 0.7302 -0.5477 -0.4084
vn 0.8975 -0.4411 -0.0000
vn 0.8173 -0.4144 -0.4003
vn 0.9384 0.2953 -0.1796
vn 0.8231 -0.4345 -0.3657
vn 0.6515 -0.6496 -0.3919
vn 0.7168 -0.6972 -0.0000
vn 0.9623 0.0100 0.2718
vn 0.9319 -0.1740 0.3183
vn 0.8567 0.1239 0.5008
vn 0.8076 -0.0434 0.5881
vn 0.7465 -0.1756 0.6417
vn 0.8817 -0.3190 0.3475
vn 0.7094 -0.5926 0.3816
vn 0.6164 -0.3717 0.6942
vn 0.5569 -0.4386 0.7053
vn 0.5046 -0.4857 0.7138
vn 0.7303 -0.5478 0.4082
vn 0.8174 -0.4144 0.4001
vn 0.8587 0.4282 0.2816
vn 0.8231 -0.4346 0.3655
vn 0.6809 -0.2840 0.6751
vn 0.6516 -0.6496 0.3917
vn 0.7636 0.4789 0.4331
vn 0.5117 0.4867 0.7081
vn 0.6975 0.2885 0.6559
vn 0.3043 0.2894 0.9076
vn 0.1380 0.1312 0.9817
vn 0.3966 -0.1414 0.9070
vn 0.2671 -0.2643 0.9267
vn 0.2024 -0.3072 0.9299
vn -0.0687 -0.0614 0.9957
vn 0.4024 0.3827 0.8316
vn 0.3308 -0.2085 0.9204
vn 0.0674 0.0646 0.9956
vn 0.1173 -0.3278 0.9374
vn -0.1774 -0.1707 0.9692
vn -0.2496 0.6942 0.6751
vn -0.1213 0.4032 0.9070
vn -0.2637 0.2765 0.9241
vn -0.4873 0.5123 0.7072
vn -0.5535 0.4426 0.7055
vn -0.3996 0.1138 0.9096
vn 0.3231 0.6822 0.6559
vn 0.1666 0.8494 0.5007
vn -0.4178 0.5743 0.7040
vn -0.4263 0.0335 0.9040
vn -0.6298 0.2662 0.7297
vn -0.4101 0.1926 0.8915
vn -0.3656 0.0055 0.9308
vn 0.0582 0.9606 0.2716
vn -0.2744 0.8966 0.3475
vn -0.4875 0.7881 0.3758
vn -0.5667 0.7305 0.3811
vn -0.5386 0.8425 -0.0000
vn -0.6188 0.7856 -0.0000
vn -0.7634 0.5223 0.3801
vn -0.7846 0.4734 0.4005
vn -0.8374 0.5466 -0.0000
vn -0.6992 0.7149 -0.0000
vn 0.3902 0.9207 -0.0000
vn 0.3418 0.9225 0.1792
vn -0.3928 0.8439 0.3655
vn -0.7537 0.6573 -0.0000
vn -0.4875 0.7881 -0.3759
vn -0.5665 0.7305 -0.3813
vn -0.3403 0.6341 -0.6943
vn -0.4177 0.5741 -0.7042
vn -0.4872 0.5122 -0.7073
vn -0.6366 0.6694 -0.3829
vn -0.7633 0.5223 -0.3803
vn -0.7845 0.4733 -0.4007
vn -0.6172 0.3536 -0.7029
vn -0.6297 0.2660 -0.7299
vn -0.4099 0.1924 -0.8916
vn -0.6273 0.6035 -0.4923
vn 0.4707 0.8361 -0.2817
vn 0.3417 0.9225 -0.1794
vn 0.1667 0.8492 -0.5010
vn 0.0583 0.9606 -0.2719
vn -0.2743 0.8966 -0.3477
vn -0.3928 0.8438 -0.3657
vn -0.1379 0.7542 -0.6420
vn -0.2495 0.6941 -0.6753
vn -0.7013 0.6018 -0.3820
vn -0.5534 0.4425 -0.7056
vn -0.1270 0.9394 -0.3185
vn -0.0028 0.8086 -0.5883
vn 0.5164 0.7386 -0.4333
vn 0.3230 0.6820 -0.6561
vn 0.0643 0.5405 -0.8389
vn -0.0366 0.4694 -0.8822
vn -0.1212 0.4031 -0.9071
vn -0.2634 0.2761 -0.9243
vn -0.3313 0.2056 -0.9209
vn -0.3995 0.1137 -0.9096
vn 0.1831 0.6132 -0.7684
vn -0.1953 0.3398 -0.9200
vn -0.4267 0.0335 -0.9038
vn -0.3656 0.0055 -0.9308
vn -0.0000 1.0000 -0.0001
vn 0.2815 0.9172 -0.2818
vn 0.1793 0.8833 -0.4332
vn -0.0000 0.9171 -0.3986
vn 0.5005 0.7060 -0.5010
vn 0.2716 0.7041 -0.6561
vn -0.0000 0.7059 -0.7083
vn -0.0000 0.4198 -0.9076
vn 0.3474 0.4191 -0.8389
vn 0.3653 0.2969 -0.8823
vn 0.6416 0.4198 -0.6420
vn 0.6749 0.2976 -0.6753
vn 0.6940 0.1904 -0.6943
vn 0.3756 0.1899 -0.9071
vn 0.3826 -0.0000 -0.9239
vn 0.7069 -0.0000 -0.7073
vn 0.7039 -0.0930 -0.7042
vn 0.6940 -0.1904 -0.6944
vn 0.3181 0.5553 -0.7684
vn -0.0000 0.5553 -0.8317
vn 0.5878 0.5553 -0.5883
vn 0.7039 0.0930 -0.7042
vn 0.3664 -0.2071 -0.9071
vn -0.0000 -0.2149 -0.9766
vn 0.6811 -0.2015 -0.7039
vn 0.5283 -0.0045 -0.8490
vn 0.6559 0.7042 -0.2719
vn 0.7682 0.5553 -0.3185
vn 0.7081 0.7061 -0.0000
vn 0.8316 0.5553 -0.0000
vn 0.9076 0.4198 -0.0000
vn 0.8388 0.4191 -0.3476
vn 0.9070 0.1899 -0.3759
vn 0.9198 0.0929 -0.3812
vn 0.9238 -0.0000 -0.3829
vn 0.9070 -0.1900 -0.3759
vn 0.9038 -0.2135 -0.3710
vn 0.9994 -0.0335 -0.0000
vn 0.9122 0.0036 -0.4098
vn 0.4329 0.8834 -0.1795
vn 0.8822 0.2969 -0.3656
vn 0.9198 -0.0927 -0.3812
vn 0.9957 -0.0932 -0.0000
vn 0.6559 0.7043 0.2717
vn 0.7683 0.5553 0.3183
vn 0.5007 0.7062 0.5007
vn 0.5881 0.5553 0.5880
vn 0.6418 0.4199 0.6418
vn 0.8388 0.4191 0.3474
vn 0.9071 0.1899 0.3757
vn 0.9199 0.0928 0.3810
vn 0.7041 0.0929 0.7040
vn 0.9071 -0.1899 0.3757
vn 0.9038 -0.2135 0.3708
vn 0.9123 0.0037 0.4096
vn 0.4328 0.8835 0.1793
vn 0.8822 0.2969 0.3654
vn 0.6751 0.2976 0.6751
vn 0.9199 -0.0931 0.3810
vn 0.7041 -0.0929 0.7040
vn -0.0000 0.9173 0.3981
vn 0.1793 0.8834 0.4329
vn 0.3757 0.1899 0.9071
vn 0.3810 -0.0927 0.9199
vn -0.0000 -0.0930 0.9957
vn -0.0000 0.0931 0.9957
vn 0.3665 -0.2071 0.9071
vn -0.0000 -0.2149 0.9766
vn -0.0000 -0.1044 0.9945
vn 0.4676 0.8839 -0.0000
vn 0.3959 0.7134 -0.5782
vn 0.1175 0.2321 -0.9656
vn -0.2375 0.0031 0.9714
vn 0.2790 0.0143 0.9602
vn 0.2043 -0.0104 0.9788
vn 0.6904 -0.1899 -0.6980
vn 0.7302 -0.2114 -0.6497
vn 0.4304 -0.1015 -0.8969
vn 0.3801 -0.0806 -0.9214
vn 0.7599 -0.2434 -0.6027
vn 0.4940 -0.1447 -0.8573
vn -0.0146 -0.0105 -0.9998
vn 0.6907 -0.1899 0.6978
vn 0.7299 -0.2124 0.6498
vn 0.8943 -0.2850 0.3449
vn 0.8884 -0.2801 0.3638
vn 0.9509 -0.3093 -0.0000
vn 0.4299 -0.1030 0.8970
vn 0.0339 -0.0292 0.9990
vn 0.2489 -0.2000 -0.9477
vn 0.1792 -0.1369 -0.9742
vn -0.0000 -0.1482 -0.9890
vn -0.0000 -0.0231 -0.9997
vn 0.1852 -0.4448 0.8763
vn 0.0306 -0.1438 0.9891
vn 0.8672 -0.4980 0.0059
vn 0.7101 -0.5063 0.4894
vn 0.7442 -0.6679 -0.0021
vn 0.3826 -0.7271 0.5701
vn 0.5344 -0.8451 -0.0136
vn 0.2308 -0.7833 0.5773
vn -0.0000 -0.8078 0.5895
vn -0.0000 -1.0000 -0.0001
vn 0.9415 -0.3370 0.0015
vn 0.8613 -0.3229 0.3922
vn 0.9212 -0.3891 0.0034
vn 0.7344 -0.2976 0.6100
vn 0.8820 -0.3013 0.3625
vn 0.7566 -0.2716 0.5949
vn 0.8948 -0.2910 -0.3386
vn 0.8854 -0.2973 -0.3573
vn 0.7693 -0.2649 -0.5814
vn 0.8713 -0.3085 -0.3817
vn 0.7583 -0.2777 -0.5898
vn 0.8490 -0.3408 -0.4038
vn 0.6903 -0.2872 -0.6641
vn 0.7936 -0.4123 -0.4475
vn 0.5371 -0.2861 -0.7935
vn 0.4487 -0.5947 -0.6671
vn 0.2337 -0.6338 -0.7374
vn -0.0000 -0.6451 -0.7641
vn 0.6644 -0.5124 -0.5441
vn 0.3545 -0.2489 -0.9013
vn -0.2374 0.0031 -0.9714
vn -0.2996 0.0056 -0.9541
vn -0.0416 -0.0369 -0.9985
vn -0.2906 0.0087 0.9568
vn -0.2933 0.0412 0.9551
vn 0.7977 0.6017 -0.0408
vn 0.7974 0.6020 -0.0408
vn 0.9479 0.3164 -0.0366
vn 0.9467 0.3200 -0.0366
vn 0.7925 0.6085 -0.0409
vn 0.9487 0.3140 -0.0365
vn 0.9993 -0.0145 -0.0331
vn 0.9994 -0.0120 -0.0331
vn 0.9994 -0.0078 -0.0331
vn 0.2523 0.0003 -0.9677
vn 0.2567 -0.0000 -0.9665
vn -0.2551 0.0423 0.9660
vn 0.1779 -0.1237 0.9762
vn -0.1664 -0.1182 0.9789
vn 0.2824 0.0181 -0.9591
vn 0.0172 0.0464 -0.9988
vn 0.8945 -0.2849 -0.3444
vn 0.8882 -0.2801 -0.3641
vn 0.9398 -0.3417 -0.0000
vn 0.8703 -0.3119 -0.3813
vn 0.6388 -0.2166 -0.7382
vn -0.2433 0.0141 -0.9698
vn 0.2823 -0.0107 -0.9593
vn -0.0000 -0.0241 0.9997
vn 0.2862 -0.0140 0.9581
vn -0.2996 0.0055 0.9541
vn -0.0418 -0.0369 0.9984
vn 0.8703 -0.3119 0.3811
vn 0.3176 -0.1085 -0.9420
vn -0.0319 0.0054 0.9995
vn -0.1492 0.0138 0.9887
vn 0.9450 -0.3256 -0.0309
vn 0.9462 -0.3221 -0.0309
vn 0.9444 -0.3275 -0.0309
vn 0.7985 -0.6012 -0.0310
vn 0.8048 -0.5928 -0.0309
vn 0.8073 -0.5893 -0.0310
vn 0.3276 -0.2701 0.9054
vn 0.5351 -0.1982 0.8212
vn 0.1389 -0.1364 -0.9809
vn 0.3772 -0.2012 -0.9040
vn 0.5638 -0.2254 -0.7945
vn 0.5521 -0.1888 -0.8121
vn -0.7246 0.6892 -0.0001
vn -0.6646 0.6321 -0.3985
vn -0.7636 0.4788 -0.4332
vn -0.8586 0.4282 -0.2819
vn -0.5115 0.4865 -0.7083
vn -0.6974 0.2884 -0.6561
vn -0.8565 0.1239 -0.5011
vn -0.4669 -0.0601 -0.8822
vn -0.5431 0.0371 -0.8389
vn -0.3965 -0.1413 -0.9071
vn -0.6162 -0.3716 -0.6944
vn -0.6807 -0.2839 -0.6753
vn -0.7464 -0.1755 -0.6420
vn 0.0689 -0.0614 -0.9957
vn -0.2023 -0.3069 -0.9300
vn -0.2669 -0.2642 -0.9268
vn -0.1361 -0.3411 -0.9301
vn -0.4299 -0.5100 -0.7450
vn -0.4607 -0.5103 -0.7262
vn -0.5045 -0.4856 -0.7139
vn -0.4024 0.3826 -0.8317
vn -0.6217 0.1521 -0.7684
vn -0.8074 -0.0433 -0.5884
vn -0.3308 -0.2085 -0.9204
vn -0.5568 -0.4385 -0.7055
vn -0.2099 -0.2137 -0.9541
vn -0.5472 -0.3242 -0.7716
vn -0.4482 -0.4580 -0.7677
vn -0.9318 -0.1739 -0.3186
vn -0.9622 0.0101 -0.2721
vn -0.8817 -0.3189 -0.3477
vn -0.7093 -0.5927 -0.3817
vn -0.7627 -0.5263 -0.3759
vn -0.6694 -0.6349 -0.3856
vn -0.7267 -0.6870 -0.0000
vn -0.8146 -0.5800 -0.0000
vn -0.7302 -0.5478 -0.4084
vn -0.6684 -0.6260 -0.4018
vn -0.8173 -0.4144 -0.4003
vn -0.7479 -0.6638 -0.0000
vn -0.9384 0.2953 -0.1796
vn -0.9390 0.3439 -0.0000
vn -0.8231 -0.4345 -0.3657
vn -0.8736 -0.4866 -0.0000
vn -0.6516 -0.6495 -0.3919
vn -0.7168 -0.6972 -0.0000
vn -0.9319 -0.1740 0.3184
vn -0.9623 0.0101 0.2718
vn -0.8818 -0.3189 0.3475
vn -0.7465 -0.1757 0.6418
vn -0.8076 -0.0434 0.5881
vn -0.8567 0.1239 0.5008
vn -0.7093 -0.5927 0.3816
vn -0.7628 -0.5263 0.3758
vn -0.5046 -0.4856 0.7138
vn -0.5569 -0.4386 0.7053
vn -0.6164 -0.3717 0.6942
vn -0.7303 -0.5478 0.4082
vn -0.4301 -0.5101 0.7449
vn -0.9384 0.2952 0.1794
vn -0.8586 0.4283 0.2816
vn -0.8231 -0.4346 0.3655
vn -0.6809 -0.2840 0.6751
vn -0.6517 -0.6497 0.3914
vn -0.7637 0.4789 0.4329
vn -0.5117 0.4867 0.7081
vn -0.5432 0.0371 0.8388
vn -0.3966 -0.1414 0.9070
vn -0.2669 -0.2643 0.9268
vn -0.6218 0.1521 0.7683
vn -0.3308 -0.2085 0.9204
vn -0.0675 0.0648 0.9956
vn -0.1173 -0.3278 0.9374
vn 0.1200 -0.1126 0.9864
vn 0.2496 0.6942 0.6751
vn 0.3314 0.2056 0.9208
vn 0.3996 0.1138 0.9096
vn 0.6174 0.3537 0.7027
vn 0.5537 0.4425 0.7054
vn 0.4873 0.5123 0.7072
vn 0.1954 0.3398 0.9200
vn 0.4178 0.5742 0.7040
vn 0.4266 0.0335 0.9038
vn 0.3656 0.0055 0.9308
vn 0.4101 0.1926 0.8915
vn 0.6298 0.2662 0.7297
vn -0.4706 0.8362 0.2815
vn -0.0583 0.9606 0.2716
vn 0.2744 0.8966 0.3475
vn 0.3213 0.9470 -0.0000
vn 0.5666 0.7306 0.3811
vn 0.4875 0.7881 0.3758
vn 0.6891 0.7246 -0.0000
vn 0.6188 0.7855 -0.0000
vn 0.5386 0.8425 -0.0000
vn 0.7845 0.4734 0.4005
vn 0.6273 0.6036 0.4921
vn 0.8374 0.5466 -0.0000
vn 0.8145 0.5801 -0.0000
vn -0.3418 0.9225 0.1792
vn -0.3903 0.9207 -0.0000
vn 0.3928 0.8439 0.3655
vn 0.7015 0.6017 0.3818
vn 0.5667 0.7305 -0.3812
vn 0.4875 0.7881 -0.3759
vn 0.6366 0.6694 -0.3829
vn 0.4872 0.5122 -0.7073
vn 0.4178 0.5741 -0.7042
vn 0.3404 0.6341 -0.6943
vn 0.7845 0.4733 -0.4007
vn 0.7633 0.5223 -0.3803
vn 0.6273 0.6035 -0.4923
vn 0.4100 0.1925 -0.8916
vn 0.6296 0.2661 -0.7299
vn 0.6172 0.3536 -0.7029
vn -0.3418 0.9225 -0.1794
vn -0.4706 0.8361 -0.2818
vn -0.0583 0.9606 -0.2719
vn -0.1667 0.8492 -0.5010
vn 0.3928 0.8438 -0.3656
vn 0.2743 0.8966 -0.3477
vn 0.2495 0.6941 -0.6753
vn 0.1378 0.7542 -0.6420
vn 0.7015 0.6017 -0.3820
vn 0.5536 0.4423 -0.7056
vn 0.1270 0.9394 -0.3185
vn 0.0027 0.8086 -0.5883
vn -0.5166 0.7386 -0.4331
vn -0.3230 0.6820 -0.6561
vn 0.0367 0.4693 -0.8823
vn -0.0643 0.5405 -0.8389
vn 0.2636 0.2765 -0.9241
vn 0.3995 0.1137 -0.9097
vn -0.1831 0.6132 -0.7684
vn 0.1953 0.3398 -0.9200
vn 0.4264 0.0334 -0.9039
vn 0.3656 0.0055 -0.9308
vn -0.1793 0.8833 -0.4331
vn -0.2815 0.9172 -0.2818
vn -0.2716 0.7041 -0.6561
vn -0.5005 0.7060 -0.5010
vn -0.3653 0.2969 -0.8823
vn -0.3473 0.4191 -0.8389
vn -0.3756 0.1899 -0.9071
vn -0.6940 0.1904 -0.6944
vn -0.6749 0.2976 -0.6753
vn -0.6415 0.4199 -0.6420
vn -0.3810 -0.0926 -0.9199
vn -0.3826 -0.0000 -0.9239
vn -0.3756 -0.1900 -0.9071
vn -0.6940 -0.1904 -0.6943
vn -0.7039 -0.0930 -0.7042
vn -0.7070 -0.0000 -0.7073
vn -0.3181 0.5553 -0.7684
vn -0.5878 0.5553 -0.5883
vn -0.3809 0.0928 -0.9199
vn -0.7039 0.0930 -0.7042
vn -0.3664 -0.2071 -0.9071
vn -0.3302 -0.0829 -0.9403
vn -0.5283 -0.0045 -0.8490
vn -0.6811 -0.2015 -0.7039
vn -0.7682 0.5554 -0.3185
vn -0.6558 0.7043 -0.2719
vn -0.8387 0.4191 -0.3477
vn -0.8316 0.5554 -0.0000
vn -0.7080 0.7062 -0.0000
vn -0.9198 0.0927 -0.3812
vn -0.9070 0.1899 -0.3759
vn -0.9238 -0.0000 -0.3829
vn -0.9957 0.0930 -0.0000
vn -0.9038 -0.2135 -0.3710
vn -0.9070 -0.1900 -0.3759
vn -0.9122 0.0036 -0.4098
vn -0.9729 -0.2312 -0.0000
vn -0.4328 0.8834 -0.1795
vn -0.8821 0.2969 -0.3656
vn -0.9198 -0.0927 -0.3812
vn -0.9957 -0.0930 -0.0000
vn -0.6558 0.7043 0.2717
vn -0.6418 0.4199 0.6418
vn -0.5880 0.5554 0.5880
vn -0.5006 0.7062 0.5007
vn -0.9199 0.0928 0.3810
vn -0.9071 -0.1899 0.3757
vn -0.9123 0.0037 0.4096
vn -0.5285 -0.0045 0.8489
vn -0.4328 0.8835 0.1793
vn -0.2815 0.9173 0.2816
vn -0.9199 -0.0927 0.3810
vn -0.7040 -0.0930 0.7040
vn -0.1792 0.8835 0.4328
vn -0.3474 0.4191 0.8388
vn -0.3757 0.1899 0.9071
vn -0.3810 -0.0927 0.9199
vn -0.3182 0.5554 0.7683
vn -0.3664 -0.2072 0.9071
vn -0.3302 -0.0829 0.9403
vn -0.3960 0.7136 0.5779
vn -0.4677 0.8839 -0.0000
vn -0.3959 0.7134 -0.5782
vn -0.1175 0.2321 -0.9656
vn 0.2371 0.0031 0.9715
vn -0.2041 -0.0101 0.9789
vn -0.6905 -0.1897 -0.6980
vn -0.3800 -0.0806 -0.9215
vn -0.4304 -0.1015 -0.8969
vn -0.7303 -0.2114 -0.6496
vn 0.0097 -0.0135 -0.9999
vn -0.0323 -0.0273 -0.9991
vn -0.4940 -0.1447 -0.8573
vn -0.7599 -0.2434 -0.6027
vn -0.6907 -0.1899 0.6978
vn -0.8883 -0.2801 0.3639
vn -0.8944 -0.2852 0.3444
vn -0.7298 -0.2124 0.6498
vn -0.9509 -0.3093 -0.0000
vn -0.8941 -0.2915 0.3400
vn -0.2366 0.0009 -0.9716
vn -0.1849 -0.0115 -0.9827
vn -0.1826 0.0157 -0.9831
vn -0.1792 -0.1369 -0.9742
vn -0.2489 -0.2000 -0.9477
vn -0.1630 -0.2741 0.9478
vn -0.1852 -0.4448 0.8763
vn -0.8671 -0.4980 0.0059
vn -0.7442 -0.6679 -0.0021
vn -0.3826 -0.7271 0.5701
vn -0.3790 -0.4175 0.8259
vn -0.2308 -0.7833 0.5773
vn -0.9415 -0.3370 0.0019
vn -0.8613 -0.3229 0.3922
vn -0.6370 -0.3447 0.6895
vn -0.7344 -0.2976 0.6099
vn -0.9497 -0.3131 0.0008
vn -0.8819 -0.3013 0.3625
vn -0.7566 -0.2715 0.5949
vn -0.7692 -0.2649 -0.5814
vn -0.8854 -0.2973 -0.3573
vn -0.8948 -0.2910 -0.3386
vn -0.7583 -0.2777 -0.5898
vn -0.8713 -0.3086 -0.3817
vn -0.6903 -0.2872 -0.6641
vn -0.8490 -0.3408 -0.4039
vn -0.5371 -0.2861 -0.7935
vn -0.7936 -0.4123 -0.4474
vn -0.2336 -0.6338 -0.7374
vn -0.4487 -0.5947 -0.6671
vn -0.3545 -0.2489 -0.9013
vn -0.6644 -0.5124 -0.5441
vn 0.2376 0.0032 -0.9714
vn 0.2996 0.0056 -0.9541
vn 0.0417 -0.0368 -0.9985
vn 0.2933 0.0412 0.9551
vn -0.9995 0.0022 -0.0314
vn -0.9995 0.0061 -0.0315
vn -0.9408 0.3372 -0.0341
vn -0.9429 0.3313 -0.0340
vn -0.9995 0.0098 -0.0315
vn -0.9399 0.3398 -0.0342
vn -0.7778 0.6274 -0.0380
vn -0.7846 0.6189 -0.0379
vn -0.7907 0.6111 -0.0378
vn -0.2564 -0.0000 -0.9666
vn 0.2456 0.0319 0.9688
vn -0.0171 0.0464 -0.9988
vn -0.2824 0.0181 -0.9591
vn -0.8882 -0.2801 -0.3642
vn -0.8944 -0.2848 -0.3450
vn 0.2899 0.0382 -0.9563
vn -0.1817 -0.1007 -0.9782
vn -0.8703 -0.3119 -0.3813
vn -0.9398 -0.3416 -0.0000
vn -0.6388 -0.2166 -0.7382
vn 0.2433 0.0141 -0.9698
vn -0.2823 -0.0107 -0.9593
vn -0.2861 -0.0140 0.9581
vn 0.0829 0.0366 0.9959
vn -0.8093 -0.5866 -0.0306
vn -0.8086 -0.5876 -0.0306
vn -0.9489 -0.3141 -0.0300
vn -0.9484 -0.3157 -0.0300
vn -0.8042 -0.5935 -0.0306
vn -0.9499 -0.3111 -0.0300
vn -0.3276 -0.2701 0.9054
vn -0.5362 -0.2509 0.8060
vn -0.5351 -0.1982 0.8212
vn -0.0708 -0.0879 -0.9936
vn -0.1389 -0.1363 -0.9809
vn -0.5638 -0.2254 -0.7946
vn -0.3771 -0.2012 -0.9040
vn -0.5521 -0.1888 -0.8121
vn 0.9388 -0.0078 0.3443
vn 0.4654 -0.0025 0.8851
vn 0.4025 0.0517 0.9140
vn 0.8816 0.2030 0.4262
vn 0.3287 0.0397 0.9436
vn 0.6950 0.3623 0.6211
vn 0.2761 0.0389 0.9603
vn 0.4523 0.5033 0.7362
vn -0.0000 0.0615 0.9981
vn 0.0001 0.6143 0.7891
vn 0.6692 -0.3779 0.6399
vn 0.2340 -0.1034 0.9667
vn 0.3435 -0.0696 0.9366
vn 0.8745 -0.2158 0.4343
vn -0.0000 -0.6103 0.7922
vn -0.0000 -0.1803 0.9836
vn 0.1815 -0.1464 0.9724
vn 0.4127 -0.5140 0.7520
vn -0.6943 0.3625 0.6217
vn -0.3287 0.0397 0.9436
vn -0.4026 0.0518 0.9139
vn -0.8810 0.2035 0.4271
vn -0.4656 -0.0025 0.8850
vn -0.9386 -0.0073 0.3449
vn -0.2761 0.0389 0.9603
vn -0.4518 0.5031 0.7367
vn -0.3436 -0.0697 0.9365
vn -0.8745 -0.2156 0.4344
vn -0.2340 -0.1034 0.9667
vn -0.6692 -0.3779 0.6398
vn -0.1815 -0.1464 0.9724
vn -0.4127 -0.5141 0.7519
vn -0.0001 -0.9994 -0.0356
vn -0.0002 -0.9994 -0.0356
vn -0.5350 -0.8442 -0.0330
vn -0.5386 -0.8419 -0.0330
vn -0.0004 -0.9994 -0.0356
vn -0.5178 -0.8549 -0.0332
vn -0.5040 0.8626 -0.0431
vn -0.5135 0.8570 -0.0429
vn -0.4887 0.8714 -0.0433
vn -0.0023 0.9988 -0.0480
vn 0.0027 0.9988 -0.0480
vn 0.0019 0.9988 -0.0480
vn 0.5335 -0.8452 -0.0331
vn 0.5377 -0.8425 -0.0331
vn 0.5153 -0.8564 -0.0333
vn 0.5202 0.8528 -0.0455
vn 0.5162 0.8553 -0.0456
vn 0.4977 0.8662 -0.0458
vn -0.8041 0.5943 0.0167
vn -0.5285 0.8487 0.0180
vn 0.0002 0.9999 0.0106
vn -1.0000 -0.0018 -0.0077
vn -0.9486 0.3164 -0.0001
vn -0.8163 -0.5772 0.0235
vn -0.9511 -0.3090 0.0027
vn -0.0001 -0.9996 0.0281
vn -0.5467 -0.8367 0.0309
vn 0.8156 -0.5782 0.0232
vn 0.5465 -0.8369 0.0308
vn 0.9999 -0.0055 -0.0093
vn 0.9503 -0.3113 0.0019
vn 0.8064 0.5912 0.0137
vn 0.9500 0.3124 -0.0026
vn 0.5305 0.8475 0.0156
vt 0.131744 0.096858
vt 0.134744 0.102006
vt 0.126756 0.104966
vt 0.123536 0.099730
vt 0.137744 0.107154
vt 0.128733 0.109101
vt 0.120218 0.112295
vt 0.118843 0.108530
vt 0.116270 0.104095
vt 0.130268 0.112297
vt 0.121457 0.115345
vt 0.139164 0.109921
vt 0.140584 0.112688
vt 0.131645 0.115070
vt 0.122750 0.118092
vt 0.108679 0.133055
vt 0.117004 0.128011
vt 0.118957 0.130315
vt 0.110767 0.135577
vt 0.125989 0.123642
vt 0.127790 0.125912
vt 0.128509 0.130312
vt 0.119544 0.134181
vt 0.112922 0.137417
vt 0.118661 0.079449
vt 0.125203 0.088154
vt 0.118273 0.093233
vt 0.111987 0.086106
vt 0.111438 0.099034
vt 0.105313 0.092763
vt 0.124285 0.120946
vt 0.115323 0.125314
vt 0.113924 0.122473
vt 0.107041 0.130133
vt 0.105796 0.127061
vt 0.111078 0.113301
vt 0.109117 0.109666
vt 0.111904 0.116790
vt 0.104280 0.120949
vt 0.103945 0.117364
vt 0.104185 0.113702
vt 0.145255 0.122573
vt 0.145245 0.136500
vt 0.136248 0.137806
vt 0.136904 0.127634
vt 0.145235 0.150427
vt 0.134891 0.150693
vt 0.124547 0.150959
vt 0.126969 0.139399
vt 0.134686 0.120638
vt 0.136161 0.122890
vt 0.143346 0.118546
vt 0.144300 0.120559
vt 0.104795 0.106280
vt 0.099294 0.103016
vt 0.099804 0.113395
vt 0.093275 0.113270
vt 0.117128 0.141565
vt 0.113211 0.150707
vt 0.101875 0.150455
vt 0.108867 0.142693
vt 0.104886 0.124090
vt 0.098196 0.127009
vt 0.097833 0.123136
vt 0.098997 0.130701
vt 0.092597 0.133821
vt 0.092125 0.129211
vt 0.091654 0.124601
vt 0.100219 0.134491
vt 0.101962 0.138081
vt 0.095654 0.143419
vt 0.094126 0.138620
vt 0.097926 0.118806
vt 0.092464 0.118936
vt 0.141965 0.115617
vt 0.133149 0.117941
vt 0.112819 0.119739
vt 0.104328 0.141173
vt 0.098765 0.146937
vt 0.152853 0.067772
vt 0.144647 0.064896
vt 0.147869 0.059661
vt 0.155856 0.062626
vt 0.137383 0.060527
vt 0.139958 0.056094
vt 0.141334 0.052329
vt 0.149848 0.055527
vt 0.158858 0.057479
vt 0.142575 0.049279
vt 0.151384 0.052332
vt 0.143869 0.046533
vt 0.152763 0.049560
vt 0.161700 0.051946
vt 0.160279 0.054713
vt 0.129806 0.031563
vt 0.131896 0.029042
vt 0.140083 0.034308
vt 0.138129 0.036611
vt 0.134052 0.027203
vt 0.140672 0.030442
vt 0.149635 0.034316
vt 0.148914 0.038716
vt 0.147112 0.040985
vt 0.139761 0.085174
vt 0.133090 0.078514
vt 0.139380 0.071390
vt 0.146307 0.076473
vt 0.126419 0.071854
vt 0.132548 0.065585
vt 0.135046 0.042147
vt 0.136446 0.039307
vt 0.145406 0.043680
vt 0.126921 0.037555
vt 0.128167 0.034484
vt 0.130232 0.054952
vt 0.132196 0.051318
vt 0.125302 0.050914
vt 0.125065 0.047251
vt 0.125401 0.043667
vt 0.133023 0.047830
vt 0.166377 0.042064
vt 0.158029 0.036999
vt 0.157377 0.026826
vt 0.166374 0.028137
vt 0.148100 0.025228
vt 0.145684 0.013667
vt 0.156027 0.013938
vt 0.166371 0.014210
vt 0.157283 0.041742
vt 0.155807 0.043993
vt 0.165421 0.044077
vt 0.164465 0.046090
vt 0.120406 0.061597
vt 0.125909 0.058336
vt 0.114392 0.051340
vt 0.120922 0.051219
vt 0.138260 0.023057
vt 0.129999 0.021925
vt 0.123012 0.014159
vt 0.134348 0.013913
vt 0.118955 0.041476
vt 0.119320 0.037603
vt 0.126009 0.040525
vt 0.112777 0.040008
vt 0.113251 0.035398
vt 0.113725 0.030789
vt 0.120123 0.033911
vt 0.121347 0.030122
vt 0.115256 0.025990
vt 0.116787 0.021192
vt 0.123092 0.026533
vt 0.119046 0.045806
vt 0.113585 0.045674
vt 0.154269 0.046690
vt 0.163083 0.049018
vt 0.133939 0.044881
vt 0.125460 0.023442
vt 0.119900 0.017676
vt 0.592055 0.734377
vt 0.601642 0.737391
vt 0.585901 0.755143
vt 0.574581 0.753001
vt 0.611057 0.740594
vt 0.596863 0.757380
vt 0.583898 0.777370
vt 0.571374 0.776012
vt 0.558348 0.774570
vt 0.560343 0.799301
vt 0.545704 0.798571
vt 0.574470 0.799637
vt 0.570900 0.822923
vt 0.555656 0.823805
vt 0.539782 0.824009
vt 0.560160 0.848321
vt 0.543711 0.849892
vt 0.575508 0.845975
vt 0.584795 0.868168
vt 0.569906 0.872070
vt 0.553378 0.875236
vt 0.575355 0.919444
vt 0.591342 0.913162
vt 0.599179 0.926983
vt 0.583207 0.934489
vt 0.605238 0.906468
vt 0.613058 0.919293
vt 0.621186 0.929492
vt 0.605734 0.938268
vt 0.590281 0.947044
vt 0.538608 0.928824
vt 0.557869 0.924626
vt 0.565765 0.941247
vt 0.546353 0.947369
vt 0.572273 0.955098
vt 0.554265 0.963151
vt 0.512019 0.821525
vt 0.524938 0.823040
vt 0.527636 0.850026
vt 0.512326 0.849062
vt 0.536280 0.876886
vt 0.518424 0.876945
vt 0.533697 0.770253
vt 0.545648 0.772739
vt 0.531855 0.797082
vt 0.519572 0.795066
vt 0.574340 0.727646
vt 0.582916 0.731164
vt 0.563580 0.750598
vt 0.553108 0.747651
vt 0.659941 0.832746
vt 0.656255 0.824271
vt 0.664801 0.820964
vt 0.669386 0.826676
vt 0.655421 0.815662
vt 0.666255 0.814987
vt 0.682441 0.814022
vt 0.624172 0.727942
vt 0.631544 0.732915
vt 0.619681 0.744372
vt 0.636821 0.717207
vt 0.642894 0.723579
vt 0.648966 0.729951
vt 0.638866 0.738901
vt 0.628065 0.749072
vt 0.595261 0.888880
vt 0.606867 0.883658
vt 0.616450 0.900049
vt 0.596976 0.864312
vt 0.607850 0.860315
vt 0.617109 0.878208
vt 0.626269 0.893301
vt 0.586786 0.799943
vt 0.583854 0.821862
vt 0.595094 0.778948
vt 0.605793 0.780865
vt 0.598403 0.800321
vt 0.595876 0.820702
vt 0.678133 0.855849
vt 0.671297 0.851411
vt 0.671531 0.838452
vt 0.680287 0.834935
vt 0.665983 0.850104
vt 0.663594 0.842491
vt 0.588277 0.843517
vt 0.599898 0.840923
vt 0.655913 0.807248
vt 0.664589 0.809359
vt 0.659419 0.799364
vt 0.669071 0.804197
vt 0.644869 0.877566
vt 0.636784 0.865778
vt 0.644686 0.859469
vt 0.652193 0.869679
vt 0.629026 0.851493
vt 0.637610 0.846973
vt 0.645152 0.842425
vt 0.651404 0.853354
vt 0.658157 0.862235
vt 0.644925 0.761568
vt 0.653757 0.754424
vt 0.659492 0.761834
vt 0.651728 0.767919
vt 0.663102 0.749633
vt 0.666991 0.757346
vt 0.670880 0.765059
vt 0.664182 0.769011
vt 0.657466 0.774100
vt 0.622920 0.835395
vt 0.632190 0.832709
vt 0.619987 0.818463
vt 0.629656 0.817662
vt 0.638182 0.816992
vt 0.640381 0.830025
vt 0.621750 0.801677
vt 0.631236 0.802818
vt 0.627250 0.785990
vt 0.636104 0.789041
vt 0.643960 0.792269
vt 0.639646 0.804162
vt 0.651957 0.886172
vt 0.643398 0.895467
vt 0.635985 0.885624
vt 0.659389 0.893087
vt 0.650193 0.903487
vt 0.640996 0.913887
vt 0.633921 0.904294
vt 0.611801 0.838175
vt 0.608324 0.819523
vt 0.618819 0.855991
vt 0.635532 0.772355
vt 0.626224 0.767640
vt 0.636758 0.755045
vt 0.616829 0.783238
vt 0.616360 0.763422
vt 0.610431 0.800872
vt 0.668226 0.776308
vt 0.662441 0.780113
vt 0.673965 0.773941
vt 0.677050 0.782824
vt 0.670810 0.784648
vt 0.665529 0.785078
vt 0.647735 0.805577
vt 0.646417 0.816328
vt 0.651390 0.795549
vt 0.648259 0.827252
vt 0.652229 0.837839
vt 0.657295 0.847577
vt 0.662966 0.855508
vt 0.663165 0.791178
vt 0.671118 0.794952
vt 0.679745 0.798423
vt 0.524472 0.952967
vt 0.517295 0.932154
vt 0.530341 0.970582
vt 0.506418 0.978013
vt 0.498926 0.958555
vt 0.492554 0.935888
vt 0.509634 0.792758
vt 0.522919 0.766849
vt 0.501919 0.820092
vt 0.493729 0.819633
vt 0.500869 0.790304
vt 0.508008 0.760975
vt 0.543377 0.743877
vt 0.566440 0.723713
vt 0.534429 0.738376
vt 0.559058 0.718789
vt 0.498171 0.847337
vt 0.499621 0.875339
vt 0.475456 0.870829
vt 0.484593 0.845231
vt 0.528242 0.904441
vt 0.507504 0.904945
vt 0.483508 0.906281
vt 0.671045 0.873080
vt 0.664435 0.868488
vt 0.668749 0.860677
vt 0.674589 0.864464
vt 0.627336 0.872136
vt 0.658904 0.877083
vt 0.665217 0.883084
vt 0.624223 0.911983
vt 0.631091 0.921689
vt 0.547200 0.902462
vt 0.564669 0.899057
vt 0.580942 0.894271
vt 0.463009 0.941297
vt 0.454777 0.910754
vt 0.432447 0.951192
vt 0.423678 0.916797
vt 0.414909 0.882402
vt 0.445183 0.876616
vt 0.809252 0.121982
vt 0.807205 0.091679
vt 0.828768 0.096444
vt 0.828727 0.126111
vt 0.806016 0.066272
vt 0.829428 0.071788
vt 0.851314 0.083279
vt 0.848501 0.105257
vt 0.846194 0.132084
vt 0.552035 0.712294
vt 0.575603 0.695509
vt 0.581505 0.701332
vt 0.545957 0.704120
vt 0.570294 0.688638
vt 0.593326 0.673429
vt 0.598090 0.679307
vt 0.602854 0.685185
vt 0.769410 0.918409
vt 0.759066 0.916128
vt 0.755784 0.899191
vt 0.766989 0.902504
vt 0.749404 0.917708
vt 0.749762 0.900950
vt 0.749802 0.891973
vt 0.755374 0.890152
vt 0.766208 0.889022
vt 0.444275 0.669842
vt 0.468510 0.672442
vt 0.455351 0.691082
vt 0.426813 0.691885
vt 0.493329 0.671387
vt 0.484698 0.686956
vt 0.481735 0.702645
vt 0.449404 0.710665
vt 0.417750 0.716236
vt 0.519416 0.719722
vt 0.514192 0.707035
vt 0.541412 0.694158
vt 0.490965 0.736590
vt 0.484198 0.719550
vt 0.511509 0.693476
vt 0.538589 0.683182
vt 0.451244 0.732023
vt 0.418303 0.743246
vt 0.456976 0.754269
vt 0.422987 0.771947
vt 0.742417 0.918243
vt 0.745588 0.901838
vt 0.735391 0.922415
vt 0.738442 0.907940
vt 0.739910 0.895008
vt 0.746024 0.892894
vt 0.512247 0.680335
vt 0.537679 0.671971
vt 0.517016 0.666904
vt 0.539304 0.660347
vt 0.747875 0.883226
vt 0.751414 0.882828
vt 0.742726 0.880907
vt 0.743954 0.867739
vt 0.748965 0.869165
vt 0.754133 0.869328
vt 0.756804 0.881806
vt 0.767212 0.877410
vt 0.761553 0.868989
vt 0.770099 0.866040
vt 0.390006 0.718059
vt 0.401692 0.688538
vt 0.359352 0.714683
vt 0.378280 0.683115
vt 0.397208 0.651548
vt 0.422339 0.663362
vt 0.472668 0.984402
vt 0.468519 0.964647
vt 0.438918 0.990791
vt 0.435682 0.970991
vt 0.468615 0.617041
vt 0.481356 0.625821
vt 0.450880 0.642442
vt 0.435062 0.631732
vt 0.495149 0.632515
vt 0.468921 0.649754
vt 0.372463 0.608753
vt 0.370275 0.593694
vt 0.409513 0.589927
vt 0.413548 0.602434
vt 0.368086 0.578635
vt 0.408685 0.578640
vt 0.445047 0.578644
vt 0.445665 0.586717
vt 0.449212 0.595670
vt 0.384835 0.630150
vt 0.422341 0.617382
vt 0.457381 0.606384
vt 0.526425 0.652472
vt 0.544084 0.648136
vt 0.507870 0.654840
vt 0.523756 0.638916
vt 0.537031 0.638426
vt 0.549849 0.636240
vt 0.507808 0.613543
vt 0.517360 0.619018
vt 0.497971 0.606746
vt 0.522844 0.598585
vt 0.529123 0.603898
vt 0.535686 0.607295
vt 0.475644 0.584622
vt 0.479125 0.591185
vt 0.475125 0.578648
vt 0.502213 0.578651
vt 0.501275 0.583100
vt 0.505907 0.587726
vt 0.487488 0.598927
vt 0.512630 0.593446
vt 0.509539 0.636913
vt 0.526986 0.622873
vt 0.536418 0.625214
vt 0.540780 0.610814
vt 0.547086 0.612350
vt 0.545391 0.626152
vt 0.554428 0.625561
vt 0.553029 0.615076
vt 0.557213 0.618168
vt 0.544187 0.595177
vt 0.550258 0.595377
vt 0.542948 0.590294
vt 0.568064 0.578660
vt 0.524380 0.581610
vt 0.532178 0.584042
vt 0.529602 0.578655
vt 0.532774 0.588379
vt 0.551050 0.599761
vt 0.556985 0.598938
vt 0.572577 0.610303
vt 0.564002 0.613765
vt 0.561473 0.604623
vt 0.570321 0.594481
vt 0.732357 0.950291
vt 0.724133 0.943618
vt 0.746840 0.950195
vt 0.739228 0.992135
vt 0.718853 0.990161
vt 0.698478 0.988187
vt 0.766252 0.948166
vt 0.782304 0.938834
vt 0.811551 0.983375
vt 0.775389 0.987755
vt 0.786709 0.916829
vt 0.785773 0.890172
vt 0.809821 0.889946
vt 0.810686 0.936661
vt 0.723499 0.925339
vt 0.727332 0.900407
vt 0.704659 0.948386
vt 0.710840 0.908585
vt 0.747118 0.847039
vt 0.757497 0.847285
vt 0.739081 0.853350
vt 0.728660 0.819887
vt 0.743801 0.820880
vt 0.758943 0.821874
vt 0.771099 0.846534
vt 0.782383 0.850997
vt 0.783044 0.819261
vt 0.807145 0.816649
vt 0.732506 0.873775
vt 0.719750 0.864236
vt 0.785802 0.866886
vt 0.808483 0.853297
vt 0.776294 0.168215
vt 0.761628 0.148011
vt 0.766159 0.144729
vt 0.780288 0.162972
vt 0.752268 0.122492
vt 0.757037 0.121879
vt 0.767043 0.121479
vt 0.775401 0.143314
vt 0.784162 0.157419
vt 0.391701 0.788180
vt 0.388347 0.752011
vt 0.360415 0.804412
vt 0.359884 0.759548
vt 0.488310 0.653911
vt 0.792572 0.145238
vt 0.797542 0.163799
vt 0.786570 0.120976
vt 0.812461 0.148924
vt 0.814685 0.169149
vt 0.784288 0.094065
vt 0.765323 0.097887
vt 0.769622 0.080846
vt 0.783378 0.071446
vt 0.811898 0.184695
vt 0.793793 0.179328
vt 0.796728 0.173608
vt 0.813781 0.179302
vt 0.750687 0.095437
vt 0.755615 0.097427
vt 0.758964 0.071461
vt 0.763298 0.075458
vt 0.779178 0.055178
vt 0.781492 0.060058
vt 0.805258 0.049077
vt 0.805382 0.054020
vt 0.829748 0.182724
vt 0.828380 0.187665
vt 0.830686 0.172873
vt 0.846057 0.175883
vt 0.845152 0.185078
vt 0.844013 0.189506
vt 0.914900 0.142254
vt 0.917928 0.136746
vt 0.933272 0.151422
vt 0.930201 0.156083
vt 0.919942 0.133672
vt 0.935694 0.149193
vt 0.947443 0.164591
vt 0.944601 0.165370
vt 0.939274 0.165707
vt 0.864194 0.063597
vt 0.884866 0.059205
vt 0.897727 0.076547
vt 0.881148 0.079089
vt 0.913645 0.056399
vt 0.921636 0.074663
vt 0.929723 0.091699
vt 0.909447 0.093386
vt 0.895745 0.095126
vt 0.896438 0.011404
vt 0.939030 0.024756
vt 0.942399 0.041654
vt 0.904992 0.037302
vt 0.981622 0.038108
vt 0.980612 0.050276
vt 0.979601 0.062444
vt 0.945999 0.058299
vt 0.805596 0.045593
vt 0.832557 0.052469
vt 0.831132 0.055649
vt 0.807802 0.035766
vt 0.842540 0.048462
vt 0.856165 0.066454
vt 0.854554 0.069133
vt 0.852120 0.023585
vt 0.869195 0.041489
vt 0.829856 0.152795
vt 0.845892 0.156923
vt 0.950701 0.181203
vt 0.947611 0.180034
vt 0.945972 0.193706
vt 0.943125 0.190978
vt 0.936366 0.185333
vt 0.940462 0.175566
vt 0.933760 0.196781
vt 0.931967 0.193765
vt 0.920022 0.195625
vt 0.919352 0.192820
vt 0.917009 0.187811
vt 0.927968 0.188921
vt 0.874718 0.081290
vt 0.873276 0.083770
vt 0.890528 0.097134
vt 0.889311 0.099606
vt 0.860514 0.187569
vt 0.859570 0.191485
vt 0.861312 0.179089
vt 0.876055 0.182134
vt 0.875479 0.189806
vt 0.874777 0.193296
vt 0.984533 0.115120
vt 0.985067 0.121169
vt 0.972132 0.121290
vt 0.965700 0.115566
vt 0.985602 0.127219
vt 0.969647 0.126837
vt 0.951479 0.122697
vt 0.974594 0.137307
vt 0.966622 0.141496
vt 0.988760 0.145195
vt 0.991918 0.163171
vt 0.950061 0.074437
vt 0.980743 0.075040
vt 0.981885 0.087635
vt 0.954661 0.089851
vt 0.901838 0.195384
vt 0.901811 0.192326
vt 0.910499 0.192570
vt 0.910720 0.195437
vt 0.901492 0.186667
vt 0.909530 0.188145
vt 0.901253 0.175893
vt 0.907829 0.180612
vt 0.906133 0.165217
vt 0.912283 0.178501
vt 0.920901 0.181089
vt 0.923402 0.174939
vt 0.843547 0.198807
vt 0.843476 0.194165
vt 0.858736 0.195505
vt 0.857957 0.199576
vt 0.873723 0.196796
vt 0.872367 0.200346
vt 0.853134 0.072989
vt 0.871658 0.087147
vt 0.869373 0.096027
vt 0.887609 0.102740
vt 0.885125 0.110296
vt 0.921320 0.131230
vt 0.937239 0.147309
vt 0.925510 0.128894
vt 0.941911 0.145621
vt 0.954528 0.161749
vt 0.949085 0.163672
vt 0.861706 0.161378
vt 0.862857 0.138624
vt 0.878301 0.145963
vt 0.876731 0.166092
vt 0.910480 0.151997
vt 0.926706 0.165263
vt 0.902198 0.201518
vt 0.901200 0.198354
vt 0.910174 0.198295
vt 0.909244 0.201149
vt 0.919729 0.198322
vt 0.916291 0.200780
vt 0.951689 0.201513
vt 0.933990 0.201147
vt 0.934210 0.199130
vt 0.947200 0.195350
vt 0.953108 0.181631
vt 0.952282 0.181608
vt 0.830152 0.060139
vt 0.865926 0.115013
vt 0.881561 0.126034
vt 0.812273 0.198327
vt 0.811186 0.190639
vt 0.827919 0.193014
vt 0.827910 0.198567
vt 0.741895 0.064003
vt 0.774849 0.049884
vt 0.776983 0.052084
vt 0.754535 0.069318
vt 0.741287 0.125028
vt 0.741591 0.094515
vt 0.746063 0.094671
vt 0.748453 0.123631
vt 0.791785 0.192211
vt 0.792403 0.185625
vt 0.771296 0.186094
vt 0.774045 0.173974
vt 0.756292 0.155561
vt 0.758587 0.151687
vt 0.959876 0.104323
vt 0.983209 0.101377
vt 0.938664 0.107114
vt 0.890400 0.170992
vt 0.892112 0.154336
vt 0.889891 0.184662
vt 0.888464 0.197800
vt 0.889362 0.194633
vt 0.887282 0.200932
vt 0.935959 0.126138
vt 0.921697 0.109596
vt 0.910327 0.111895
vt 0.902870 0.119896
vt 0.904673 0.116692
vt 0.900088 0.126348
vt 0.895922 0.138641
vt 0.889691 0.191398
vt 0.905906 0.114143
vt 0.953717 0.143975
vt 0.973223 0.162460
vt 0.575391 0.630194
vt 0.562693 0.633158
vt 0.564058 0.623318
vt 0.573984 0.620248
vt 0.579471 0.645556
vt 0.559922 0.653072
vt 0.560954 0.643165
vt 0.577431 0.637875
vt 0.585430 0.659963
vt 0.562838 0.671789
vt 0.560674 0.662613
vt 0.582450 0.652759
vt 0.566042 0.680597
vt 0.589378 0.666696
vt 0.499487 0.748783
vt 0.526302 0.730247
vt 0.612446 0.694990
vt 0.593932 0.710626
vt 0.587536 0.706230
vt 0.607650 0.690088
vt 0.650313 0.782051
vt 0.656560 0.786794
vt 0.646576 0.746425
vt 0.656034 0.739792
vt 0.643433 0.777199
vt 0.606795 0.760071
vt 0.618270 0.700325
vt 0.600925 0.714942
vt 0.624093 0.705661
vt 0.608419 0.719209
vt 0.630457 0.711434
vt 0.616316 0.723458
vt 0.592095 0.422949
vt 0.574626 0.404320
vt 0.585946 0.402182
vt 0.601683 0.419937
vt 0.558398 0.382747
vt 0.571424 0.381308
vt 0.583949 0.379954
vt 0.596909 0.399947
vt 0.611099 0.416737
vt 0.545760 0.358743
vt 0.560399 0.358017
vt 0.539845 0.333303
vt 0.555719 0.333512
vt 0.570962 0.334397
vt 0.574527 0.357685
vt 0.543780 0.307421
vt 0.560229 0.308996
vt 0.553454 0.282080
vt 0.569981 0.285250
vt 0.584869 0.289156
vt 0.575576 0.311346
vt 0.575442 0.237878
vt 0.583298 0.222834
vt 0.599267 0.230345
vt 0.591427 0.244163
vt 0.590375 0.210281
vt 0.605825 0.219061
vt 0.621275 0.227841
vt 0.613145 0.238039
vt 0.605322 0.250861
vt 0.538698 0.228488
vt 0.546447 0.209945
vt 0.565857 0.216072
vt 0.557958 0.232691
vt 0.554362 0.194166
vt 0.572369 0.202223
vt 0.512081 0.335781
vt 0.512395 0.308244
vt 0.527706 0.307283
vt 0.525000 0.334269
vt 0.518500 0.280362
vt 0.536356 0.280426
vt 0.533746 0.387058
vt 0.519627 0.362241
vt 0.531910 0.360229
vt 0.545697 0.384575
vt 0.574378 0.429675
vt 0.553151 0.409665
vt 0.563623 0.406720
vt 0.582955 0.426159
vt 0.660006 0.324597
vt 0.669450 0.330670
vt 0.664863 0.336381
vt 0.656318 0.333071
vt 0.682501 0.343327
vt 0.666316 0.342358
vt 0.655482 0.341680
vt 0.619724 0.412961
vt 0.631583 0.424421
vt 0.624211 0.429392
vt 0.628108 0.408263
vt 0.638907 0.418437
vt 0.649005 0.427390
vt 0.642931 0.433760
vt 0.636856 0.440130
vt 0.616532 0.257283
vt 0.606945 0.273672
vt 0.595340 0.268447
vt 0.626349 0.264033
vt 0.617186 0.279124
vt 0.607922 0.297015
vt 0.597049 0.293015
vt 0.583916 0.335461
vt 0.586843 0.357382
vt 0.595938 0.336625
vt 0.598459 0.357007
vt 0.605844 0.376464
vt 0.595145 0.378378
vt 0.678204 0.301499
vt 0.680353 0.322413
vt 0.671597 0.318895
vt 0.671367 0.305935
vt 0.663661 0.314853
vt 0.666053 0.307241
vt 0.588345 0.313808
vt 0.599965 0.316404
vt 0.664648 0.347985
vt 0.655971 0.350094
vt 0.669129 0.353149
vt 0.659475 0.357979
vt 0.644946 0.279773
vt 0.652267 0.287662
vt 0.644758 0.297870
vt 0.636857 0.291559
vt 0.658230 0.295108
vt 0.651474 0.303987
vt 0.645219 0.314915
vt 0.637679 0.310364
vt 0.629095 0.305843
vt 0.644972 0.395771
vt 0.651776 0.389422
vt 0.659539 0.395509
vt 0.653802 0.402918
vt 0.657516 0.383242
vt 0.664230 0.388334
vt 0.670928 0.392287
vt 0.667037 0.400000
vt 0.663146 0.407712
vt 0.632255 0.324627
vt 0.622985 0.321939
vt 0.640445 0.327313
vt 0.638243 0.340345
vt 0.629717 0.339674
vt 0.620049 0.338870
vt 0.631293 0.354518
vt 0.621807 0.355657
vt 0.639703 0.353176
vt 0.644015 0.365070
vt 0.636157 0.368296
vt 0.627303 0.371345
vt 0.636064 0.271713
vt 0.643479 0.261872
vt 0.652036 0.271169
vt 0.634004 0.253042
vt 0.641081 0.243451
vt 0.650275 0.253854
vt 0.659470 0.264256
vt 0.608385 0.337807
vt 0.611867 0.319156
vt 0.618890 0.301342
vt 0.636804 0.402292
vt 0.626272 0.389695
vt 0.635582 0.384982
vt 0.616407 0.393911
vt 0.616881 0.374094
vt 0.610488 0.356459
vt 0.662492 0.377231
vt 0.668277 0.381037
vt 0.665582 0.372267
vt 0.670863 0.372698
vt 0.677102 0.374524
vt 0.674015 0.383406
vt 0.646477 0.341012
vt 0.647793 0.351763
vt 0.651446 0.361792
vt 0.652295 0.319503
vt 0.648322 0.330088
vt 0.663036 0.301836
vt 0.657364 0.309766
vt 0.671174 0.362394
vt 0.663220 0.366167
vt 0.679802 0.358926
vt 0.517385 0.225153
vt 0.524567 0.204342
vt 0.492645 0.221413
vt 0.499023 0.198747
vt 0.506520 0.179291
vt 0.530441 0.186728
vt 0.522967 0.390459
vt 0.509688 0.364547
vt 0.508055 0.396329
vt 0.500923 0.366999
vt 0.493791 0.337668
vt 0.501981 0.337211
vt 0.566477 0.433606
vt 0.543419 0.413437
vt 0.559094 0.438529
vt 0.534469 0.418935
vt 0.498239 0.309965
vt 0.484661 0.312067
vt 0.475531 0.286467
vt 0.499697 0.281963
vt 0.507587 0.252360
vt 0.528325 0.252869
vt 0.483591 0.251018
vt 0.671120 0.284266
vt 0.674662 0.292883
vt 0.668821 0.296668
vt 0.664509 0.288856
vt 0.627411 0.285199
vt 0.665295 0.274261
vt 0.658980 0.280260
vt 0.631178 0.235646
vt 0.624308 0.245351
vt 0.547282 0.254852
vt 0.564751 0.258262
vt 0.581023 0.263052
vt 0.454861 0.246537
vt 0.463102 0.215997
vt 0.445259 0.280673
vt 0.414987 0.274879
vt 0.423764 0.240487
vt 0.432542 0.206094
vt 0.807346 0.290761
vt 0.826833 0.286696
vt 0.826776 0.316355
vt 0.805194 0.321047
vt 0.844319 0.280777
vt 0.846542 0.307606
vt 0.849279 0.329588
vt 0.827347 0.341005
vt 0.803910 0.346441
vt 0.581537 0.455991
vt 0.575633 0.461813
vt 0.552069 0.445022
vt 0.602881 0.472144
vt 0.598115 0.478021
vt 0.593350 0.483898
vt 0.570322 0.468683
vt 0.545989 0.453194
vt 0.922657 0.952893
vt 0.906710 0.950765
vt 0.903191 0.939623
vt 0.920186 0.942592
vt 0.893216 0.950233
vt 0.894146 0.939380
vt 0.895864 0.933775
vt 0.904839 0.933569
vt 0.921587 0.932902
vt 0.444299 0.487446
vt 0.426842 0.465398
vt 0.455379 0.466209
vt 0.468534 0.484852
vt 0.417785 0.441046
vt 0.449438 0.446625
vt 0.481766 0.454653
vt 0.484725 0.470342
vt 0.493352 0.485914
vt 0.541441 0.463155
vt 0.514225 0.450271
vt 0.519452 0.437585
vt 0.538616 0.474130
vt 0.511538 0.463829
vt 0.484233 0.437748
vt 0.491006 0.420710
vt 0.418345 0.414036
vt 0.451283 0.425267
vt 0.423036 0.385336
vt 0.457021 0.403023
vt 0.905650 0.929380
vt 0.921993 0.925906
vt 0.896715 0.929980
vt 0.898716 0.923828
vt 0.911619 0.922122
vt 0.926035 0.918805
vt 0.537703 0.485341
vt 0.512273 0.476970
vt 0.539324 0.496965
vt 0.517039 0.490403
vt 0.886750 0.935555
vt 0.887083 0.932009
vt 0.873302 0.938523
vt 0.873044 0.933359
vt 0.871526 0.928375
vt 0.884670 0.926904
vt 0.881625 0.951451
vt 0.885828 0.940964
vt 0.870310 0.954547
vt 0.873101 0.945949
vt 0.401720 0.468739
vt 0.390042 0.439216
vt 0.422361 0.493921
vt 0.397226 0.505729
vt 0.378307 0.474156
vt 0.359387 0.442584
vt 0.468618 0.192647
vt 0.472771 0.172894
vt 0.435782 0.186295
vt 0.439022 0.166496
vt 0.468624 0.540253
vt 0.435075 0.525554
vt 0.450896 0.514848
vt 0.481368 0.531476
vt 0.468939 0.507540
vt 0.495163 0.524786
vt 0.372471 0.548517
vt 0.413554 0.554846
vt 0.409516 0.567353
vt 0.370279 0.563576
vt 0.449216 0.561619
vt 0.445667 0.570572
vt 0.422351 0.539900
vt 0.384849 0.527123
vt 0.457388 0.550907
vt 0.544101 0.509177
vt 0.526444 0.504837
vt 0.549863 0.521075
vt 0.537046 0.518886
vt 0.523771 0.518392
vt 0.507890 0.502464
vt 0.517371 0.538289
vt 0.507817 0.543761
vt 0.535693 0.550016
vt 0.529130 0.553412
vt 0.522849 0.558724
vt 0.497978 0.550556
vt 0.479128 0.566112
vt 0.475646 0.572674
vt 0.505909 0.569577
vt 0.501276 0.574203
vt 0.487493 0.558373
vt 0.512634 0.563860
vt 0.536430 0.532097
vt 0.526997 0.534437
vt 0.509554 0.520392
vt 0.547094 0.544965
vt 0.540788 0.546499
vt 0.554440 0.531756
vt 0.545402 0.531162
vt 0.557223 0.539149
vt 0.553038 0.542241
vt 0.550262 0.561938
vt 0.544191 0.562136
vt 0.542951 0.567019
vt 0.532179 0.573269
vt 0.524381 0.575699
vt 0.532777 0.568931
vt 0.556991 0.558379
vt 0.551055 0.557555
vt 0.572585 0.547019
vt 0.570325 0.562839
vt 0.561480 0.552696
vt 0.564011 0.543554
vt 0.947027 0.907157
vt 0.953850 0.915257
vt 0.991114 0.880684
vt 0.993464 0.901019
vt 0.995814 0.921354
vt 0.954021 0.929740
vt 0.952351 0.949185
vt 0.992102 0.957591
vt 0.988390 0.993827
vt 0.943317 0.965407
vt 0.921397 0.970217
vt 0.941667 0.993824
vt 0.894945 0.993822
vt 0.894727 0.969773
vt 0.903882 0.911153
vt 0.928739 0.906861
vt 0.911755 0.894513
vt 0.951435 0.887599
vt 0.851326 0.942293
vt 0.850888 0.931920
vt 0.825945 0.944208
vt 0.824673 0.929087
vt 0.823400 0.913966
vt 0.857050 0.923768
vt 0.855497 0.967106
vt 0.850826 0.955907
vt 0.821611 0.992498
vt 0.823778 0.968353
vt 0.877350 0.916817
vt 0.867578 0.904240
vt 0.871446 0.970232
vt 0.858278 0.993160
vt 0.774518 0.244443
vt 0.778502 0.249694
vt 0.764323 0.267879
vt 0.759800 0.264584
vt 0.782362 0.255255
vt 0.773561 0.269323
vt 0.765135 0.291117
vt 0.755130 0.290682
vt 0.750362 0.290052
vt 0.388391 0.405263
vt 0.391754 0.369095
vt 0.359930 0.397719
vt 0.360473 0.352855
vt 0.488329 0.503389
vt 0.795757 0.248920
vt 0.790736 0.267457
vt 0.812909 0.243625
vt 0.810633 0.263838
vt 0.784660 0.291689
vt 0.782283 0.318581
vt 0.781289 0.341188
vt 0.767566 0.331741
vt 0.763330 0.314692
vt 0.810152 0.228077
vt 0.812026 0.233473
vt 0.794965 0.239115
vt 0.792041 0.233390
vt 0.753620 0.315116
vt 0.748684 0.317086
vt 0.761220 0.337103
vt 0.756869 0.341081
vt 0.779358 0.352564
vt 0.777023 0.357433
vt 0.803229 0.358685
vt 0.803083 0.363627
vt 0.826635 0.225156
vt 0.827996 0.230100
vt 0.842267 0.223362
vt 0.843399 0.227792
vt 0.844286 0.236987
vt 0.828913 0.239951
vt 0.913064 0.270783
vt 0.928402 0.256976
vt 0.931469 0.261646
vt 0.916078 0.276298
vt 0.937494 0.247361
vt 0.942827 0.247707
vt 0.945669 0.248491
vt 0.933887 0.263880
vt 0.918085 0.279376
vt 0.862088 0.349305
vt 0.879104 0.333866
vt 0.895669 0.336457
vt 0.882740 0.353761
vt 0.893759 0.317869
vt 0.907452 0.319648
vt 0.927717 0.321399
vt 0.919567 0.338417
vt 0.911505 0.356660
vt 0.894114 0.401601
vt 0.902773 0.375732
vt 0.940191 0.371512
vt 0.936752 0.388402
vt 0.943859 0.354875
vt 0.977470 0.350852
vt 0.978430 0.363028
vt 0.979390 0.375203
vt 0.828990 0.357146
vt 0.830401 0.360329
vt 0.803405 0.367110
vt 0.852469 0.343741
vt 0.854071 0.346424
vt 0.840368 0.364367
vt 0.805570 0.376946
vt 0.866995 0.371426
vt 0.849842 0.389273
vt 0.828035 0.260022
vt 0.844080 0.255943
vt 0.945843 0.233029
vt 0.948932 0.231861
vt 0.938690 0.237493
vt 0.934593 0.227713
vt 0.941352 0.222067
vt 0.944194 0.219334
vt 0.930186 0.219275
vt 0.931973 0.216255
vt 0.926192 0.224120
vt 0.915229 0.225227
vt 0.917568 0.220219
vt 0.918231 0.217414
vt 0.871248 0.329163
vt 0.872683 0.331646
vt 0.887341 0.313371
vt 0.888550 0.315846
vt 0.857821 0.221430
vt 0.858760 0.225348
vt 0.873022 0.219663
vt 0.873721 0.223155
vt 0.874286 0.230825
vt 0.859543 0.233828
vt 0.982602 0.298169
vt 0.963774 0.297645
vt 0.970227 0.291943
vt 0.983160 0.292117
vt 0.949582 0.290453
vt 0.967764 0.286381
vt 0.983719 0.286065
vt 0.964795 0.271699
vt 0.972750 0.275923
vt 0.990172 0.250109
vt 0.986945 0.268087
vt 0.947984 0.338744
vt 0.952643 0.323338
vt 0.979852 0.325658
vt 0.978661 0.338255
vt 0.900059 0.217639
vt 0.908932 0.217598
vt 0.908716 0.220465
vt 0.900035 0.220696
vt 0.907750 0.224888
vt 0.899715 0.226353
vt 0.906049 0.232418
vt 0.899472 0.237124
vt 0.910502 0.234532
vt 0.904344 0.247805
vt 0.919124 0.231947
vt 0.921622 0.238100
vt 0.841817 0.214059
vt 0.856221 0.213334
vt 0.856993 0.217408
vt 0.841738 0.218702
vt 0.870625 0.212609
vt 0.871972 0.216161
vt 0.867387 0.316896
vt 0.869643 0.325781
vt 0.851063 0.339881
vt 0.883189 0.302671
vt 0.885650 0.310233
vt 0.935428 0.265768
vt 0.919457 0.281820
vt 0.947310 0.249414
vt 0.952766 0.251358
vt 0.940097 0.267474
vt 0.923640 0.284169
vt 0.859902 0.251535
vt 0.874936 0.246864
vt 0.876465 0.266991
vt 0.861001 0.274287
vt 0.924918 0.247785
vt 0.908666 0.261031
vt 0.900415 0.211511
vt 0.907450 0.211885
vt 0.908383 0.214740
vt 0.899421 0.214668
vt 0.914485 0.212260
vt 0.917933 0.214716
vt 0.949903 0.211511
vt 0.945419 0.217688
vt 0.932419 0.213904
vt 0.932194 0.211886
vt 0.950511 0.231457
vt 0.951334 0.231435
vt 0.828028 0.352653
vt 0.864001 0.297902
vt 0.879672 0.286926
vt 0.810551 0.214451
vt 0.826184 0.214255
vt 0.826183 0.219807
vt 0.809451 0.222134
vt 0.739767 0.348469
vt 0.752430 0.343206
vt 0.774814 0.360517
vt 0.772669 0.362707
vt 0.739397 0.287476
vt 0.746550 0.288900
vt 0.744056 0.317835
vt 0.739582 0.317973
vt 0.790663 0.227092
vt 0.790059 0.220509
vt 0.772282 0.238682
vt 0.769566 0.226566
vt 0.756768 0.260900
vt 0.754481 0.257021
vt 0.981227 0.311913
vt 0.957909 0.308875
vt 0.936713 0.306003
vt 0.890299 0.258656
vt 0.888613 0.242000
vt 0.888119 0.228333
vt 0.887595 0.218363
vt 0.886699 0.215195
vt 0.885520 0.212060
vt 0.919759 0.303467
vt 0.934078 0.286959
vt 0.908399 0.301135
vt 0.902761 0.296324
vt 0.900967 0.293116
vt 0.898203 0.286658
vt 0.894072 0.274356
vt 0.887924 0.221598
vt 0.903986 0.298876
vt 0.951898 0.269167
vt 0.971469 0.250733
vt 0.575405 0.527128
vt 0.573995 0.537073
vt 0.564070 0.534001
vt 0.562706 0.524160
vt 0.579488 0.511767
vt 0.577446 0.519447
vt 0.560971 0.514153
vt 0.559941 0.504246
vt 0.585450 0.497362
vt 0.582469 0.504564
vt 0.560696 0.494705
vt 0.562862 0.485530
vt 0.589400 0.490630
vt 0.566068 0.476722
vt 0.526340 0.427062
vt 0.499530 0.408520
vt 0.612476 0.462341
vt 0.607678 0.467243
vt 0.587569 0.451094
vt 0.593965 0.446700
vt 0.656613 0.370549
vt 0.650365 0.375290
vt 0.656075 0.417551
vt 0.646619 0.410915
vt 0.643483 0.380141
vt 0.606841 0.397259
vt 0.600960 0.442386
vt 0.618301 0.457008
vt 0.608455 0.438121
vt 0.624126 0.451674
vt 0.616353 0.433874
vt 0.630491 0.445902
vt 0.297483 0.221694
vt 0.293248 0.217547
vt 0.294966 0.212990
vt 0.299343 0.215357
vt 0.289013 0.213399
vt 0.291133 0.210237
vt 0.292095 0.206746
vt 0.296221 0.208320
vt 0.300474 0.209444
vt 0.347520 0.199317
vt 0.344926 0.205999
vt 0.341493 0.202076
vt 0.344195 0.197309
vt 0.342331 0.212681
vt 0.337941 0.206738
vt 0.334681 0.201171
vt 0.338497 0.197918
vt 0.341909 0.194321
vt 0.332156 0.222054
vt 0.326121 0.224322
vt 0.324076 0.216065
vt 0.329050 0.213786
vt 0.320087 0.226589
vt 0.318955 0.217505
vt 0.317819 0.209195
vt 0.322199 0.207948
vt 0.326506 0.206201
vt 0.308069 0.226290
vt 0.302776 0.223992
vt 0.303967 0.217015
vt 0.308807 0.217943
vt 0.304750 0.210082
vt 0.309064 0.210248
vt 0.286003 0.207559
vt 0.288140 0.207419
vt 0.282993 0.201719
vt 0.288199 0.204757
vt 0.348113 0.185135
vt 0.347817 0.192226
vt 0.345850 0.193074
vt 0.344701 0.190523
vt 0.337243 0.217368
vt 0.333732 0.210660
vt 0.330675 0.203937
vt 0.314078 0.226439
vt 0.313835 0.218119
vt 0.313431 0.209957
vt 0.320661 0.200113
vt 0.324612 0.198770
vt 0.316686 0.201223
vt 0.315557 0.193423
vt 0.319413 0.192422
vt 0.323273 0.191418
vt 0.304719 0.203235
vt 0.308716 0.202782
vt 0.300675 0.203455
vt 0.300043 0.197450
vt 0.303967 0.196442
vt 0.307838 0.195432
vt 0.289251 0.202751
vt 0.292640 0.203177
vt 0.288192 0.200399
vt 0.292035 0.199436
vt 0.342923 0.189114
vt 0.342906 0.186446
vt 0.339988 0.191153
vt 0.339061 0.187405
vt 0.328525 0.197184
vt 0.332434 0.195357
vt 0.327143 0.190408
vt 0.331063 0.189397
vt 0.312705 0.202112
vt 0.311701 0.194426
vt 0.296549 0.203423
vt 0.296026 0.198451
vt 0.336373 0.193290
vt 0.335074 0.188392
vt 0.341849 0.184097
vt 0.342905 0.182096
vt 0.338459 0.183669
vt 0.339009 0.180106
vt 0.326389 0.183614
vt 0.330431 0.183395
vt 0.322394 0.184067
vt 0.322046 0.176602
vt 0.326357 0.176768
vt 0.330633 0.177408
vt 0.310459 0.186741
vt 0.314432 0.185628
vt 0.306505 0.188085
vt 0.304616 0.180659
vt 0.308926 0.178913
vt 0.313305 0.177664
vt 0.294730 0.193554
vt 0.298674 0.191492
vt 0.291112 0.195690
vt 0.289197 0.192527
vt 0.292610 0.188930
vt 0.296429 0.185679
vt 0.334553 0.183424
vt 0.334884 0.178532
vt 0.318409 0.184737
vt 0.317687 0.176897
vt 0.302588 0.189668
vt 0.300441 0.182918
vt 0.288178 0.197731
vt 0.286405 0.196327
vt 0.307047 0.170797
vt 0.312170 0.169357
vt 0.302067 0.173073
vt 0.298950 0.164801
vt 0.304996 0.162538
vt 0.311042 0.160276
vt 0.289614 0.184776
vt 0.293167 0.180114
vt 0.286912 0.189543
vt 0.283586 0.187538
vt 0.286180 0.180856
vt 0.288774 0.174175
vt 0.336140 0.173863
vt 0.339973 0.176617
vt 0.331764 0.171495
vt 0.333624 0.165155
vt 0.337859 0.169305
vt 0.342093 0.173455
vt 0.317283 0.168739
vt 0.322303 0.168909
vt 0.317039 0.160420
vt 0.323037 0.160565
vt 0.297380 0.176196
vt 0.293862 0.169488
vt 0.285257 0.193779
vt 0.283289 0.194628
vt 0.342966 0.179435
vt 0.345103 0.179295
vt 0.327140 0.169836
vt 0.328331 0.162860
vt 0.378846 0.252379
vt 0.379011 0.258304
vt 0.374502 0.256469
vt 0.375089 0.251787
vt 0.379176 0.264229
vt 0.373263 0.261287
vt 0.368159 0.258095
vt 0.370226 0.254215
vt 0.371877 0.250121
vt 0.375341 0.275133
vt 0.371368 0.279634
vt 0.365434 0.273788
vt 0.368724 0.269985
vt 0.367395 0.284134
vt 0.361502 0.277121
vt 0.356182 0.270634
vt 0.359726 0.267936
vt 0.362909 0.264934
vt 0.355845 0.289884
vt 0.348951 0.290433
vt 0.346426 0.283303
vt 0.351904 0.281991
vt 0.342057 0.290982
vt 0.340690 0.283726
vt 0.338827 0.277554
vt 0.343580 0.276493
vt 0.348077 0.274970
vt 0.328747 0.285693
vt 0.323342 0.281089
vt 0.325301 0.280226
vt 0.329531 0.281895
vt 0.317936 0.276484
vt 0.324211 0.277652
vt 0.328894 0.278192
vt 0.374391 0.240025
vt 0.376618 0.246202
vt 0.375061 0.247676
vt 0.373071 0.245911
vt 0.377259 0.269681
vt 0.371335 0.265805
vt 0.365720 0.261661
vt 0.361620 0.287009
vt 0.356960 0.279893
vt 0.352289 0.272998
vt 0.335402 0.288338
vt 0.334860 0.283159
vt 0.333849 0.278140
vt 0.340096 0.270325
vt 0.343922 0.268530
vt 0.336096 0.271952
vt 0.332659 0.266890
vt 0.336069 0.264701
vt 0.339445 0.262549
vt 0.324387 0.275395
vt 0.327878 0.274633
vt 0.322442 0.273567
vt 0.325761 0.271403
vt 0.370886 0.245321
vt 0.369884 0.242944
vt 0.368892 0.248097
vt 0.366565 0.245109
vt 0.360723 0.256982
vt 0.363634 0.254169
vt 0.357673 0.259602
vt 0.352882 0.253960
vt 0.356256 0.251809
vt 0.359665 0.249620
vt 0.347594 0.266544
vt 0.351111 0.264385
vt 0.342807 0.260401
vt 0.346163 0.258255
vt 0.331902 0.273437
vt 0.329195 0.269151
vt 0.366416 0.251127
vt 0.363130 0.247360
vt 0.354469 0.262071
vt 0.349519 0.256108
vt 0.367940 0.241115
vt 0.368117 0.238857
vt 0.364448 0.241878
vt 0.363433 0.238317
vt 0.352231 0.246185
vt 0.356231 0.244558
vt 0.348405 0.247979
vt 0.344250 0.241539
vt 0.348747 0.240016
vt 0.353500 0.238955
vt 0.337857 0.254439
vt 0.341216 0.252125
vt 0.334653 0.256907
vt 0.329415 0.251574
vt 0.332601 0.248574
vt 0.336144 0.245875
vt 0.325905 0.265382
vt 0.328684 0.262338
vt 0.323433 0.268414
vt 0.320447 0.266388
vt 0.322091 0.262290
vt 0.324153 0.258408
vt 0.360424 0.243074
vt 0.358478 0.238369
vt 0.344732 0.249965
vt 0.340038 0.243511
vt 0.331598 0.259526
vt 0.326596 0.254844
vt 0.321440 0.271190
vt 0.319256 0.270599
vt 0.317814 0.260035
vt 0.319047 0.255214
vt 0.317235 0.264722
vt 0.313481 0.264131
vt 0.313305 0.258199
vt 0.313128 0.252268
vt 0.357467 0.233349
vt 0.362796 0.234613
vt 0.351637 0.232783
vt 0.350269 0.225528
vt 0.356925 0.228172
vt 0.363580 0.230815
vt 0.335367 0.236616
vt 0.340423 0.234518
vt 0.330825 0.239388
vt 0.324932 0.232374
vt 0.330707 0.229500
vt 0.336482 0.226625
vt 0.320981 0.250698
vt 0.323600 0.246522
vt 0.315057 0.246821
vt 0.316986 0.241375
vt 0.317266 0.268834
vt 0.315709 0.270307
vt 0.367027 0.236282
vt 0.368986 0.235420
vt 0.345902 0.233206
vt 0.343376 0.226076
vt 0.326893 0.242721
vt 0.320959 0.236875
vt 0.498268 0.359750
vt 0.498268 0.366915
vt 0.493658 0.369323
vt 0.492034 0.363693
vt 0.498268 0.374079
vt 0.494448 0.374742
vt 0.491241 0.376696
vt 0.489366 0.372109
vt 0.486985 0.367698
vt 0.448818 0.339766
vt 0.454270 0.337433
vt 0.454227 0.342300
vt 0.449653 0.343480
vt 0.459723 0.335099
vt 0.459166 0.341679
vt 0.458080 0.347600
vt 0.453708 0.347107
vt 0.449289 0.347082
vt 0.471257 0.334663
vt 0.476910 0.336688
vt 0.473662 0.344356
vt 0.468912 0.342700
vt 0.482564 0.338712
vt 0.478217 0.346780
vt 0.474148 0.354118
vt 0.470327 0.351817
vt 0.466360 0.349962
vt 0.492163 0.347326
vt 0.495216 0.353538
vt 0.489524 0.358514
vt 0.486284 0.353903
vt 0.484246 0.363670
vt 0.481170 0.360051
vt 0.495982 0.380797
vt 0.494457 0.379290
vt 0.493695 0.387515
vt 0.492466 0.381250
vt 0.438993 0.348481
vt 0.443905 0.344124
vt 0.445845 0.345025
vt 0.444940 0.347528
vt 0.465490 0.334881
vt 0.464070 0.341810
vt 0.462288 0.348554
vt 0.487363 0.343019
vt 0.482470 0.349977
vt 0.477783 0.356865
vt 0.466815 0.358866
vt 0.463338 0.356796
vt 0.470207 0.361138
vt 0.466332 0.367998
vt 0.463101 0.365667
vt 0.459866 0.363332
vt 0.479794 0.369185
vt 0.476712 0.366292
vt 0.482784 0.372302
vt 0.479343 0.377360
vt 0.476047 0.375002
vt 0.472798 0.372661
vt 0.490303 0.381917
vt 0.488307 0.378951
vt 0.489321 0.384400
vt 0.486085 0.382111
vt 0.445200 0.349778
vt 0.443365 0.351589
vt 0.448512 0.350606
vt 0.446598 0.353875
vt 0.459780 0.354927
vt 0.456095 0.353260
vt 0.456620 0.360991
vt 0.453328 0.358631
vt 0.473512 0.363611
vt 0.469562 0.370328
vt 0.485711 0.375652
vt 0.482724 0.379747
vt 0.452242 0.351793
vt 0.449953 0.356241
vt 0.442385 0.354071
vt 0.440222 0.354739
vt 0.444380 0.357034
vt 0.441447 0.359289
vt 0.452882 0.366804
vt 0.449894 0.363687
vt 0.455962 0.369699
vt 0.451510 0.375937
vt 0.448436 0.372316
vt 0.445697 0.368288
vt 0.465842 0.377126
vt 0.462456 0.374856
vt 0.469317 0.379194
vt 0.466292 0.386026
vt 0.462329 0.384173
vt 0.458518 0.381874
vt 0.480434 0.384194
vt 0.476577 0.382729
vt 0.484165 0.385380
vt 0.483382 0.388905
vt 0.478967 0.388878
vt 0.474598 0.388386
vt 0.446971 0.360335
vt 0.443320 0.363876
vt 0.459158 0.372382
vt 0.454891 0.379126
vt 0.472884 0.381062
vt 0.470377 0.387432
vt 0.487480 0.386210
vt 0.487736 0.388462
vt 0.459001 0.391635
vt 0.454456 0.389210
vt 0.463747 0.393289
vt 0.461407 0.401333
vt 0.455765 0.399303
vt 0.450124 0.397272
vt 0.478449 0.393687
vt 0.473515 0.394306
vt 0.483016 0.392510
vt 0.483845 0.396230
vt 0.478405 0.398558
vt 0.472965 0.400885
vt 0.439024 0.366664
vt 0.438239 0.361243
vt 0.440644 0.372295
vt 0.434395 0.376246
vt 0.434407 0.369075
vt 0.434420 0.361904
vt 0.450206 0.386012
vt 0.446392 0.382086
vt 0.445313 0.392971
vt 0.440501 0.388669
vt 0.468599 0.394177
vt 0.467186 0.401109
vt 0.486827 0.390967
vt 0.488770 0.391873
vt 0.438231 0.356697
vt 0.436706 0.355193
vt 0.443152 0.377475
vt 0.437448 0.382457
vt 0.232946 0.337566
vt 0.239656 0.335048
vt 0.239013 0.340216
vt 0.233658 0.341373
vt 0.246367 0.332530
vt 0.244855 0.339764
vt 0.242869 0.345899
vt 0.237904 0.345215
vt 0.232949 0.345062
vt 0.260131 0.333900
vt 0.265848 0.336901
vt 0.261042 0.343923
vt 0.256029 0.341720
vt 0.271564 0.339902
vt 0.265528 0.346790
vt 0.260076 0.353166
vt 0.256230 0.350723
vt 0.252060 0.348666
vt 0.279326 0.349070
vt 0.281131 0.354556
vt 0.275128 0.358305
vt 0.272605 0.354076
vt 0.282936 0.360042
vt 0.276964 0.362859
vt 0.271794 0.365942
vt 0.269429 0.362329
vt 0.266688 0.359003
vt 0.282384 0.371887
vt 0.280017 0.378010
vt 0.278493 0.376508
vt 0.278609 0.372401
vt 0.277651 0.384132
vt 0.276463 0.378228
vt 0.275358 0.373997
vt 0.221951 0.346526
vt 0.227449 0.342046
vt 0.229392 0.342950
vt 0.228253 0.345500
vt 0.253249 0.333215
vt 0.250580 0.340299
vt 0.247597 0.347054
vt 0.275445 0.344486
vt 0.269393 0.350206
vt 0.263566 0.355938
vt 0.282660 0.365965
vt 0.278111 0.367704
vt 0.273786 0.369866
vt 0.264335 0.366905
vt 0.261341 0.364225
vt 0.267185 0.369774
vt 0.263121 0.374242
vt 0.259761 0.371986
vt 0.256435 0.369767
vt 0.274260 0.378769
vt 0.272324 0.375954
vt 0.273204 0.381120
vt 0.269928 0.378888
vt 0.228387 0.347765
vt 0.226405 0.349551
vt 0.231865 0.348603
vt 0.229682 0.351788
vt 0.243986 0.353149
vt 0.240022 0.351441
vt 0.247774 0.355022
vt 0.243175 0.360910
vt 0.239844 0.358685
vt 0.236481 0.356424
vt 0.258188 0.361691
vt 0.254876 0.359308
vt 0.253116 0.367550
vt 0.249803 0.365335
vt 0.269907 0.372873
vt 0.266538 0.376569
vt 0.235863 0.349877
vt 0.233068 0.354102
vt 0.251404 0.357080
vt 0.246492 0.363124
vt 0.225350 0.351905
vt 0.223146 0.352443
vt 0.227286 0.354721
vt 0.224251 0.356677
vt 0.235268 0.363761
vt 0.232412 0.360884
vt 0.238268 0.366451
vt 0.232922 0.371671
vt 0.230173 0.368334
vt 0.227803 0.364714
vt 0.248206 0.373596
vt 0.244732 0.371366
vt 0.251838 0.375657
vt 0.247552 0.382012
vt 0.243381 0.379956
vt 0.239535 0.377513
vt 0.263747 0.380799
vt 0.259585 0.379233
vt 0.267747 0.382075
vt 0.266664 0.385616
vt 0.261708 0.385463
vt 0.256741 0.384778
vt 0.229696 0.357793
vt 0.225816 0.360798
vt 0.241421 0.368985
vt 0.236045 0.374741
vt 0.255623 0.377527
vt 0.252014 0.383623
vt 0.271223 0.382908
vt 0.271357 0.385171
vt 0.260597 0.390460
vt 0.254753 0.390908
vt 0.265954 0.389305
vt 0.266668 0.393115
vt 0.259950 0.395623
vt 0.253232 0.398130
vt 0.221495 0.362966
vt 0.221002 0.358276
vt 0.222638 0.367805
vt 0.216677 0.370640
vt 0.216953 0.364717
vt 0.217230 0.358794
vt 0.230217 0.380469
vt 0.227002 0.376594
vt 0.234083 0.383888
vt 0.228049 0.390779
vt 0.224162 0.386184
vt 0.220276 0.381589
vt 0.249027 0.390371
vt 0.243579 0.388952
vt 0.246351 0.397445
vt 0.239470 0.396759
vt 0.270218 0.387723
vt 0.272159 0.388624
vt 0.221116 0.354166
vt 0.219591 0.352660
vt 0.224475 0.372360
vt 0.218476 0.376114
vt 0.238568 0.386753
vt 0.233760 0.393769
vt 0.449931 0.306320
vt 0.450346 0.313685
vt 0.445293 0.316547
vt 0.443420 0.310726
vt 0.450761 0.321051
vt 0.446402 0.322313
vt 0.442796 0.324821
vt 0.440543 0.319901
vt 0.437850 0.315300
vt 0.391974 0.285567
vt 0.399590 0.282395
vt 0.399300 0.288548
vt 0.393237 0.290397
vt 0.407205 0.279224
vt 0.405873 0.287536
vt 0.404082 0.294875
vt 0.398460 0.294603
vt 0.392794 0.295016
vt 0.422210 0.279228
vt 0.428593 0.281832
vt 0.423864 0.290572
vt 0.418268 0.288661
vt 0.434976 0.284436
vt 0.428967 0.293269
vt 0.423509 0.301516
vt 0.419118 0.299146
vt 0.414417 0.297224
vt 0.444460 0.293763
vt 0.447195 0.300041
vt 0.440800 0.305448
vt 0.437484 0.300753
vt 0.434779 0.311186
vt 0.431352 0.307532
vt 0.448680 0.329025
vt 0.446728 0.327426
vt 0.446598 0.336999
vt 0.444546 0.329894
vt 0.379975 0.298300
vt 0.385974 0.291933
vt 0.388406 0.292835
vt 0.387342 0.296169
vt 0.414708 0.279226
vt 0.412233 0.287612
vt 0.409403 0.295775
vt 0.439718 0.289100
vt 0.433524 0.296678
vt 0.427591 0.304310
vt 0.414340 0.307388
vt 0.410191 0.305347
vt 0.418330 0.309619
vt 0.413291 0.317652
vt 0.409457 0.315393
vt 0.405605 0.313115
vt 0.429508 0.317587
vt 0.425905 0.314698
vt 0.433003 0.320755
vt 0.428828 0.326877
vt 0.424865 0.324511
vt 0.420975 0.322194
vt 0.442032 0.330922
vt 0.439483 0.327732
vt 0.441042 0.333965
vt 0.436997 0.331700
vt 0.387718 0.298903
vt 0.385537 0.301339
vt 0.391854 0.299444
vt 0.389586 0.303606
vt 0.405863 0.303492
vt 0.401317 0.301854
vt 0.401718 0.310795
vt 0.397758 0.308427
vt 0.422182 0.312049
vt 0.417123 0.319913
vt 0.436401 0.324240
vt 0.432899 0.329305
vt 0.396518 0.300466
vt 0.393687 0.305999
vt 0.384545 0.304384
vt 0.382029 0.305411
vt 0.387097 0.307575
vt 0.383781 0.310486
vt 0.397074 0.317718
vt 0.393581 0.314548
vt 0.400675 0.320610
vt 0.395231 0.327775
vt 0.391805 0.324119
vt 0.388733 0.320003
vt 0.412243 0.327918
vt 0.408250 0.325684
vt 0.416395 0.329962
vt 0.412174 0.338085
vt 0.407466 0.336161
vt 0.403070 0.333788
vt 0.430071 0.334839
vt 0.425273 0.333452
vt 0.434731 0.335859
vt 0.433792 0.340287
vt 0.428131 0.340702
vt 0.422512 0.340434
vt 0.390182 0.311065
vt 0.386037 0.315404
vt 0.404397 0.323256
vt 0.398989 0.330996
vt 0.420726 0.331817
vt 0.417191 0.339536
vt 0.438863 0.336400
vt 0.439239 0.339132
vt 0.402721 0.344736
vt 0.397614 0.342037
vt 0.408322 0.346648
vt 0.404375 0.356082
vt 0.397992 0.353478
vt 0.391609 0.350874
vt 0.427292 0.346760
vt 0.420719 0.347773
vt 0.433353 0.344909
vt 0.434624 0.349745
vt 0.427002 0.352915
vt 0.419380 0.356085
vt 0.381286 0.318758
vt 0.380177 0.312994
vt 0.383160 0.324577
vt 0.376642 0.328981
vt 0.376233 0.321619
vt 0.375824 0.314258
vt 0.393059 0.338627
vt 0.389100 0.334552
vt 0.386867 0.346206
vt 0.382126 0.341537
vt 0.414359 0.347699
vt 0.411878 0.356083
vt 0.438179 0.342468
vt 0.440611 0.343372
vt 0.379849 0.307880
vt 0.377900 0.306279
vt 0.385783 0.329855
vt 0.379384 0.335259
vt 0.310296 0.286693
vt 0.317660 0.287046
vt 0.314836 0.292118
vt 0.309063 0.291056
vt 0.325024 0.287399
vt 0.320668 0.293947
vt 0.316136 0.299549
vt 0.311517 0.296891
vt 0.306581 0.294677
vt 0.337614 0.292799
vt 0.342318 0.297501
vt 0.334790 0.303742
vt 0.330684 0.299817
vt 0.347022 0.302204
vt 0.338234 0.308269
vt 0.330028 0.313784
vt 0.327205 0.309726
vt 0.323955 0.305994
vt 0.352329 0.314935
vt 0.352386 0.322435
vt 0.344012 0.324974
vt 0.342920 0.318946
vt 0.352442 0.329936
vt 0.344134 0.331334
vt 0.336805 0.333181
vt 0.335867 0.327865
vt 0.334382 0.322859
vt 0.346217 0.345221
vt 0.339890 0.351260
vt 0.338968 0.348841
vt 0.341370 0.343995
vt 0.333564 0.357299
vt 0.335639 0.349928
vt 0.336750 0.344474
vt 0.294360 0.290971
vt 0.302328 0.288832
vt 0.303944 0.290769
vt 0.301490 0.292967
vt 0.331319 0.290099
vt 0.325964 0.296532
vt 0.320273 0.302593
vt 0.349675 0.308569
vt 0.340969 0.313357
vt 0.332429 0.318164
vt 0.349329 0.337579
vt 0.343173 0.337917
vt 0.337119 0.338804
vt 0.328177 0.331461
vt 0.326291 0.327146
vt 0.329849 0.335995
vt 0.323305 0.339601
vt 0.320908 0.335658
vt 0.318560 0.331789
vt 0.332901 0.349572
vt 0.332328 0.345444
vt 0.330482 0.351766
vt 0.328185 0.347737
vt 0.300481 0.295485
vt 0.297443 0.296499
vt 0.303693 0.298008
vt 0.299741 0.300524
vt 0.313912 0.307909
vt 0.310717 0.304436
vt 0.316829 0.311492
vt 0.309368 0.316480
vt 0.307022 0.312606
vt 0.304626 0.308660
vt 0.324222 0.323007
vt 0.321963 0.319029
vt 0.316254 0.327955
vt 0.313967 0.324137
vt 0.331272 0.340787
vt 0.325762 0.343655
vt 0.307208 0.301064
vt 0.302167 0.304605
vt 0.319505 0.315195
vt 0.311677 0.320318
vt 0.295022 0.298697
vt 0.292286 0.298345
vt 0.295596 0.302825
vt 0.291175 0.303803
vt 0.299749 0.316808
vt 0.298080 0.312274
vt 0.301635 0.321124
vt 0.293543 0.325410
vt 0.292058 0.320408
vt 0.291121 0.315096
vt 0.308431 0.333074
vt 0.305972 0.329240
vt 0.311107 0.336775
vt 0.303985 0.342272
vt 0.300734 0.338540
vt 0.297906 0.334480
vt 0.320722 0.347195
vt 0.317214 0.343823
vt 0.324236 0.350254
vt 0.321352 0.353588
vt 0.316413 0.351370
vt 0.311793 0.348710
vt 0.296655 0.307482
vt 0.290807 0.309474
vt 0.303708 0.325262
vt 0.295501 0.330102
vt 0.314022 0.340353
vt 0.307661 0.345670
vt 0.327447 0.352780
vt 0.326440 0.355300
vt 0.313094 0.356141
vt 0.307259 0.354312
vt 0.318871 0.357206
vt 0.317641 0.361562
vt 0.310270 0.361209
vt 0.302900 0.360856
vt 0.284757 0.310359
vt 0.286559 0.304280
vt 0.283795 0.316941
vt 0.275494 0.318334
vt 0.278607 0.310691
vt 0.281720 0.303047
vt 0.286958 0.334912
vt 0.285005 0.329324
vt 0.289696 0.340000
vt 0.280902 0.346079
vt 0.278248 0.339706
vt 0.275594 0.333334
vt 0.301966 0.351730
vt 0.297250 0.348451
vt 0.296605 0.358163
vt 0.290310 0.355470
vt 0.323988 0.357495
vt 0.325602 0.359430
vt 0.288960 0.299433
vt 0.288040 0.297009
vt 0.283914 0.323299
vt 0.275544 0.325834
vt 0.293143 0.344527
vt 0.285606 0.350774
vt 0.774211 0.445065
vt 0.777078 0.443813
vt 0.778252 0.444879
vt 0.776164 0.446340
vt 0.779944 0.442561
vt 0.780608 0.443886
vt 0.781570 0.444710
vt 0.779509 0.445825
vt 0.777867 0.447250
vt 0.779946 0.466500
vt 0.777080 0.465249
vt 0.778254 0.464181
vt 0.780609 0.465174
vt 0.774215 0.463998
vt 0.776167 0.462722
vt 0.777869 0.461810
vt 0.779510 0.463235
vt 0.781570 0.464349
vt 0.770822 0.459612
vt 0.770355 0.457073
vt 0.772810 0.456752
vt 0.773454 0.458907
vt 0.769889 0.454533
vt 0.772605 0.454532
vt 0.775047 0.454531
vt 0.775225 0.456476
vt 0.775752 0.458372
vt 0.770819 0.449454
vt 0.772515 0.447260
vt 0.774568 0.448132
vt 0.773452 0.450156
vt 0.776624 0.448891
vt 0.775752 0.450689
vt 0.783902 0.442940
vt 0.783010 0.443497
vt 0.787859 0.443320
vt 0.784072 0.444004
vt 0.787857 0.465740
vt 0.783901 0.466120
vt 0.783009 0.465563
vt 0.784071 0.465056
vt 0.772518 0.461805
vt 0.774570 0.460930
vt 0.776625 0.460169
vt 0.770354 0.451993
vt 0.772809 0.452311
vt 0.775224 0.452586
vt 0.777561 0.456286
vt 0.777998 0.458001
vt 0.777406 0.454530
vt 0.779691 0.454529
vt 0.779818 0.456150
vt 0.780166 0.457736
vt 0.778686 0.449424
vt 0.777997 0.451058
vt 0.779654 0.447903
vt 0.781438 0.448369
vt 0.780698 0.449804
vt 0.780166 0.451322
vt 0.784195 0.444590
vt 0.782463 0.445391
vt 0.785312 0.444729
vt 0.783676 0.445814
vt 0.784194 0.464470
vt 0.785310 0.464331
vt 0.782463 0.463668
vt 0.783676 0.463245
vt 0.778686 0.459635
vt 0.779655 0.461156
vt 0.780698 0.459255
vt 0.781438 0.460690
vt 0.777561 0.452774
vt 0.779818 0.452909
vt 0.780931 0.446528
vt 0.782408 0.447033
vt 0.780932 0.462532
vt 0.782407 0.462025
vt 0.785688 0.463894
vt 0.786597 0.464011
vt 0.784680 0.462877
vt 0.785798 0.462748
vt 0.782605 0.458955
vt 0.783130 0.460342
vt 0.782232 0.457516
vt 0.784195 0.457348
vt 0.784420 0.458734
vt 0.784751 0.460099
vt 0.781996 0.453024
vt 0.781912 0.454529
vt 0.782232 0.451542
vt 0.784195 0.451710
vt 0.784065 0.453115
vt 0.784023 0.454529
vt 0.783826 0.447387
vt 0.783131 0.448716
vt 0.784681 0.446182
vt 0.785800 0.446311
vt 0.785197 0.447619
vt 0.784752 0.448960
vt 0.783825 0.461672
vt 0.785196 0.461440
vt 0.781996 0.456033
vt 0.784064 0.455943
vt 0.782605 0.450104
vt 0.784421 0.450324
vt 0.785690 0.445165
vt 0.786600 0.445048
vt 0.785995 0.453175
vt 0.785979 0.454529
vt 0.786053 0.451822
vt 0.787857 0.451863
vt 0.787857 0.453198
vt 0.787856 0.454529
vt 0.786536 0.447758
vt 0.786318 0.449113
vt 0.786811 0.446484
vt 0.787858 0.446452
vt 0.787858 0.447804
vt 0.787857 0.449168
vt 0.786534 0.461301
vt 0.786809 0.462575
vt 0.786317 0.459945
vt 0.787856 0.459891
vt 0.787856 0.461255
vt 0.787856 0.462607
vt 0.785995 0.455883
vt 0.786052 0.457237
vt 0.787856 0.455861
vt 0.787856 0.457196
vt 0.786159 0.450468
vt 0.787857 0.450520
vt 0.787142 0.445374
vt 0.787859 0.445135
vt 0.787139 0.463685
vt 0.787856 0.463925
vt 0.786157 0.458591
vt 0.787856 0.458539
vt 0.789177 0.461302
vt 0.788903 0.462576
vt 0.789394 0.459946
vt 0.790961 0.460100
vt 0.790515 0.461441
vt 0.789914 0.462748
vt 0.789717 0.455884
vt 0.789660 0.457237
vt 0.789734 0.454530
vt 0.791690 0.454531
vt 0.791648 0.455945
vt 0.791517 0.457349
vt 0.789556 0.450469
vt 0.789662 0.451823
vt 0.789397 0.449114
vt 0.790963 0.448961
vt 0.791293 0.450326
vt 0.791519 0.451712
vt 0.788575 0.445375
vt 0.788905 0.446484
vt 0.789118 0.445049
vt 0.789916 0.446312
vt 0.788573 0.463685
vt 0.789115 0.464011
vt 0.789554 0.458591
vt 0.791291 0.458735
vt 0.789718 0.453176
vt 0.791649 0.453117
vt 0.789179 0.447758
vt 0.790518 0.447620
vt 0.793109 0.450106
vt 0.793482 0.451544
vt 0.792584 0.448718
vt 0.794277 0.448372
vt 0.795016 0.449807
vt 0.795548 0.451325
vt 0.790027 0.445166
vt 0.791035 0.446183
vt 0.790406 0.444730
vt 0.792040 0.445816
vt 0.790024 0.463895
vt 0.790402 0.464331
vt 0.791032 0.462878
vt 0.792037 0.463246
vt 0.793107 0.458956
vt 0.792581 0.460344
vt 0.793480 0.457518
vt 0.795547 0.457738
vt 0.795014 0.459257
vt 0.794274 0.460691
vt 0.793718 0.453027
vt 0.793801 0.454531
vt 0.795895 0.452912
vt 0.796022 0.454532
vt 0.791890 0.447389
vt 0.793308 0.447036
vt 0.791887 0.461673
vt 0.793305 0.462027
vt 0.793716 0.456036
vt 0.795894 0.456152
vt 0.791518 0.464471
vt 0.791642 0.465056
vt 0.793249 0.463669
vt 0.794143 0.464350
vt 0.797026 0.459637
vt 0.796058 0.461158
vt 0.797715 0.458004
vt 0.799960 0.458374
vt 0.799088 0.460172
vt 0.797844 0.461812
vt 0.798153 0.452777
vt 0.798308 0.454533
vt 0.797717 0.451062
vt 0.799963 0.450693
vt 0.800490 0.452589
vt 0.800667 0.454534
vt 0.794785 0.446531
vt 0.796061 0.447907
vt 0.793254 0.445394
vt 0.794148 0.444713
vt 0.796208 0.445828
vt 0.797848 0.447254
vt 0.794781 0.462533
vt 0.796203 0.463237
vt 0.798152 0.456289
vt 0.800489 0.456479
vt 0.797029 0.449428
vt 0.799091 0.448895
vt 0.791522 0.444591
vt 0.791646 0.444005
vt 0.797466 0.444883
vt 0.799552 0.446344
vt 0.795111 0.443890
vt 0.795775 0.442564
vt 0.798640 0.443817
vt 0.801506 0.445070
vt 0.797460 0.464183
vt 0.795105 0.465175
vt 0.799546 0.462723
vt 0.801499 0.463999
vt 0.798633 0.465250
vt 0.795768 0.466501
vt 0.802904 0.456756
vt 0.802259 0.458910
vt 0.803109 0.454535
vt 0.805825 0.454537
vt 0.805359 0.457076
vt 0.804892 0.459615
vt 0.801148 0.448137
vt 0.802262 0.450160
vt 0.803201 0.447264
vt 0.804896 0.449459
vt 0.792709 0.443499
vt 0.791817 0.442942
vt 0.792704 0.465564
vt 0.791812 0.466120
vt 0.801143 0.460933
vt 0.803196 0.461807
vt 0.802905 0.452315
vt 0.805361 0.451998
vt 0.804650 0.415673
vt 0.802698 0.416950
vt 0.800610 0.415490
vt 0.801782 0.414423
vt 0.800997 0.417861
vt 0.799355 0.416436
vt 0.797293 0.415323
vt 0.798254 0.414498
vt 0.798915 0.413172
vt 0.798918 0.437113
vt 0.798256 0.435787
vt 0.800612 0.434795
vt 0.801785 0.435862
vt 0.797295 0.434963
vt 0.799356 0.433849
vt 0.800998 0.432423
vt 0.802699 0.433335
vt 0.804651 0.434610
vt 0.808045 0.430223
vt 0.805413 0.429519
vt 0.806057 0.427363
vt 0.808511 0.427682
vt 0.803115 0.428984
vt 0.803642 0.427087
vt 0.803820 0.425142
vt 0.806261 0.425142
vt 0.808977 0.425142
vt 0.808045 0.420061
vt 0.805413 0.420765
vt 0.804296 0.418741
vt 0.806347 0.417867
vt 0.803114 0.421300
vt 0.802241 0.419502
vt 0.795853 0.414109
vt 0.794960 0.413553
vt 0.794791 0.414617
vt 0.791004 0.413934
vt 0.791006 0.436352
vt 0.794793 0.435669
vt 0.795855 0.436176
vt 0.794962 0.436732
vt 0.804297 0.431543
vt 0.806348 0.432417
vt 0.802242 0.430782
vt 0.806057 0.422921
vt 0.808511 0.422601
vt 0.803642 0.423196
vt 0.800869 0.428614
vt 0.801306 0.426899
vt 0.798701 0.428350
vt 0.799049 0.426763
vt 0.799177 0.425142
vt 0.801462 0.425142
vt 0.800869 0.421671
vt 0.800180 0.420036
vt 0.798701 0.421936
vt 0.798168 0.420417
vt 0.797428 0.418982
vt 0.799211 0.418516
vt 0.796401 0.416004
vt 0.794669 0.415203
vt 0.795188 0.416428
vt 0.793553 0.415342
vt 0.793554 0.434944
vt 0.794670 0.435083
vt 0.795190 0.433858
vt 0.796402 0.434281
vt 0.799212 0.431769
vt 0.800181 0.430248
vt 0.797428 0.431304
vt 0.798169 0.429868
vt 0.801306 0.423386
vt 0.799049 0.423522
vt 0.797933 0.417140
vt 0.796458 0.417646
vt 0.797934 0.433145
vt 0.796458 0.432639
vt 0.792267 0.434624
vt 0.793176 0.434508
vt 0.793067 0.433361
vt 0.794185 0.433491
vt 0.795736 0.430956
vt 0.796262 0.429569
vt 0.794116 0.430713
vt 0.794447 0.429348
vt 0.794672 0.427962
vt 0.796635 0.428130
vt 0.796956 0.425143
vt 0.796871 0.423638
vt 0.794845 0.425143
vt 0.794803 0.423729
vt 0.794672 0.422324
vt 0.796635 0.422156
vt 0.795736 0.419330
vt 0.795040 0.418001
vt 0.794115 0.419573
vt 0.793669 0.418232
vt 0.793066 0.416925
vt 0.794184 0.416795
vt 0.795041 0.432285
vt 0.793670 0.432054
vt 0.796872 0.426647
vt 0.794803 0.426557
vt 0.796262 0.420717
vt 0.794446 0.420938
vt 0.793175 0.415778
vt 0.792265 0.415662
vt 0.792889 0.425143
vt 0.792872 0.423789
vt 0.791011 0.425143
vt 0.791011 0.423812
vt 0.791011 0.422477
vt 0.792815 0.422436
vt 0.792549 0.419727
vt 0.792331 0.418371
vt 0.791010 0.419782
vt 0.791009 0.418418
vt 0.791008 0.417066
vt 0.792055 0.417098
vt 0.792056 0.433189
vt 0.792332 0.431915
vt 0.791009 0.433220
vt 0.791010 0.431868
vt 0.791010 0.430505
vt 0.792550 0.430559
vt 0.792815 0.427850
vt 0.792873 0.426497
vt 0.791011 0.427809
vt 0.791011 0.426474
vt 0.792709 0.421082
vt 0.791010 0.421134
vt 0.791724 0.415988
vt 0.791007 0.415749
vt 0.791008 0.434538
vt 0.791725 0.434298
vt 0.792709 0.429204
vt 0.791011 0.429152
vt 0.789962 0.433188
vt 0.789688 0.431915
vt 0.788951 0.433361
vt 0.788350 0.432053
vt 0.787905 0.430712
vt 0.789471 0.430559
vt 0.789207 0.427851
vt 0.789150 0.426497
vt 0.787350 0.427962
vt 0.787219 0.426557
vt 0.787178 0.425144
vt 0.789133 0.425143
vt 0.789206 0.422436
vt 0.789312 0.421082
vt 0.787349 0.422325
vt 0.787574 0.420939
vt 0.787904 0.419575
vt 0.789471 0.419728
vt 0.789961 0.417098
vt 0.790290 0.415989
vt 0.788950 0.416926
vt 0.789748 0.415663
vt 0.789749 0.434624
vt 0.790292 0.434298
vt 0.789312 0.429204
vt 0.787575 0.429348
vt 0.789150 0.423790
vt 0.787219 0.423730
vt 0.789687 0.418372
vt 0.788349 0.418234
vt 0.785386 0.422157
vt 0.785758 0.420719
vt 0.783319 0.421938
vt 0.783850 0.420419
vt 0.784590 0.418985
vt 0.786283 0.419332
vt 0.787831 0.416797
vt 0.788838 0.415780
vt 0.786826 0.416430
vt 0.788459 0.415344
vt 0.788461 0.434943
vt 0.788840 0.434507
vt 0.786827 0.433857
vt 0.787832 0.433490
vt 0.786284 0.430956
vt 0.785759 0.429568
vt 0.784590 0.431303
vt 0.783851 0.429868
vt 0.783319 0.428350
vt 0.785386 0.428130
vt 0.785066 0.425144
vt 0.785150 0.423639
vt 0.782845 0.425144
vt 0.782972 0.423524
vt 0.786977 0.418002
vt 0.785559 0.417649
vt 0.786978 0.432285
vt 0.785560 0.432638
vt 0.785150 0.426648
vt 0.782972 0.426764
vt 0.787221 0.435668
vt 0.787345 0.435082
vt 0.784720 0.434961
vt 0.785614 0.434280
vt 0.782806 0.431769
vt 0.781838 0.430248
vt 0.781019 0.432422
vt 0.779776 0.430781
vt 0.778904 0.428984
vt 0.781150 0.428615
vt 0.780559 0.425144
vt 0.780714 0.423388
vt 0.778199 0.425144
vt 0.778377 0.423200
vt 0.778904 0.421304
vt 0.781150 0.421673
vt 0.782806 0.418519
vt 0.784082 0.417144
vt 0.781018 0.417866
vt 0.782659 0.416441
vt 0.784718 0.415327
vt 0.785613 0.416007
vt 0.784083 0.433144
vt 0.782660 0.433847
vt 0.780714 0.426900
vt 0.778377 0.427089
vt 0.781838 0.420040
vt 0.779775 0.419507
vt 0.787343 0.415205
vt 0.787219 0.414619
vt 0.779315 0.416956
vt 0.781401 0.415496
vt 0.777361 0.415681
vt 0.780226 0.414429
vt 0.783091 0.413177
vt 0.783755 0.414503
vt 0.783757 0.435785
vt 0.781402 0.434792
vt 0.783093 0.437111
vt 0.780228 0.435859
vt 0.777363 0.434607
vt 0.779316 0.433333
vt 0.776605 0.429518
vt 0.775961 0.427364
vt 0.773972 0.430222
vt 0.773506 0.427683
vt 0.773040 0.425145
vt 0.775757 0.425144
vt 0.776604 0.420770
vt 0.777719 0.418747
vt 0.773971 0.420067
vt 0.775666 0.417874
vt 0.786156 0.414112
vt 0.787048 0.413556
vt 0.787050 0.436731
vt 0.786158 0.436175
vt 0.777720 0.431541
vt 0.775667 0.432414
vt 0.775961 0.422924
vt 0.773506 0.422606
vt 0.298226 0.933063
vt 0.299430 0.932327
vt 0.299837 0.932744
vt 0.299705 0.933290
vt 0.300411 0.931729
vt 0.300806 0.932506
vt 0.300908 0.933374
vt 0.303009 0.930168
vt 0.304595 0.929233
vt 0.305362 0.930857
vt 0.303649 0.931556
vt 0.306341 0.928218
vt 0.307206 0.930025
vt 0.307863 0.931948
vt 0.305898 0.932602
vt 0.304050 0.933058
vt 0.310183 0.926040
vt 0.312178 0.924941
vt 0.313107 0.927044
vt 0.311133 0.928057
vt 0.314140 0.923990
vt 0.315001 0.926217
vt 0.315739 0.928489
vt 0.313900 0.929231
vt 0.311930 0.930168
vt 0.301609 0.931005
vt 0.302104 0.932107
vt 0.302372 0.933306
vt 0.308221 0.927143
vt 0.309148 0.929071
vt 0.309896 0.931105
vt 0.316001 0.923332
vt 0.316749 0.925765
vt 0.318040 0.923288
vt 0.318586 0.925779
vt 0.319027 0.928141
vt 0.317378 0.928141
vt 0.302395 0.934563
vt 0.300907 0.934291
vt 0.304203 0.934643
vt 0.304115 0.936449
vt 0.302295 0.935849
vt 0.300474 0.935249
vt 0.310477 0.933234
vt 0.308324 0.933970
vt 0.312582 0.932347
vt 0.313265 0.934604
vt 0.310975 0.935410
vt 0.308685 0.936216
vt 0.317850 0.930247
vt 0.316332 0.930657
vt 0.319308 0.930145
vt 0.319471 0.931804
vt 0.318243 0.932217
vt 0.317014 0.932630
vt 0.299865 0.933916
vt 0.299350 0.934156
vt 0.306206 0.934443
vt 0.306400 0.936333
vt 0.314554 0.931423
vt 0.315140 0.933617
vt 0.411690 0.934236
vt 0.412595 0.935909
vt 0.411407 0.936219
vt 0.410890 0.934796
vt 0.413501 0.937582
vt 0.411792 0.937998
vt 0.410249 0.938113
vt 0.410217 0.936403
vt 0.410036 0.934938
vt 0.414091 0.942244
vt 0.413608 0.944758
vt 0.411354 0.944565
vt 0.411791 0.942254
vt 0.413124 0.947272
vt 0.410715 0.946845
vt 0.408441 0.946453
vt 0.409147 0.944274
vt 0.409725 0.942104
vt 0.411371 0.951365
vt 0.411023 0.952670
vt 0.409018 0.952450
vt 0.409331 0.950863
vt 0.410676 0.953975
vt 0.409001 0.953939
vt 0.406971 0.953822
vt 0.406867 0.952168
vt 0.407099 0.950485
vt 0.409289 0.932315
vt 0.410490 0.933275
vt 0.410361 0.933820
vt 0.409754 0.933754
vt 0.413796 0.939913
vt 0.411929 0.940037
vt 0.410089 0.940031
vt 0.412248 0.949318
vt 0.409969 0.948970
vt 0.407691 0.948551
vt 0.409260 0.933972
vt 0.408785 0.933634
vt 0.409193 0.934975
vt 0.408374 0.934707
vt 0.408305 0.939767
vt 0.408733 0.937955
vt 0.407739 0.941724
vt 0.405841 0.941115
vt 0.406598 0.939245
vt 0.407277 0.937533
vt 0.405416 0.947994
vt 0.406241 0.945897
vt 0.404748 0.949982
vt 0.402439 0.949345
vt 0.403225 0.947292
vt 0.404133 0.945181
vt 0.409024 0.936331
vt 0.407870 0.936014
vt 0.407033 0.943787
vt 0.405012 0.943107
vt 0.404427 0.951765
vt 0.404564 0.953586
vt 0.402021 0.953253
vt 0.401924 0.951242
vt 0.404988 0.938470
vt 0.405914 0.936855
vt 0.404040 0.940274
vt 0.402332 0.939213
vt 0.403486 0.937456
vt 0.404670 0.935937
vt 0.401200 0.946442
vt 0.402137 0.944306
vt 0.400331 0.948566
vt 0.398413 0.947631
vt 0.399295 0.945447
vt 0.400227 0.943273
vt 0.406799 0.935462
vt 0.407583 0.934346
vt 0.405848 0.934693
vt 0.406968 0.933730
vt 0.403086 0.942235
vt 0.401242 0.941174
vt 0.399585 0.950603
vt 0.399583 0.952845
vt 0.396840 0.952194
vt 0.397546 0.949761
vt 0.408206 0.933559
vt 0.407975 0.933051
vt 0.405056 0.933724
vt 0.406406 0.933010
vt 0.403571 0.934795
vt 0.402527 0.933320
vt 0.404344 0.932654
vt 0.406161 0.931988
vt 0.399466 0.939928
vt 0.400715 0.937945
vt 0.398377 0.942079
vt 0.396414 0.940763
vt 0.397724 0.938590
vt 0.399035 0.936417
vt 0.395943 0.948632
vt 0.396677 0.946529
vt 0.395184 0.950213
vt 0.394170 0.949264
vt 0.394557 0.947358
vt 0.394945 0.945453
vt 0.407464 0.932658
vt 0.407725 0.932152
vt 0.402104 0.936218
vt 0.400781 0.934868
vt 0.397468 0.944312
vt 0.395679 0.943108
vt 0.300659 0.922184
vt 0.302682 0.920459
vt 0.304281 0.922019
vt 0.302459 0.923598
vt 0.304705 0.918735
vt 0.306334 0.920601
vt 0.307789 0.922339
vt 0.305786 0.923627
vt 0.303961 0.925001
vt 0.309442 0.916564
vt 0.311562 0.916113
vt 0.312935 0.917486
vt 0.310771 0.918369
vt 0.313683 0.915662
vt 0.314580 0.916651
vt 0.316622 0.918214
vt 0.314181 0.919066
vt 0.312068 0.920088
vt 0.297876 0.931561
vt 0.298312 0.931207
vt 0.298747 0.931634
vt 0.297526 0.930060
vt 0.298499 0.930105
vt 0.299255 0.930519
vt 0.298182 0.926278
vt 0.299420 0.924231
vt 0.300950 0.925286
vt 0.299780 0.926998
vt 0.302376 0.926429
vt 0.301054 0.927860
vt 0.307073 0.917650
vt 0.308534 0.919395
vt 0.309910 0.921169
vt 0.297854 0.928169
vt 0.298976 0.928653
vt 0.300019 0.929242
vt 0.299267 0.931766
vt 0.299937 0.931009
vt 0.303595 0.927751
vt 0.302137 0.928926
vt 0.305257 0.926542
vt 0.311119 0.923000
vt 0.309070 0.924143
vt 0.313177 0.921954
vt 0.300906 0.930038
vt 0.307099 0.925332
vt 0.315174 0.921057
vt 0.317443 0.920901
vt 0.303070 0.896001
vt 0.304139 0.896937
vt 0.303866 0.897467
vt 0.303308 0.897514
vt 0.305006 0.897696
vt 0.304391 0.898328
vt 0.303602 0.898708
vt 0.307278 0.899687
vt 0.308665 0.900901
vt 0.307403 0.902158
vt 0.306183 0.900748
vt 0.310191 0.902238
vt 0.308809 0.903646
vt 0.307260 0.904912
vt 0.305963 0.903248
vt 0.304913 0.901627
vt 0.313544 0.905174
vt 0.315286 0.906700
vt 0.313803 0.908272
vt 0.312061 0.906734
vt 0.317007 0.908208
vt 0.315534 0.909779
vt 0.313964 0.911213
vt 0.312213 0.909735
vt 0.310452 0.908189
vt 0.306055 0.898615
vt 0.305171 0.899447
vt 0.304131 0.900096
vt 0.311831 0.903674
vt 0.310379 0.905182
vt 0.308779 0.906570
vt 0.318657 0.909653
vt 0.317183 0.911239
vt 0.320727 0.911466
vt 0.319285 0.913043
vt 0.317504 0.914562
vt 0.315608 0.912626
vt 0.302957 0.900537
vt 0.302734 0.899011
vt 0.303480 0.902306
vt 0.301746 0.902834
vt 0.301714 0.900874
vt 0.301683 0.898915
vt 0.307030 0.907850
vt 0.305547 0.906039
vt 0.308718 0.909550
vt 0.306849 0.910996
vt 0.305209 0.909077
vt 0.303568 0.907158
vt 0.313926 0.913700
vt 0.312307 0.912471
vt 0.315030 0.914793
vt 0.313660 0.915456
vt 0.312192 0.914618
vt 0.310724 0.913780
vt 0.302762 0.897877
vt 0.302376 0.897458
vt 0.304353 0.904165
vt 0.302657 0.904996
vt 0.310524 0.911089
vt 0.308787 0.912388
vt 0.376232 0.938744
vt 0.378097 0.938549
vt 0.377950 0.939767
vt 0.376458 0.939692
vt 0.379962 0.938354
vt 0.379723 0.940091
vt 0.379262 0.941566
vt 0.377682 0.940938
vt 0.376275 0.940532
vt 0.384465 0.939554
vt 0.386616 0.940947
vt 0.385604 0.942959
vt 0.383635 0.941693
vt 0.388768 0.942340
vt 0.387480 0.944463
vt 0.386269 0.946409
vt 0.384519 0.944896
vt 0.382735 0.943557
vt 0.392036 0.946002
vt 0.393006 0.947651
vt 0.392112 0.949471
vt 0.390736 0.947849
vt 0.393976 0.949300
vt 0.393310 0.950608
vt 0.393164 0.953053
vt 0.391073 0.951245
vt 0.389533 0.949688
vt 0.373618 0.940179
vt 0.374925 0.939461
vt 0.375375 0.939795
vt 0.375093 0.940324
vt 0.382213 0.938954
vt 0.381646 0.940735
vt 0.380965 0.942443
vt 0.390402 0.944171
vt 0.389192 0.946136
vt 0.387936 0.948041
vt 0.375105 0.940864
vt 0.374619 0.941162
vt 0.375993 0.941323
vt 0.375437 0.941965
vt 0.380054 0.944005
vt 0.378551 0.942915
vt 0.381646 0.945267
vt 0.380355 0.946795
vt 0.378918 0.945384
vt 0.377605 0.944095
vt 0.386590 0.949826
vt 0.384952 0.948220
vt 0.388192 0.951423
vt 0.386721 0.953045
vt 0.385122 0.951476
vt 0.383495 0.949878
vt 0.377169 0.942014
vt 0.376438 0.942949
vt 0.383291 0.946686
vt 0.381893 0.948305
vt 0.389744 0.952928
vt 0.391688 0.954884
vt 0.390173 0.956431
vt 0.388236 0.954531
vt 0.394320 0.950863
vt 0.395211 0.952935
vt 0.394073 0.949282
vt 0.315263 0.915765
vt 0.313672 0.915559
vt 0.317383 0.916563
vt 0.401313 0.958667
vt 0.399985 0.959188
vt 0.397389 0.955987
vt 0.399011 0.955649
vt 0.398935 0.960288
vt 0.395925 0.956687
vt 0.322708 0.928907
vt 0.322877 0.927177
vt 0.324613 0.927938
vt 0.324205 0.929375
vt 0.323014 0.925461
vt 0.325008 0.926584
vt 0.326898 0.927668
vt 0.326378 0.928724
vt 0.325865 0.929932
vt 0.407948 0.957452
vt 0.409639 0.957068
vt 0.410035 0.958335
vt 0.408500 0.958917
vt 0.411313 0.956743
vt 0.411627 0.957714
vt 0.411942 0.958684
vt 0.410595 0.959905
vt 0.409141 0.960539
vt 0.404505 0.958009
vt 0.406221 0.957747
vt 0.407083 0.959424
vt 0.405746 0.959912
vt 0.407949 0.961132
vt 0.406912 0.961720
vt 0.329808 0.923769
vt 0.331361 0.923101
vt 0.335757 0.927164
vt 0.332506 0.926125
vt 0.332537 0.921802
vt 0.337170 0.925856
vt 0.341722 0.929839
vt 0.340538 0.930995
vt 0.339703 0.932177
vt 0.336542 0.929468
vt 0.334030 0.927951
vt 0.406120 0.972059
vt 0.407070 0.970987
vt 0.409779 0.973488
vt 0.408728 0.974621
vt 0.407455 0.969293
vt 0.410544 0.972187
vt 0.413100 0.974515
vt 0.412387 0.975950
vt 0.411302 0.977149
vt 0.416276 0.971801
vt 0.416276 0.974169
vt 0.414879 0.973704
vt 0.414451 0.971262
vt 0.416276 0.976537
vt 0.414776 0.975724
vt 0.413160 0.972699
vt 0.412710 0.970527
vt 0.415222 0.978252
vt 0.414043 0.977363
vt 0.414168 0.979966
vt 0.412899 0.978719
vt 0.414465 0.965149
vt 0.415370 0.968475
vt 0.413593 0.968355
vt 0.412527 0.965283
vt 0.411895 0.968026
vt 0.410915 0.965384
vt 0.413203 0.961916
vt 0.411477 0.962343
vt 0.409972 0.962792
vt 0.328168 0.930663
vt 0.327804 0.932169
vt 0.325322 0.931409
vt 0.330842 0.931458
vt 0.330807 0.933051
vt 0.330752 0.935002
vt 0.327471 0.933907
vt 0.324190 0.932811
vt 0.333614 0.932207
vt 0.333964 0.933893
vt 0.336178 0.932698
vt 0.336904 0.934432
vt 0.337398 0.936450
vt 0.334075 0.935726
vt 0.342731 0.933024
vt 0.341153 0.933899
vt 0.344010 0.931841
vt 0.345394 0.933052
vt 0.343629 0.934151
vt 0.341865 0.935251
vt 0.338229 0.932716
vt 0.339256 0.934401
vt 0.339632 0.935850
vt 0.323459 0.922263
vt 0.323183 0.923801
vt 0.320313 0.922080
vt 0.320263 0.920164
vt 0.320534 0.924181
vt 0.404453 0.960441
vt 0.402845 0.958294
vt 0.405923 0.962341
vt 0.404979 0.963036
vt 0.403236 0.961031
vt 0.324625 0.919625
vt 0.325655 0.918245
vt 0.328322 0.920440
vt 0.327329 0.921731
vt 0.326862 0.916835
vt 0.329453 0.919103
vt 0.407408 0.964311
vt 0.406744 0.964975
vt 0.408116 0.963796
vt 0.408941 0.965156
vt 0.408892 0.966055
vt 0.408617 0.966915
vt 0.410686 0.968922
vt 0.410797 0.970612
vt 0.408276 0.968128
vt 0.323917 0.920918
vt 0.320562 0.918545
vt 0.321253 0.917068
vt 0.322231 0.932296
vt 0.322444 0.930609
vt 0.323726 0.930933
vt 0.323211 0.932554
vt 0.328086 0.925647
vt 0.328792 0.924653
vt 0.330888 0.926415
vt 0.330157 0.927311
vt 0.333156 0.928332
vt 0.332251 0.929045
vt 0.327461 0.926647
vt 0.329566 0.928091
vt 0.329062 0.928834
vt 0.331448 0.929510
vt 0.330504 0.929604
vt 0.320905 0.930306
vt 0.320851 0.932050
vt 0.320893 0.928446
vt 0.326564 0.922887
vt 0.325960 0.924028
vt 0.322376 0.915579
vt 0.323708 0.914075
vt 0.394468 0.957837
vt 0.393040 0.959239
vt 0.397104 0.960826
vt 0.395841 0.961981
vt 0.403072 0.955649
vt 0.400946 0.955586
vt 0.325449 0.925270
vt 0.405272 0.955691
vt 0.407385 0.955669
vt 0.409251 0.955541
vt 0.410994 0.955359
vt 0.320748 0.926353
vt 0.404077 0.963850
vt 0.402129 0.961706
vt 0.403324 0.964606
vt 0.401402 0.962549
vt 0.406080 0.965933
vt 0.405297 0.966686
vt 0.718154 0.467028
vt 0.719269 0.466864
vt 0.719390 0.468435
vt 0.718259 0.468575
vt 0.720385 0.466700
vt 0.720496 0.468331
vt 0.721017 0.473915
vt 0.719821 0.474021
vt 0.718598 0.474162
vt 0.410358 0.967276
vt 0.409778 0.965466
vt 0.408911 0.963282
vt 0.335899 0.930563
vt 0.334442 0.930871
vt 0.330860 0.930396
vt 0.332786 0.930814
vt 0.328592 0.929622
vt 0.339153 0.886305
vt 0.339574 0.887741
vt 0.339051 0.887944
vt 0.338583 0.887596
vt 0.339817 0.888922
vt 0.338943 0.888936
vt 0.338121 0.888648
vt 0.336919 0.891429
vt 0.338379 0.891880
vt 0.337913 0.893669
vt 0.336201 0.893125
vt 0.339921 0.892078
vt 0.339713 0.893970
vt 0.339325 0.896004
vt 0.337332 0.895608
vt 0.335427 0.894990
vt 0.333777 0.899086
vt 0.335902 0.899761
vt 0.335159 0.901851
vt 0.332952 0.901209
vt 0.338101 0.900270
vt 0.337432 0.902347
vt 0.336941 0.904268
vt 0.334591 0.903838
vt 0.332269 0.903279
vt 0.338720 0.890275
vt 0.337563 0.889931
vt 0.339944 0.890382
vt 0.336644 0.897659
vt 0.334610 0.896995
vt 0.338760 0.898130
vt 0.334374 0.905630
vt 0.331864 0.905211
vt 0.336813 0.905938
vt 0.337031 0.907572
vt 0.334631 0.907449
vt 0.332090 0.907238
vt 0.340726 0.888798
vt 0.341193 0.890237
vt 0.341617 0.888242
vt 0.342454 0.889967
vt 0.343290 0.891691
vt 0.341512 0.892019
vt 0.341391 0.896192
vt 0.340947 0.898423
vt 0.343665 0.896251
vt 0.343169 0.898627
vt 0.342674 0.901004
vt 0.340346 0.900627
vt 0.339169 0.904567
vt 0.338962 0.906126
vt 0.341214 0.904981
vt 0.340968 0.906254
vt 0.340721 0.907526
vt 0.339054 0.907585
vt 0.340385 0.887274
vt 0.340216 0.887815
vt 0.341579 0.894030
vt 0.343477 0.893971
vt 0.339692 0.902705
vt 0.341944 0.902993
vt 0.368539 0.978571
vt 0.369071 0.977752
vt 0.370510 0.978218
vt 0.370240 0.979418
vt 0.369183 0.976893
vt 0.370652 0.977022
vt 0.372361 0.976995
vt 0.372298 0.978542
vt 0.371941 0.980265
vt 0.376608 0.980697
vt 0.376544 0.978398
vt 0.378833 0.977889
vt 0.379094 0.980136
vt 0.376329 0.976336
vt 0.378478 0.975690
vt 0.380629 0.974919
vt 0.381084 0.977182
vt 0.381580 0.979575
vt 0.385591 0.977718
vt 0.385037 0.975694
vt 0.386605 0.975343
vt 0.386876 0.977341
vt 0.384595 0.973475
vt 0.386266 0.973202
vt 0.387919 0.973267
vt 0.388085 0.975292
vt 0.388161 0.976964
vt 0.366538 0.976239
vt 0.367991 0.976652
vt 0.368078 0.977257
vt 0.367538 0.977405
vt 0.374337 0.978609
vt 0.374274 0.980481
vt 0.374272 0.976769
vt 0.383174 0.976379
vt 0.383586 0.978646
vt 0.382692 0.974114
vt 0.367838 0.975688
vt 0.368192 0.976151
vt 0.368897 0.975239
vt 0.369192 0.976049
vt 0.372154 0.975484
vt 0.373951 0.974994
vt 0.371684 0.974043
vt 0.373374 0.973305
vt 0.375222 0.972484
vt 0.375891 0.974361
vt 0.380018 0.972732
vt 0.382071 0.971856
vt 0.379241 0.970645
vt 0.381307 0.969685
vt 0.383320 0.968852
vt 0.384021 0.971143
vt 0.370540 0.975831
vt 0.370185 0.974690
vt 0.377935 0.973587
vt 0.377195 0.971587
vt 0.385793 0.970778
vt 0.385205 0.968290
vt 0.387227 0.968338
vt 0.387621 0.970870
vt 0.370960 0.972706
vt 0.372543 0.971725
vt 0.369998 0.971496
vt 0.371476 0.970261
vt 0.373192 0.969050
vt 0.374316 0.970716
vt 0.378290 0.968684
vt 0.380399 0.967683
vt 0.377181 0.966815
vt 0.379350 0.965806
vt 0.381534 0.964852
vt 0.382501 0.966755
vt 0.368508 0.974462
vt 0.369597 0.973639
vt 0.367872 0.973869
vt 0.368796 0.972716
vt 0.376247 0.969699
vt 0.375111 0.967899
vt 0.384524 0.965960
vt 0.383650 0.963933
vt 0.386067 0.963178
vt 0.386770 0.965909
vt 0.367228 0.974899
vt 0.367743 0.975112
vt 0.367133 0.973333
vt 0.367800 0.971959
vt 0.366103 0.973124
vt 0.366706 0.971285
vt 0.367308 0.969446
vt 0.368819 0.970438
vt 0.371870 0.967477
vt 0.373808 0.966164
vt 0.370286 0.965847
vt 0.372421 0.964462
vt 0.374557 0.963077
vt 0.375931 0.965002
vt 0.380386 0.963145
vt 0.382482 0.962357
vt 0.379260 0.961439
vt 0.381168 0.961005
vt 0.383077 0.960571
vt 0.384049 0.961565
vt 0.366321 0.974681
vt 0.366818 0.974402
vt 0.370191 0.968923
vt 0.368797 0.967646
vt 0.378163 0.964011
vt 0.376908 0.962258
vt 0.328696 0.890155
vt 0.330335 0.891753
vt 0.329011 0.893768
vt 0.327254 0.892389
vt 0.331924 0.893056
vt 0.330804 0.895047
vt 0.329793 0.897203
vt 0.327877 0.895990
vt 0.325813 0.894622
vt 0.324288 0.899604
vt 0.326252 0.900684
vt 0.325664 0.902945
vt 0.324122 0.901766
vt 0.328128 0.901742
vt 0.327394 0.903971
vt 0.326874 0.906504
vt 0.325054 0.904687
vt 0.323955 0.903928
vt 0.337807 0.887011
vt 0.337327 0.886636
vt 0.337619 0.886157
vt 0.336769 0.887662
vt 0.336259 0.886967
vt 0.336086 0.886009
vt 0.332426 0.887159
vt 0.333350 0.888648
vt 0.331808 0.890034
vt 0.330561 0.888657
vt 0.334373 0.889798
vt 0.333130 0.891297
vt 0.326974 0.898330
vt 0.325050 0.897113
vt 0.328914 0.899461
vt 0.334884 0.887632
vt 0.334256 0.886584
vt 0.335605 0.888589
vt 0.338006 0.887509
vt 0.337345 0.888273
vt 0.335573 0.890730
vt 0.334601 0.892331
vt 0.333623 0.894137
vt 0.331750 0.898235
vt 0.330888 0.900416
vt 0.330124 0.902594
vt 0.336511 0.889362
vt 0.332667 0.896124
vt 0.329499 0.904693
vt 0.329645 0.906962
vt 0.304602 0.896037
vt 0.304628 0.896596
vt 0.305824 0.896172
vt 0.305551 0.897003
vt 0.308186 0.898461
vt 0.309744 0.899484
vt 0.308890 0.897086
vt 0.310636 0.897914
vt 0.312455 0.898980
vt 0.311405 0.900682
vt 0.314894 0.903499
vt 0.316648 0.905023
vt 0.316124 0.901712
vt 0.317889 0.903253
vt 0.319584 0.904794
vt 0.318370 0.906540
vt 0.306763 0.897629
vt 0.307270 0.896513
vt 0.313134 0.902036
vt 0.314299 0.900267
vt 0.320035 0.907982
vt 0.321202 0.906237
vt 0.323370 0.907861
vt 0.322100 0.909828
vt 0.306010 0.895271
vt 0.307553 0.895290
vt 0.305776 0.894241
vt 0.307723 0.894015
vt 0.309670 0.893788
vt 0.309375 0.895576
vt 0.313347 0.897133
vt 0.315338 0.898365
vt 0.314196 0.895024
vt 0.316314 0.896397
vt 0.318432 0.897770
vt 0.317245 0.899814
vt 0.320613 0.902986
vt 0.322045 0.904429
vt 0.321702 0.901244
vt 0.322725 0.902588
vt 0.323749 0.903933
vt 0.323273 0.905378
vt 0.304423 0.895121
vt 0.304889 0.895448
vt 0.311333 0.896197
vt 0.311933 0.894406
vt 0.319008 0.901401
vt 0.320067 0.899507
vt 0.372230 0.942819
vt 0.373182 0.943028
vt 0.373284 0.944519
vt 0.372069 0.944687
vt 0.374019 0.942829
vt 0.374450 0.944229
vt 0.375107 0.945798
vt 0.373641 0.946285
vt 0.371908 0.946555
vt 0.373191 0.951037
vt 0.375314 0.950168
vt 0.376615 0.952114
vt 0.374623 0.953163
vt 0.377161 0.949235
vt 0.378533 0.950994
vt 0.380077 0.952716
vt 0.378154 0.953963
vt 0.376054 0.955289
vt 0.379776 0.958492
vt 0.381599 0.957157
vt 0.383247 0.958504
vt 0.381443 0.959433
vt 0.383417 0.955920
vt 0.385003 0.957431
vt 0.386852 0.959487
vt 0.384407 0.959681
vt 0.383110 0.960374
vt 0.373790 0.941651
vt 0.373265 0.941943
vt 0.372924 0.941499
vt 0.374320 0.948197
vt 0.372549 0.948796
vt 0.376015 0.947485
vt 0.379858 0.955644
vt 0.377915 0.956891
vt 0.381740 0.954353
vt 0.374329 0.941653
vt 0.374804 0.942533
vt 0.376443 0.945062
vt 0.377559 0.946545
vt 0.378850 0.948114
vt 0.381864 0.951366
vt 0.383500 0.952975
vt 0.385127 0.954547
vt 0.375517 0.943697
vt 0.380299 0.949733
vt 0.386661 0.956069
vt 0.388656 0.957974
vt 0.386774 0.961535
vt 0.384682 0.960687
vt 0.383093 0.960473
vt 0.323852 0.903930
vt 0.324266 0.905481
vt 0.325338 0.907477
vt 0.392635 0.967516
vt 0.389568 0.965277
vt 0.389874 0.963649
vt 0.393130 0.966178
vt 0.390545 0.962173
vt 0.394210 0.965109
vt 0.338277 0.911119
vt 0.338939 0.912540
vt 0.337569 0.913135
vt 0.336585 0.911515
vt 0.339712 0.914111
vt 0.338582 0.914780
vt 0.337604 0.915436
vt 0.336279 0.913707
vt 0.334903 0.911879
vt 0.391562 0.974167
vt 0.393036 0.974688
vt 0.392485 0.976233
vt 0.391215 0.975864
vt 0.394667 0.975297
vt 0.394062 0.976762
vt 0.392869 0.978132
vt 0.391897 0.977838
vt 0.390926 0.977544
vt 0.392043 0.970716
vt 0.393972 0.971917
vt 0.393512 0.973262
vt 0.391819 0.972436
vt 0.395802 0.973046
vt 0.395236 0.974094
vt 0.334126 0.918836
vt 0.336818 0.921198
vt 0.338279 0.924282
vt 0.333669 0.920465
vt 0.338830 0.922466
vt 0.340667 0.924754
vt 0.343772 0.927527
vt 0.342711 0.928512
vt 0.407614 0.975692
vt 0.405065 0.973027
vt 0.410122 0.978256
vt 0.408700 0.978994
vt 0.406327 0.976480
vt 0.403378 0.973443
vt 0.406042 0.982218
vt 0.405472 0.980403
vt 0.407920 0.980787
vt 0.408409 0.982176
vt 0.404707 0.978676
vt 0.406885 0.979086
vt 0.409937 0.980649
vt 0.410775 0.982135
vt 0.411563 0.979887
vt 0.412471 0.981051
vt 0.399366 0.980529
vt 0.399465 0.978590
vt 0.402553 0.979598
vt 0.402704 0.981373
vt 0.399537 0.976977
vt 0.402193 0.977907
vt 0.396512 0.977596
vt 0.396118 0.979330
vt 0.396931 0.976083
vt 0.341104 0.913377
vt 0.342186 0.915736
vt 0.340742 0.916296
vt 0.342343 0.912069
vt 0.343864 0.915175
vt 0.345385 0.918281
vt 0.343458 0.918595
vt 0.341884 0.918841
vt 0.344712 0.921612
vt 0.342994 0.921489
vt 0.346543 0.921478
vt 0.347701 0.924675
vt 0.345635 0.924454
vt 0.343820 0.923965
vt 0.345671 0.928736
vt 0.345013 0.930416
vt 0.347106 0.929262
vt 0.346250 0.931157
vt 0.345916 0.926789
vt 0.344111 0.925995
vt 0.347403 0.926969
vt 0.331792 0.912744
vt 0.329288 0.909854
vt 0.331193 0.909650
vt 0.333279 0.912267
vt 0.333305 0.909591
vt 0.392294 0.969052
vt 0.394474 0.970615
vt 0.395039 0.969388
vt 0.397079 0.971089
vt 0.396402 0.972045
vt 0.710075 0.467024
vt 0.711150 0.467091
vt 0.711082 0.468666
vt 0.709971 0.468576
vt 0.712226 0.467158
vt 0.712149 0.468772
vt 0.711994 0.474366
vt 0.710838 0.474264
vt 0.709637 0.474176
vt 0.329331 0.914250
vt 0.331776 0.916650
vt 0.330629 0.917806
vt 0.328099 0.915453
vt 0.399050 0.972815
vt 0.398400 0.973491
vt 0.401023 0.974650
vt 0.400170 0.974941
vt 0.399272 0.975007
vt 0.397898 0.974209
vt 0.402229 0.974286
vt 0.404757 0.976762
vt 0.403066 0.976681
vt 0.326351 0.911245
vt 0.327723 0.910365
vt 0.330519 0.913376
vt 0.341573 0.910196
vt 0.341958 0.911132
vt 0.340421 0.911858
vt 0.339930 0.910631
vt 0.335758 0.916881
vt 0.337683 0.918713
vt 0.336891 0.919556
vt 0.334867 0.917712
vt 0.339679 0.920557
vt 0.339092 0.921549
vt 0.339047 0.917426
vt 0.338377 0.918024
vt 0.336667 0.916129
vt 0.340001 0.918752
vt 0.340034 0.919700
vt 0.341147 0.908861
vt 0.339426 0.909146
vt 0.337580 0.909381
vt 0.332821 0.915739
vt 0.333872 0.914989
vt 0.325022 0.912556
vt 0.391666 0.960694
vt 0.394711 0.963267
vt 0.389543 0.967211
vt 0.389650 0.969335
vt 0.335035 0.914318
vt 0.389743 0.971531
vt 0.389771 0.973641
vt 0.389685 0.975508
vt 0.389543 0.977254
vt 0.335487 0.909515
vt 0.395692 0.968269
vt 0.397875 0.970172
vt 0.396521 0.967527
vt 0.398615 0.969405
vt 0.399994 0.972133
vt 0.400732 0.971335
vt 0.707843 0.466698
vt 0.708959 0.466861
vt 0.708839 0.468435
vt 0.707733 0.468329
vt 0.708414 0.474029
vt 0.707218 0.473917
vt 0.401417 0.976384
vt 0.399598 0.975838
vt 0.397401 0.975014
vt 0.341780 0.922487
vt 0.341668 0.923972
vt 0.341504 0.920853
vt 0.340834 0.918999
vt 0.339765 0.916855
vt 0.402579 0.965405
vt 0.401565 0.964868
vt 0.401322 0.963645
vt 0.402828 0.965126
vt 0.400551 0.964330
vt 0.399875 0.962748
vt 0.399562 0.964492
vt 0.398614 0.962890
vt 0.398572 0.964655
vt 0.397579 0.963683
vt 0.403669 0.967467
vt 0.403124 0.966436
vt 0.404271 0.966737
vt 0.405185 0.968255
vt 0.403376 0.969366
vt 0.403523 0.968417
vt 0.405109 0.969459
vt 0.404421 0.970391
vt 0.398297 0.966648
vt 0.398849 0.967646
vt 0.397618 0.967426
vt 0.396694 0.966000
vt 0.399401 0.968644
vt 0.399126 0.968899
vt 0.398435 0.965651
vt 0.396810 0.964736
vt 0.400438 0.969164
vt 0.400762 0.970307
vt 0.401475 0.969685
vt 0.402296 0.971191
vt 0.402426 0.969525
vt 0.403499 0.971094
vt 0.705891 0.466850
vt 0.706867 0.466774
vt 0.706698 0.468346
vt 0.705700 0.468424
vt 0.706099 0.473935
vt 0.705508 0.469998
vt 0.713170 0.467387
vt 0.713150 0.468961
vt 0.714114 0.467617
vt 0.714117 0.469075
vt 0.714127 0.474666
vt 0.713078 0.474553
vt 0.721361 0.466775
vt 0.721531 0.468347
vt 0.722337 0.466850
vt 0.722530 0.468424
vt 0.722723 0.469998
vt 0.722136 0.473935
vt 0.715058 0.467389
vt 0.715083 0.468960
vt 0.716003 0.467162
vt 0.716082 0.468771
vt 0.716249 0.474348
vt 0.715171 0.474543
vt 0.717149 0.468665
vt 0.717078 0.467095
vt 0.717400 0.474246
vt 0.712905 0.488184
vt 0.711614 0.487999
vt 0.714151 0.488292
vt 0.714192 0.506070
vt 0.712679 0.505835
vt 0.711167 0.505599
vt 0.710244 0.487910
vt 0.708823 0.487827
vt 0.709475 0.505579
vt 0.707784 0.505558
vt 0.707376 0.487663
vt 0.705962 0.487534
vt 0.706033 0.505318
vt 0.704282 0.505077
vt 0.704639 0.487558
vt 0.703361 0.487657
vt 0.702748 0.505197
vt 0.701214 0.505317
vt 0.723610 0.487555
vt 0.722286 0.487525
vt 0.724888 0.487655
vt 0.727053 0.505312
vt 0.725518 0.505191
vt 0.723983 0.505071
vt 0.720870 0.487636
vt 0.719425 0.487779
vt 0.722229 0.505265
vt 0.720475 0.505459
vt 0.718011 0.487850
vt 0.716656 0.487942
vt 0.718803 0.505465
vt 0.717132 0.505471
vt 0.715385 0.488151
vt 0.715662 0.505770
vt 0.345576 0.838089
vt 0.345320 0.839562
vt 0.344762 0.839512
vt 0.344496 0.838994
vt 0.345016 0.840729
vt 0.344226 0.840354
vt 0.343617 0.839732
vt 0.341308 0.841694
vt 0.342418 0.842745
vt 0.341209 0.844144
vt 0.339914 0.842898
vt 0.343713 0.843605
vt 0.342690 0.845210
vt 0.341442 0.846863
vt 0.339830 0.845626
vt 0.338394 0.844228
vt 0.335102 0.847172
vt 0.336710 0.848717
vt 0.335119 0.850263
vt 0.333423 0.848711
vt 0.338456 0.850147
vt 0.336937 0.851714
vt 0.335647 0.853219
vt 0.333730 0.851794
vt 0.331895 0.850266
vt 0.343434 0.841457
vt 0.342548 0.840636
vt 0.344484 0.842094
vt 0.338305 0.847161
vt 0.336775 0.845665
vt 0.339994 0.848519
vt 0.332742 0.853305
vt 0.330677 0.851819
vt 0.334792 0.854661
vt 0.334265 0.856223
vt 0.332168 0.855051
vt 0.329983 0.853737
vt 0.345885 0.841020
vt 0.345667 0.842516
vt 0.346929 0.840916
vt 0.346916 0.842832
vt 0.346903 0.844749
vt 0.345165 0.844255
vt 0.343210 0.847945
vt 0.341824 0.849749
vt 0.345221 0.849003
vt 0.343726 0.850916
vt 0.342230 0.852828
vt 0.340311 0.851460
vt 0.337510 0.854473
vt 0.336636 0.855780
vt 0.339160 0.855749
vt 0.338376 0.856781
vt 0.337592 0.857813
vt 0.336073 0.857129
vt 0.346252 0.839502
vt 0.345862 0.839913
vt 0.344335 0.846089
vt 0.346062 0.846876
vt 0.338804 0.853034
vt 0.340695 0.854289
vt 0.377910 0.872272
vt 0.378455 0.871461
vt 0.379888 0.871950
vt 0.379600 0.873144
vt 0.378580 0.870605
vt 0.380048 0.870756
vt 0.381758 0.870755
vt 0.381673 0.872300
vt 0.381291 0.874017
vt 0.385962 0.874515
vt 0.385928 0.872215
vt 0.388229 0.871734
vt 0.388466 0.873982
vt 0.385737 0.870153
vt 0.387895 0.869533
vt 0.390060 0.868784
vt 0.390496 0.871050
vt 0.390970 0.873450
vt 0.395026 0.871617
vt 0.394485 0.869587
vt 0.396064 0.869243
vt 0.396323 0.871243
vt 0.394064 0.867364
vt 0.395742 0.867099
vt 0.397397 0.867170
vt 0.397552 0.869196
vt 0.397620 0.870869
vt 0.375943 0.869909
vt 0.377391 0.870345
vt 0.377468 0.870951
vt 0.376927 0.871090
vt 0.383714 0.872396
vt 0.383626 0.874266
vt 0.383673 0.870557
vt 0.392605 0.870262
vt 0.392998 0.872533
vt 0.392143 0.867993
vt 0.377252 0.869380
vt 0.377599 0.869847
vt 0.378317 0.868948
vt 0.378601 0.869761
vt 0.381571 0.869243
vt 0.383373 0.868779
vt 0.381120 0.867795
vt 0.382819 0.867083
vt 0.384673 0.866289
vt 0.385319 0.868175
vt 0.389462 0.866595
vt 0.391542 0.865730
vt 0.388705 0.864502
vt 0.390799 0.863554
vt 0.392836 0.862728
vt 0.393517 0.865024
vt 0.379952 0.869565
vt 0.379613 0.868418
vt 0.387368 0.867428
vt 0.386649 0.865421
vt 0.395293 0.864668
vt 0.394722 0.862177
vt 0.396735 0.862235
vt 0.397116 0.864770
vt 0.380416 0.866446
vt 0.382012 0.865489
vt 0.379474 0.865220
vt 0.380969 0.864007
vt 0.382704 0.862819
vt 0.383797 0.864505
vt 0.387792 0.862524
vt 0.389909 0.861546
vt 0.386722 0.860635
vt 0.388878 0.859662
vt 0.391045 0.858738
vt 0.392016 0.860636
vt 0.377940 0.868164
vt 0.379041 0.867358
vt 0.377312 0.867561
vt 0.378254 0.866423
vt 0.385740 0.863514
vt 0.384643 0.861691
vt 0.394038 0.859852
vt 0.393158 0.857831
vt 0.395577 0.857079
vt 0.396281 0.859807
vt 0.376653 0.868581
vt 0.377166 0.868802
vt 0.376582 0.867013
vt 0.377269 0.865650
vt 0.375555 0.866788
vt 0.376185 0.864958
vt 0.376815 0.863129
vt 0.378310 0.864144
vt 0.381405 0.861227
vt 0.383363 0.859940
vt 0.379844 0.859578
vt 0.381991 0.858225
vt 0.384138 0.856872
vt 0.385493 0.858809
vt 0.389909 0.857024
vt 0.391998 0.856250
vt 0.388800 0.855313
vt 0.390698 0.854889
vt 0.392596 0.854466
vt 0.393564 0.855461
vt 0.375749 0.868349
vt 0.376250 0.868078
vt 0.379705 0.862649
vt 0.378330 0.861353
vt 0.387708 0.857857
vt 0.386469 0.856092
vt 0.334496 0.836917
vt 0.335260 0.839074
vt 0.333181 0.840296
vt 0.332216 0.838282
vt 0.336109 0.840945
vt 0.334223 0.842234
vt 0.332362 0.843721
vt 0.331181 0.841787
vt 0.329935 0.839648
vt 0.326364 0.843441
vt 0.327648 0.845277
vt 0.326121 0.847045
vt 0.325259 0.845307
vt 0.328862 0.847055
vt 0.327218 0.848730
vt 0.325631 0.850770
vt 0.324804 0.848337
vt 0.324154 0.847172
vt 0.344057 0.838125
vt 0.343792 0.837577
vt 0.344266 0.837278
vt 0.342839 0.838250
vt 0.342689 0.837402
vt 0.342957 0.836467
vt 0.339165 0.835880
vt 0.339337 0.837623
vt 0.337341 0.838184
vt 0.336831 0.836399
vt 0.339746 0.839105
vt 0.337968 0.839900
vt 0.329336 0.843486
vt 0.328150 0.841545
vt 0.330576 0.845356
vt 0.341162 0.837390
vt 0.341061 0.836174
vt 0.341386 0.838566
vt 0.344016 0.838660
vt 0.343086 0.839052
vt 0.340410 0.840472
vt 0.338830 0.841477
vt 0.337154 0.842665
vt 0.333661 0.845511
vt 0.331923 0.847087
vt 0.330275 0.848702
vt 0.341857 0.839660
vt 0.335418 0.844024
vt 0.328786 0.850307
vt 0.327913 0.852407
vt 0.308934 0.830819
vt 0.310292 0.831528
vt 0.310068 0.832041
vt 0.309478 0.832130
vt 0.311328 0.832189
vt 0.310715 0.832814
vt 0.309919 0.833194
vt 0.311077 0.835984
vt 0.312433 0.835287
vt 0.313378 0.836894
vt 0.311783 0.837687
vt 0.313673 0.834365
vt 0.314872 0.835880
vt 0.316032 0.837641
vt 0.314337 0.838702
vt 0.312560 0.839561
vt 0.314268 0.843678
vt 0.316220 0.842773
vt 0.317118 0.844916
vt 0.315155 0.845817
vt 0.318114 0.841715
vt 0.319014 0.843878
vt 0.319853 0.846010
vt 0.317991 0.847038
vt 0.316031 0.847930
vt 0.311525 0.833911
vt 0.310454 0.834482
vt 0.312473 0.833135
vt 0.315289 0.840682
vt 0.313396 0.841575
vt 0.317116 0.839611
vt 0.318846 0.849068
vt 0.316872 0.849957
vt 0.320664 0.848020
vt 0.321890 0.850437
vt 0.319881 0.851637
vt 0.317926 0.852498
vt 0.311893 0.831464
vt 0.313268 0.832164
vt 0.312139 0.830439
vt 0.313985 0.831097
vt 0.315830 0.831754
vt 0.314775 0.833226
vt 0.317649 0.836380
vt 0.318889 0.838366
vt 0.319342 0.834866
vt 0.320634 0.837035
vt 0.321926 0.839203
vt 0.319958 0.840510
vt 0.321575 0.844845
vt 0.322220 0.846773
vt 0.323321 0.843766
vt 0.323644 0.845426
vt 0.323967 0.847085
vt 0.322901 0.848168
vt 0.310537 0.830629
vt 0.310810 0.831128
vt 0.316257 0.834649
vt 0.317586 0.833310
vt 0.320837 0.842713
vt 0.322623 0.841485
vt 0.381747 0.836724
vt 0.382698 0.836932
vt 0.382801 0.838423
vt 0.381586 0.838592
vt 0.383535 0.836734
vt 0.383966 0.838133
vt 0.384624 0.839702
vt 0.383158 0.840190
vt 0.381425 0.840460
vt 0.382708 0.844940
vt 0.384831 0.844072
vt 0.386133 0.846017
vt 0.384140 0.847066
vt 0.386678 0.843138
vt 0.388050 0.844897
vt 0.389594 0.846618
vt 0.387671 0.847865
vt 0.385572 0.849192
vt 0.389294 0.852393
vt 0.391117 0.851058
vt 0.392765 0.852403
vt 0.390961 0.853332
vt 0.392934 0.849821
vt 0.394519 0.851331
vt 0.396366 0.853388
vt 0.393924 0.853580
vt 0.392628 0.854270
vt 0.383133 0.834083
vt 0.383306 0.835556
vt 0.382781 0.835847
vt 0.382440 0.835404
vt 0.383837 0.842101
vt 0.382067 0.842700
vt 0.385532 0.841388
vt 0.389376 0.849545
vt 0.387433 0.850792
vt 0.391257 0.848255
vt 0.384135 0.835066
vt 0.383845 0.835558
vt 0.384953 0.835869
vt 0.384320 0.836437
vt 0.385960 0.838965
vt 0.387076 0.840449
vt 0.387121 0.837998
vt 0.388434 0.839287
vt 0.389871 0.840697
vt 0.388367 0.842017
vt 0.391381 0.845268
vt 0.393017 0.846876
vt 0.393012 0.843780
vt 0.394639 0.845378
vt 0.396238 0.846947
vt 0.394644 0.848448
vt 0.385033 0.837601
vt 0.385955 0.836853
vt 0.389816 0.843635
vt 0.391410 0.842208
vt 0.396177 0.849971
vt 0.397752 0.848434
vt 0.399688 0.850335
vt 0.398170 0.851878
vt 0.396287 0.855437
vt 0.394198 0.854585
vt 0.392612 0.854368
vt 0.324060 0.847129
vt 0.323746 0.848700
vt 0.323824 0.850963
vt 0.402135 0.861428
vt 0.399074 0.859184
vt 0.399381 0.857557
vt 0.402631 0.860091
vt 0.400053 0.856082
vt 0.403710 0.859024
vt 0.333813 0.859955
vt 0.333777 0.861523
vt 0.332286 0.861451
vt 0.332121 0.859562
vt 0.333775 0.863274
vt 0.332466 0.863374
vt 0.331299 0.863529
vt 0.330876 0.861392
vt 0.330451 0.859143
vt 0.401042 0.868076
vt 0.402516 0.868599
vt 0.401961 0.870143
vt 0.400689 0.869773
vt 0.404148 0.869209
vt 0.403538 0.870673
vt 0.402341 0.872041
vt 0.401368 0.871746
vt 0.400394 0.871451
vt 0.401536 0.864626
vt 0.403462 0.865829
vt 0.402997 0.867174
vt 0.401306 0.866346
vt 0.405290 0.866959
vt 0.404720 0.868007
vt 0.326674 0.865039
vt 0.328043 0.868348
vt 0.327987 0.871761
vt 0.325544 0.866297
vt 0.329286 0.870377
vt 0.329919 0.873242
vt 0.331475 0.877103
vt 0.330087 0.877516
vt 0.328613 0.878268
vt 0.326295 0.872681
vt 0.323937 0.866995
vt 0.415615 0.865982
vt 0.418224 0.868545
vt 0.417108 0.869620
vt 0.414558 0.866957
vt 0.420798 0.871075
vt 0.419616 0.872183
vt 0.418192 0.872923
vt 0.415819 0.870410
vt 0.412870 0.867376
vt 0.415527 0.876147
vt 0.414958 0.874332
vt 0.417410 0.874716
vt 0.417897 0.876105
vt 0.414194 0.872605
vt 0.416375 0.873016
vt 0.419429 0.874577
vt 0.420267 0.876063
vt 0.421058 0.873814
vt 0.421966 0.874977
vt 0.422395 0.872644
vt 0.423665 0.873892
vt 0.408839 0.874449
vt 0.408943 0.872511
vt 0.412035 0.873524
vt 0.412183 0.875298
vt 0.409018 0.870898
vt 0.411677 0.871833
vt 0.405988 0.871512
vt 0.405590 0.873245
vt 0.406412 0.870000
vt 0.335347 0.863231
vt 0.335272 0.865826
vt 0.333730 0.865690
vt 0.337036 0.862607
vt 0.337024 0.866065
vt 0.337013 0.869524
vt 0.335147 0.868953
vt 0.333628 0.868477
vt 0.334936 0.872213
vt 0.333451 0.871343
vt 0.336636 0.872904
vt 0.336258 0.876284
vt 0.334505 0.875171
vt 0.333096 0.873929
vt 0.332642 0.879027
vt 0.331308 0.880242
vt 0.333695 0.880133
vt 0.332088 0.881453
vt 0.330482 0.882772
vt 0.329778 0.881076
vt 0.333724 0.877389
vt 0.332458 0.875878
vt 0.334976 0.878208
vt 0.327279 0.858543
vt 0.326313 0.854843
vt 0.328112 0.855503
vt 0.328824 0.858773
vt 0.330031 0.856385
vt 0.401791 0.862963
vt 0.403967 0.864527
vt 0.404535 0.863301
vt 0.406571 0.865004
vt 0.405893 0.865960
vt 0.690396 0.496387
vt 0.690806 0.482748
vt 0.692160 0.482840
vt 0.691544 0.496489
vt 0.691288 0.465129
vt 0.692959 0.465135
vt 0.694631 0.465142
vt 0.693572 0.482911
vt 0.692741 0.496574
vt 0.324406 0.858804
vt 0.325536 0.862039
vt 0.323996 0.862567
vt 0.322770 0.859338
vt 0.322367 0.863209
vt 0.321048 0.860029
vt 0.408540 0.866735
vt 0.407888 0.867410
vt 0.410511 0.868576
vt 0.409656 0.868865
vt 0.408757 0.868929
vt 0.407384 0.868127
vt 0.411720 0.868214
vt 0.414247 0.870691
vt 0.412554 0.870609
vt 0.323064 0.854790
vt 0.324684 0.854609
vt 0.325858 0.858546
vt 0.337174 0.860585
vt 0.337105 0.861596
vt 0.335407 0.861567
vt 0.335510 0.860248
vt 0.329004 0.864008
vt 0.329918 0.866503
vt 0.328835 0.866909
vt 0.327836 0.864359
vt 0.330891 0.869041
vt 0.329927 0.869670
vt 0.331712 0.865952
vt 0.330846 0.866192
vt 0.330151 0.863736
vt 0.331980 0.867564
vt 0.331589 0.868429
vt 0.337383 0.859199
vt 0.335715 0.858694
vt 0.333957 0.858088
vt 0.326876 0.861684
vt 0.328150 0.861476
vt 0.321293 0.855377
vt 0.319443 0.856157
vt 0.402551 0.853147
vt 0.401176 0.854602
vt 0.405348 0.855893
vt 0.404215 0.857181
vt 0.399047 0.861117
vt 0.399150 0.863240
vt 0.329491 0.861390
vt 0.399233 0.865437
vt 0.399250 0.867548
vt 0.399156 0.869415
vt 0.399007 0.871160
vt 0.332021 0.857283
vt 0.405189 0.862184
vt 0.407369 0.864087
vt 0.406018 0.861441
vt 0.408111 0.863320
vt 0.409486 0.866055
vt 0.410226 0.865259
vt 0.695016 0.483055
vt 0.693961 0.496715
vt 0.696385 0.465336
vt 0.698139 0.465530
vt 0.696430 0.483166
vt 0.695155 0.496822
vt 0.410902 0.870309
vt 0.409082 0.869760
vt 0.406885 0.868931
vt 0.331921 0.871701
vt 0.331163 0.872983
vt 0.332397 0.870114
vt 0.332617 0.868155
vt 0.332608 0.865758
vt 0.288192 0.861877
vt 0.289596 0.861752
vt 0.289775 0.862307
vt 0.289415 0.862737
vt 0.290739 0.861653
vt 0.290749 0.862523
vt 0.290455 0.863347
vt 0.293759 0.861406
vt 0.295596 0.861271
vt 0.295562 0.863068
vt 0.293718 0.862934
vt 0.297611 0.861136
vt 0.297585 0.863140
vt 0.297321 0.865154
vt 0.295269 0.864869
vt 0.293411 0.864458
vt 0.302020 0.860889
vt 0.304296 0.860788
vt 0.304195 0.863085
vt 0.301977 0.863118
vt 0.306476 0.860806
vt 0.306260 0.863185
vt 0.305914 0.865548
vt 0.303936 0.865397
vt 0.301755 0.865363
vt 0.292134 0.861535
vt 0.292088 0.862742
vt 0.291797 0.863935
vt 0.299772 0.861007
vt 0.299748 0.863146
vt 0.299516 0.865301
vt 0.308436 0.861042
vt 0.308027 0.863554
vt 0.310282 0.861907
vt 0.309668 0.864381
vt 0.309015 0.866693
vt 0.307538 0.865962
vt 0.291260 0.865071
vt 0.290047 0.864167
vt 0.292844 0.865945
vt 0.291965 0.867523
vt 0.290600 0.866178
vt 0.289235 0.864832
vt 0.299092 0.867465
vt 0.296836 0.867170
vt 0.301372 0.867603
vt 0.300983 0.869928
vt 0.298573 0.869634
vt 0.296163 0.869341
vt 0.307026 0.868058
vt 0.305484 0.867753
vt 0.308379 0.868613
vt 0.307789 0.870171
vt 0.306505 0.869996
vt 0.305220 0.869822
vt 0.289280 0.863368
vt 0.288714 0.863355
vt 0.294728 0.866654
vt 0.294064 0.868432
vt 0.303551 0.867650
vt 0.303102 0.869875
vt 0.421235 0.828168
vt 0.422138 0.829843
vt 0.420948 0.830151
vt 0.420435 0.828727
vt 0.423040 0.831518
vt 0.421330 0.831930
vt 0.419787 0.832042
vt 0.419758 0.830332
vt 0.419580 0.828867
vt 0.423620 0.836181
vt 0.423132 0.838693
vt 0.420879 0.838495
vt 0.421320 0.836186
vt 0.422644 0.841206
vt 0.420236 0.840774
vt 0.417963 0.840377
vt 0.418673 0.838200
vt 0.419255 0.836031
vt 0.420884 0.845294
vt 0.420533 0.846597
vt 0.418529 0.846374
vt 0.418845 0.844789
vt 0.420183 0.847901
vt 0.418509 0.847862
vt 0.416480 0.847743
vt 0.416379 0.846089
vt 0.416614 0.844407
vt 0.418839 0.826243
vt 0.420037 0.827205
vt 0.419907 0.827749
vt 0.419300 0.827682
vt 0.423330 0.833849
vt 0.421462 0.833969
vt 0.419623 0.833960
vt 0.421764 0.843250
vt 0.419486 0.842897
vt 0.417209 0.842474
vt 0.418806 0.827899
vt 0.418332 0.827560
vt 0.418737 0.828902
vt 0.417919 0.828633
vt 0.417840 0.833691
vt 0.418271 0.831881
vt 0.417269 0.835648
vt 0.415372 0.835035
vt 0.416133 0.833167
vt 0.416815 0.831456
vt 0.414936 0.841913
vt 0.415764 0.839818
vt 0.414265 0.843900
vt 0.411957 0.843260
vt 0.412747 0.841208
vt 0.413658 0.839098
vt 0.418565 0.830257
vt 0.417412 0.829938
vt 0.416560 0.837710
vt 0.414540 0.837026
vt 0.413941 0.845682
vt 0.414075 0.847504
vt 0.411534 0.847168
vt 0.411440 0.845156
vt 0.414525 0.832388
vt 0.415453 0.830775
vt 0.413573 0.834191
vt 0.411867 0.833128
vt 0.413024 0.831372
vt 0.414211 0.829855
vt 0.410723 0.840355
vt 0.411663 0.838221
vt 0.409851 0.842478
vt 0.407936 0.841541
vt 0.408820 0.839358
vt 0.409755 0.837185
vt 0.416342 0.829385
vt 0.417128 0.828269
vt 0.415392 0.828614
vt 0.416514 0.827653
vt 0.412616 0.836151
vt 0.410774 0.835087
vt 0.409103 0.844514
vt 0.409099 0.846757
vt 0.406357 0.846103
vt 0.407066 0.843670
vt 0.417752 0.827484
vt 0.417523 0.826975
vt 0.414602 0.827643
vt 0.415953 0.826932
vt 0.413114 0.828711
vt 0.412072 0.827235
vt 0.413891 0.826572
vt 0.415710 0.825909
vt 0.409000 0.833838
vt 0.410253 0.831857
vt 0.407907 0.835989
vt 0.405946 0.834669
vt 0.407260 0.832498
vt 0.408574 0.830327
vt 0.405464 0.842539
vt 0.406201 0.840437
vt 0.404704 0.844119
vt 0.403690 0.843169
vt 0.404080 0.841264
vt 0.404469 0.839358
vt 0.417012 0.826582
vt 0.417274 0.826076
vt 0.411644 0.830132
vt 0.410323 0.828781
vt 0.406995 0.838221
vt 0.405207 0.837014
vt 0.295194 0.853211
vt 0.297772 0.852563
vt 0.298513 0.854669
vt 0.296180 0.855276
vt 0.300349 0.851915
vt 0.300982 0.854308
vt 0.301515 0.856511
vt 0.299149 0.856776
vt 0.296904 0.857199
vt 0.305556 0.852070
vt 0.307657 0.852607
vt 0.308277 0.854445
vt 0.305948 0.854276
vt 0.309757 0.853143
vt 0.310122 0.854426
vt 0.311259 0.856731
vt 0.308694 0.856411
vt 0.306348 0.856391
vt 0.288544 0.860377
vt 0.289090 0.860254
vt 0.289291 0.860829
vt 0.288896 0.858877
vt 0.289747 0.859350
vt 0.290240 0.860055
vt 0.291161 0.855781
vt 0.293177 0.854496
vt 0.294080 0.856119
vt 0.292272 0.857134
vt 0.294851 0.857775
vt 0.293032 0.858471
vt 0.302953 0.851993
vt 0.303488 0.854204
vt 0.303935 0.856403
vt 0.290028 0.857329
vt 0.290818 0.858261
vt 0.291491 0.859250
vt 0.289698 0.861177
vt 0.290633 0.860797
vt 0.295357 0.859500
vt 0.293529 0.859907
vt 0.297382 0.859154
vt 0.304207 0.858580
vt 0.301864 0.858695
vt 0.306514 0.858554
vt 0.291932 0.860356
vt 0.299570 0.858886
vt 0.308702 0.858636
vt 0.310805 0.859502
vt 0.308999 0.832484
vt 0.308477 0.832281
vt 0.309088 0.833488
vt 0.308213 0.833480
vt 0.310095 0.838256
vt 0.309625 0.836452
vt 0.310697 0.840212
vt 0.308749 0.840662
vt 0.308322 0.838597
vt 0.308097 0.836678
vt 0.313130 0.846570
vt 0.312248 0.844420
vt 0.314016 0.848687
vt 0.311973 0.849279
vt 0.311056 0.847179
vt 0.310161 0.845013
vt 0.309293 0.834837
vt 0.308073 0.834960
vt 0.311426 0.842284
vt 0.309377 0.842821
vt 0.314848 0.850726
vt 0.315935 0.853274
vt 0.313666 0.853848
vt 0.312822 0.851273
vt 0.306825 0.834836
vt 0.307301 0.833368
vt 0.306512 0.836654
vt 0.304725 0.836361
vt 0.305563 0.834589
vt 0.306401 0.832818
vt 0.307244 0.843196
vt 0.306714 0.840916
vt 0.308006 0.845467
vt 0.305691 0.845937
vt 0.305068 0.843491
vt 0.304446 0.841045
vt 0.310840 0.851492
vt 0.309931 0.849674
vt 0.311347 0.852960
vt 0.309827 0.852949
vt 0.308881 0.851548
vt 0.307935 0.850148
vt 0.307828 0.832364
vt 0.307668 0.831818
vt 0.306473 0.838707
vt 0.304586 0.838703
vt 0.308944 0.847646
vt 0.306813 0.848042
vt 0.385748 0.832648
vt 0.387613 0.832453
vt 0.387466 0.833670
vt 0.385974 0.833595
vt 0.389477 0.832258
vt 0.389239 0.833995
vt 0.388779 0.835470
vt 0.387198 0.834841
vt 0.385791 0.834436
vt 0.393981 0.833457
vt 0.396133 0.834850
vt 0.395121 0.836861
vt 0.393152 0.835596
vt 0.398285 0.836242
vt 0.396997 0.838365
vt 0.395786 0.840311
vt 0.394036 0.838799
vt 0.392252 0.837459
vt 0.401555 0.839905
vt 0.402525 0.841555
vt 0.401630 0.843375
vt 0.400254 0.841752
vt 0.403495 0.843205
vt 0.402828 0.844512
vt 0.402681 0.846958
vt 0.400590 0.845149
vt 0.399051 0.843591
vt 0.384441 0.833366
vt 0.384890 0.833699
vt 0.384609 0.834229
vt 0.391729 0.832858
vt 0.391163 0.834638
vt 0.390482 0.836346
vt 0.399920 0.838074
vt 0.398709 0.840039
vt 0.397453 0.841944
vt 0.384621 0.834768
vt 0.385509 0.835226
vt 0.389571 0.837908
vt 0.388067 0.836819
vt 0.391163 0.839169
vt 0.396107 0.843729
vt 0.394469 0.842122
vt 0.397710 0.845326
vt 0.386685 0.835917
vt 0.392808 0.840588
vt 0.399261 0.846831
vt 0.401204 0.848789
vt 0.403839 0.844768
vt 0.404728 0.846841
vt 0.403593 0.843187
vt 0.311126 0.853934
vt 0.309792 0.853046
vt 0.312673 0.855588
vt 0.410823 0.852582
vt 0.409496 0.853102
vt 0.406904 0.849897
vt 0.408525 0.849561
vt 0.408448 0.854200
vt 0.405441 0.850596
vt 0.311976 0.869011
vt 0.312894 0.867536
vt 0.314113 0.868988
vt 0.313111 0.870094
vt 0.313777 0.866059
vt 0.315068 0.867948
vt 0.316282 0.869757
vt 0.315348 0.870474
vt 0.314352 0.871329
vt 0.417451 0.851372
vt 0.419141 0.850989
vt 0.419534 0.852255
vt 0.418000 0.852837
vt 0.420815 0.850665
vt 0.421126 0.851634
vt 0.421438 0.852602
vt 0.420093 0.853823
vt 0.418640 0.854458
vt 0.414011 0.851927
vt 0.415726 0.851666
vt 0.416584 0.853343
vt 0.415248 0.853831
vt 0.417448 0.855051
vt 0.416410 0.855640
vt 0.320618 0.867551
vt 0.322307 0.867639
vt 0.324449 0.873228
vt 0.321994 0.870857
vt 0.327039 0.878780
vt 0.325767 0.879471
vt 0.324132 0.875642
vt 0.322552 0.873170
vt 0.416571 0.864907
vt 0.419279 0.867411
vt 0.416961 0.863212
vt 0.420046 0.866108
vt 0.422600 0.868437
vt 0.421886 0.869874
vt 0.425777 0.865716
vt 0.425776 0.868086
vt 0.424379 0.867623
vt 0.423952 0.865179
vt 0.425776 0.870457
vt 0.424276 0.869645
vt 0.422661 0.866619
vt 0.422212 0.864445
vt 0.424720 0.872174
vt 0.423541 0.871287
vt 0.423962 0.859058
vt 0.424870 0.862387
vt 0.423093 0.862270
vt 0.422026 0.859196
vt 0.421396 0.861942
vt 0.420414 0.859299
vt 0.422700 0.855830
vt 0.420974 0.856259
vt 0.419470 0.856708
vt 0.316094 0.873005
vt 0.315101 0.874193
vt 0.313211 0.872412
vt 0.318140 0.874902
vt 0.317403 0.876313
vt 0.316490 0.878037
vt 0.314033 0.875602
vt 0.311576 0.873166
vt 0.320294 0.876801
vt 0.319861 0.878467
vt 0.322375 0.878376
vt 0.322259 0.880251
vt 0.321808 0.882278
vt 0.319149 0.880158
vt 0.328107 0.881570
vt 0.326305 0.881655
vt 0.328413 0.882977
vt 0.326344 0.883182
vt 0.324206 0.879301
vt 0.324381 0.881265
vt 0.324076 0.882730
vt 0.315594 0.863389
vt 0.314665 0.864645
vt 0.312855 0.861831
vt 0.313659 0.860091
vt 0.312122 0.863812
vt 0.413955 0.854359
vt 0.412353 0.852212
vt 0.415422 0.856260
vt 0.414478 0.856955
vt 0.412739 0.854949
vt 0.683796 0.496559
vt 0.682982 0.482862
vt 0.684401 0.482779
vt 0.684995 0.496471
vt 0.681940 0.465040
vt 0.683631 0.465020
vt 0.685322 0.465000
vt 0.685769 0.482690
vt 0.686148 0.496369
vt 0.317808 0.861540
vt 0.319342 0.860759
vt 0.320761 0.863908
vt 0.319299 0.864625
vt 0.416907 0.858229
vt 0.416243 0.858894
vt 0.417615 0.857714
vt 0.418441 0.859072
vt 0.418392 0.859972
vt 0.418119 0.860832
vt 0.420188 0.862839
vt 0.420300 0.864531
vt 0.417779 0.862047
vt 0.316600 0.862385
vt 0.314644 0.858773
vt 0.315917 0.857754
vt 0.310047 0.871835
vt 0.310984 0.870419
vt 0.311991 0.871278
vt 0.310811 0.872501
vt 0.318242 0.868471
vt 0.319316 0.867893
vt 0.320415 0.870401
vt 0.319362 0.870881
vt 0.321599 0.873125
vt 0.320472 0.873363
vt 0.317239 0.869091
vt 0.318487 0.871318
vt 0.317706 0.871761
vt 0.319545 0.873424
vt 0.318657 0.873090
vt 0.309739 0.869465
vt 0.308918 0.871003
vt 0.310553 0.867794
vt 0.318101 0.865323
vt 0.317054 0.866078
vt 0.317583 0.856916
vt 0.403981 0.851745
vt 0.406615 0.854737
vt 0.412582 0.849565
vt 0.410458 0.849500
vt 0.316046 0.866966
vt 0.414780 0.849609
vt 0.416891 0.849589
vt 0.418756 0.849463
vt 0.420499 0.849283
vt 0.311351 0.865854
vt 0.413575 0.857769
vt 0.411634 0.855623
vt 0.412822 0.858525
vt 0.410906 0.856465
vt 0.415580 0.859852
vt 0.414798 0.860606
vt 0.681381 0.496818
vt 0.680124 0.483154
vt 0.681536 0.483026
vt 0.682575 0.496706
vt 0.678439 0.465520
vt 0.680189 0.465280
vt 0.419859 0.861193
vt 0.419278 0.859383
vt 0.418410 0.857200
vt 0.323071 0.876340
vt 0.321628 0.875971
vt 0.318625 0.873958
vt 0.320168 0.875186
vt 0.316935 0.872259
vt 0.408906 0.862542
vt 0.408624 0.862812
vt 0.407113 0.861339
vt 0.408341 0.861558
vt 0.406187 0.859918
vt 0.407777 0.860573
vt 0.406307 0.858654
vt 0.407926 0.859573
vt 0.407083 0.857598
vt 0.408075 0.858573
vt 0.410972 0.863649
vt 0.411791 0.865131
vt 0.410259 0.864235
vt 0.409939 0.863096
vt 0.412861 0.863276
vt 0.413915 0.864311
vt 0.412991 0.865026
vt 0.411917 0.863462
vt 0.410070 0.858239
vt 0.409387 0.856661
vt 0.410824 0.857562
vt 0.411064 0.858786
vt 0.412323 0.859047
vt 0.412058 0.859333
vt 0.408125 0.856803
vt 0.409072 0.858406
vt 0.413774 0.860657
vt 0.412630 0.860357
vt 0.414697 0.862172
vt 0.413202 0.861380
vt 0.414614 0.863375
vt 0.413031 0.862328
vt 0.679680 0.500781
vt 0.677525 0.483031
vt 0.678802 0.483130
vt 0.680265 0.496799
vt 0.675370 0.465281
vt 0.676904 0.465401
vt 0.687059 0.482505
vt 0.687231 0.496182
vt 0.686835 0.464764
vt 0.688348 0.464529
vt 0.688303 0.482398
vt 0.688277 0.496070
vt 0.697753 0.483136
vt 0.696272 0.496802
vt 0.699674 0.465410
vt 0.701209 0.465290
vt 0.699030 0.483037
vt 0.696851 0.500784
vt 0.689319 0.496193
vt 0.689536 0.482539
vt 0.689818 0.464829
vt 0.686376 0.503444
vt 0.686302 0.501919
vt 0.687301 0.501731
vt 0.687320 0.503215
vt 0.688266 0.501616
vt 0.688263 0.502986
vt 0.684225 0.503578
vt 0.684126 0.502115
vt 0.685236 0.502025
vt 0.685300 0.503511
vt 0.681993 0.503903
vt 0.681891 0.502361
vt 0.682996 0.502256
vt 0.683109 0.503740
vt 0.680041 0.503751
vt 0.679861 0.502266
vt 0.680858 0.502344
vt 0.681017 0.503827
vt 0.694534 0.503904
vt 0.694638 0.502362
vt 0.695671 0.502346
vt 0.695511 0.503829
vt 0.696669 0.502269
vt 0.696487 0.503754
vt 0.692303 0.503575
vt 0.692403 0.502117
vt 0.693533 0.502257
vt 0.693419 0.503739
vt 0.690152 0.503441
vt 0.690229 0.501920
vt 0.691294 0.502027
vt 0.691228 0.503508
vt 0.689231 0.501731
vt 0.689208 0.503213
s 1
usemtl Hen_Cock_V01
f 1/1/1 2202/2/2 3266/3/3 2205/4/4
f 2202/2/2 2/5/5 2203/6/6 3266/3/3
f 3266/3/3 2203/6/6 3/7/7 2204/8/8
f 2205/4/4 3266/3/3 2204/8/8 4/9/9
f 3/7/7 2203/6/6 3267/10/10 2208/11/11
f 2203/6/6 2/5/5 2206/12/12 3267/10/10
f 3267/10/10 2206/12/12 5/13/13 2207/14/14
f 2208/11/11 3267/10/10 2207/14/14 6/15/15
f 7/16/16 2209/17/17 3268/18/18 2212/19/19
f 2209/17/17 8/20/20 2210/21/21 3268/18/18
f 3268/18/18 2210/21/21 9/22/22 2211/23/23
f 2212/19/19 3268/18/18 2211/23/23 10/24/24
f 11/25/25 2213/26/26 3269/27/27 2215/28/28
f 2213/26/26 1/1/1 2205/4/4 3269/27/27
f 3269/27/27 2205/4/4 4/9/9 2214/29/29
f 2215/28/28 3269/27/27 2214/29/29 12/30/30
f 6/15/15 2216/31/31 3270/32/32 2218/33/33
f 2216/31/31 8/20/20 2209/17/17 3270/32/32
f 3270/32/32 2209/17/17 7/16/16 2217/34/34
f 2218/33/33 3270/32/32 2217/34/34 13/35/35
f 4/9/9 2204/8/8 3271/36/36 2221/37/37
f 2204/8/8 3/7/7 2219/38/38 3271/36/36
f 3271/36/36 2219/38/38 14/39/39 2220/40/40
f 2221/37/37 3271/36/36 2220/40/40 15/41/41
f 16/42/42 2222/43/43 3272/44/44 2225/45/45
f 2222/43/43 17/46/46 2223/47/47 3272/44/44
f 3272/44/44 2223/47/47 18/48/48 2224/49/49
f 2225/45/45 3272/44/44 2224/49/49 9/22/22
f 8/20/20 2226/50/50 3273/51/51 2210/21/21
f 2226/50/50 19/52/52 2227/53/53 3273/51/51
f 3273/51/51 2227/53/53 16/42/42 2225/45/45
f 2210/21/21 3273/51/51 2225/45/45 9/22/22
f 12/30/30 2214/29/29 3274/54/54 2229/55/55
f 2214/29/29 4/9/9 2221/37/37 3274/54/54
f 3274/54/54 2221/37/37 15/41/41 2228/56/56
f 2229/55/55 3274/54/54 2228/56/56 20/57/57
f 9/22/22 2224/49/49 3275/58/58 2211/23/23
f 2224/49/49 18/48/48 2230/59/59 3275/58/58
f 3275/58/58 2230/59/59 21/60/60 2231/61/61
f 2211/23/23 3275/58/58 2231/61/61 10/24/24
f 14/39/39 2232/62/62 3276/63/63 2235/64/64
f 2232/62/62 13/35/35 2233/65/65 3276/63/63
f 3276/63/63 2233/65/65 22/66/66 2234/67/67
f 2235/64/64 3276/63/63 2234/67/67 23/68/68
f 13/35/35 2217/34/34 3277/69/69 2233/65/65
f 2217/34/34 7/16/16 2236/70/70 3277/69/69
f 3277/69/69 2236/70/70 24/71/71 2237/72/72
f 2233/65/65 3277/69/69 2237/72/72 22/66/66
f 14/39/39 2235/64/64 3278/73/73 2220/40/40
f 2235/64/64 23/68/68 2238/74/74 3278/73/73
f 3278/73/73 2238/74/74 20/57/57 2228/56/56
f 2220/40/40 3278/73/73 2228/56/56 15/41/41
f 5/13/13 2239/75/75 3279/76/76 2207/14/14
f 2239/75/75 19/52/52 2226/50/50 3279/76/76
f 3279/76/76 2226/50/50 8/20/20 2216/31/31
f 2207/14/14 3279/76/76 2216/31/31 6/15/15
f 14/39/39 2219/38/38 3280/77/77 2232/62/62
f 2219/38/38 3/7/7 2208/11/11 3280/77/77
f 3280/77/77 2208/11/11 6/15/15 2218/33/33
f 2232/62/62 3280/77/77 2218/33/33 13/35/35
f 10/24/24 2231/61/61 3281/78/78 2212/19/19
f 2231/61/61 21/60/60 2240/79/79 3281/78/78
f 3281/78/78 2240/79/79 24/71/71 2236/70/70
f 2212/19/19 3281/78/78 2236/70/70 7/16/16
f 25/80/80 2241/81/81 3282/82/82 2244/83/83
f 2241/81/81 26/84/84 2242/85/85 3282/82/82
f 3282/82/82 2242/85/85 27/86/86 2243/87/87
f 2244/83/83 3282/82/82 2243/87/87 28/88/88
f 27/86/86 2245/89/89 3283/90/90 2243/87/87
f 2245/89/89 29/91/91 2246/92/92 3283/90/90
f 3283/90/90 2246/92/92 30/93/93 2247/94/94
f 2243/87/87 3283/90/90 2247/94/94 28/88/88
f 31/95/95 2248/96/96 3284/97/97 2251/98/98
f 2248/96/96 32/99/99 2249/100/100 3284/97/97
f 3284/97/97 2249/100/100 33/101/101 2250/102/102
f 2251/98/98 3284/97/97 2250/102/102 34/103/103
f 11/104/25 2215/105/28 3285/106/104 2253/107/105
f 2215/105/28 12/108/30 2252/109/106 3285/106/104
f 3285/106/104 2252/109/106 26/84/84 2241/81/81
f 2253/107/105 3285/106/104 2241/81/81 25/80/80
f 29/91/91 2254/110/107 3286/111/108 2256/112/109
f 2254/110/107 35/113/110 2255/114/111 3286/111/108
f 3286/111/108 2255/114/111 31/95/95 2251/98/98
f 2256/112/109 3286/111/108 2251/98/98 34/103/103
f 26/84/84 2257/115/112 3287/116/113 2242/85/85
f 2257/115/112 36/117/114 2258/118/115 3287/116/113
f 3287/116/113 2258/118/115 37/119/116 2259/120/117
f 2242/85/85 3287/116/113 2259/120/117 27/86/86
f 38/121/118 2260/122/119 3288/123/120 2262/124/121
f 2260/122/119 33/101/101 2261/125/122 3288/123/120
f 3288/123/120 2261/125/122 18/126/48 2223/127/47
f 2262/124/121 3288/123/120 2223/127/47 17/128/46
f 34/103/103 2250/102/102 3289/129/123 2264/130/124
f 2250/102/102 33/101/101 2260/122/119 3289/129/123
f 3289/129/123 2260/122/119 38/121/118 2263/131/125
f 2264/130/124 3289/129/123 2263/131/125 39/132/126
f 12/108/30 2229/133/55 3290/134/127 2252/109/106
f 2229/133/55 20/135/57 2265/136/128 3290/134/127
f 3290/134/127 2265/136/128 36/117/114 2257/115/112
f 2252/109/106 3290/134/127 2257/115/112 26/84/84
f 33/101/101 2249/100/100 3291/137/129 2261/125/122
f 2249/100/100 32/99/99 2266/138/130 3291/137/129
f 3291/137/129 2266/138/130 21/139/60 2230/140/59
f 2261/125/122 3291/137/129 2230/140/59 18/126/48
f 37/119/116 2267/141/131 3292/142/132 2269/143/133
f 2267/141/131 23/144/68 2234/145/67 3292/142/132
f 3292/142/132 2234/145/67 22/146/66 2268/147/134
f 2269/143/133 3292/142/132 2268/147/134 35/113/110
f 35/113/110 2268/147/134 3293/148/135 2255/114/111
f 2268/147/134 22/146/66 2237/149/72 3293/148/135
f 3293/148/135 2237/149/72 24/150/71 2270/151/136
f 2255/114/111 3293/148/135 2270/151/136 31/95/95
f 37/119/116 2258/118/115 3294/152/137 2267/141/131
f 2258/118/115 36/117/114 2265/136/128 3294/152/137
f 3294/152/137 2265/136/128 20/135/57 2238/153/74
f 2267/141/131 3294/152/137 2238/153/74 23/144/68
f 30/93/93 2246/92/92 3295/154/138 2271/155/139
f 2246/92/92 29/91/91 2256/112/109 3295/154/138
f 3295/154/138 2256/112/109 34/103/103 2264/130/124
f 2271/155/139 3295/154/138 2264/130/124 39/132/126
f 37/119/116 2269/143/133 3296/156/140 2259/120/117
f 2269/143/133 35/113/110 2254/110/107 3296/156/140
f 3296/156/140 2254/110/107 29/91/91 2245/89/89
f 2259/120/117 3296/156/140 2245/89/89 27/86/86
f 32/99/99 2248/96/96 3297/157/141 2266/138/130
f 2248/96/96 31/95/95 2270/151/136 3297/157/141
f 3297/157/141 2270/151/136 24/150/71 2240/158/79
f 2266/138/130 3297/157/141 2240/158/79 21/139/60
f 40/159/142 2272/160/143 3298/161/144 2275/162/145
f 2272/160/143 41/163/146 2273/164/147 3298/161/144
f 3298/161/144 2273/164/147 42/165/148 2274/166/149
f 2275/162/145 3298/161/144 2274/166/149 43/167/150
f 43/167/150 2274/166/149 3299/168/151 2278/169/152
f 2274/166/149 42/165/148 2276/170/153 3299/168/151
f 3299/168/151 2276/170/153 44/171/154 2277/172/155
f 2278/169/152 3299/168/151 2277/172/155 45/173/156
f 45/173/156 2277/172/155 3300/174/157 2281/175/158
f 2277/172/155 44/171/154 2279/176/159 3300/174/157
f 3300/174/157 2279/176/159 46/177/160 2280/178/161
f 2281/175/158 3300/174/157 2280/178/161 47/179/162
f 48/180/163 2282/181/164 3301/182/165 2285/183/166
f 2282/181/164 49/184/167 2283/185/168 3301/182/165
f 3301/182/165 2283/185/168 50/186/169 2284/187/170
f 2285/183/166 3301/182/165 2284/187/170 51/188/171
f 52/189/172 2286/190/173 3302/191/174 2288/192/175
f 2286/190/173 48/180/163 2285/183/166 3302/191/174
f 3302/191/174 2285/183/166 51/188/171 2287/193/176
f 2288/192/175 3302/191/174 2287/193/176 53/194/177
f 54/195/178 2289/196/179 3303/197/180 2291/198/181
f 2289/196/179 45/173/156 2281/175/158 3303/197/180
f 3303/197/180 2281/175/158 47/179/162 2290/199/182
f 2291/198/181 3303/197/180 2290/199/182 55/200/183
f 56/201/184 2292/202/185 3304/203/186 2293/204/187
f 2292/202/185 43/167/150 2278/169/152 3304/203/186
f 3304/203/186 2278/169/152 45/173/156 2289/196/179
f 2293/204/187 3304/203/186 2289/196/179 54/195/178
f 57/205/188 2294/206/189 3305/207/190 2295/208/191
f 2294/206/189 40/159/142 2275/162/145 3305/207/190
f 3305/207/190 2275/162/145 43/167/150 2292/202/185
f 2295/208/191 3305/207/190 2292/202/185 56/201/184
f 58/209/192 2296/210/193 3306/211/194 2298/212/195
f 59/213/196 2297/214/197 3306/211/194 2296/210/193
f 60/215/198 2298/212/195 3306/211/194 2297/214/197
f 41/163/146 2299/216/199 3307/217/200 2302/218/201
f 2299/216/199 61/219/202 2300/220/203 3307/217/200
f 3307/217/200 2300/220/203 62/221/204 2301/222/205
f 2302/218/201 3307/217/200 2301/222/205 63/223/206
f 49/184/167 2303/224/207 3308/225/208 2306/226/209
f 2303/224/207 46/177/160 2304/227/210 3308/225/208
f 3308/225/208 2304/227/210 64/228/211 2305/229/212
f 2306/226/209 3308/225/208 2305/229/212 65/230/213
f 44/171/154 2276/170/153 3309/231/214 2309/232/215
f 2276/170/153 42/165/148 2307/233/216 3309/231/214
f 3309/231/214 2307/233/216 66/234/217 2308/235/218
f 2309/232/215 3309/231/214 2308/235/218 67/236/219
f 68/237/220 2310/238/221 3310/239/222 2312/240/223
f 2310/238/221 69/241/224 2311/242/225 3310/239/222
f 3310/239/222 2311/242/225 58/209/192 2298/212/195
f 2312/240/223 3310/239/222 2298/212/195 60/215/198
f 46/177/160 2279/176/159 3311/243/226 2304/227/210
f 2279/176/159 44/171/154 2309/232/215 3311/243/226
f 3311/243/226 2309/232/215 67/236/219 2313/244/227
f 2304/227/210 3311/243/226 2313/244/227 64/228/211
f 59/213/196 2314/245/228 3312/246/229 2297/214/197
f 70/247/230 2315/248/231 3312/246/229 2314/245/228
f 60/215/198 2297/214/197 3312/246/229 2315/248/231
f 71/249/232 2316/250/233 3313/251/234 2319/252/235
f 2316/250/233 72/253/236 2317/254/237 3313/251/234
f 3313/251/234 2317/254/237 73/255/238 2318/256/239
f 2319/252/235 3313/251/234 2318/256/239 74/257/240
f 75/258/241 2320/259/242 3314/260/243 2323/261/244
f 2320/259/242 76/262/245 2321/263/246 3314/260/243
f 3314/260/243 2321/263/246 77/264/247 2322/265/248
f 2323/261/244 3314/260/243 2322/265/248 78/266/249
f 72/253/236 2324/267/250 3315/268/251 2317/254/237
f 2324/267/250 79/269/252 2325/270/253 3315/268/251
f 3315/268/251 2325/270/253 80/271/254 2326/272/255
f 2317/254/237 3315/268/251 2326/272/255 73/255/238
f 79/269/252 2327/273/256 3316/274/257 2325/270/253
f 2327/273/256 81/275/258 2328/276/259 3316/274/257
f 3316/274/257 2328/276/259 82/277/260 2329/278/261
f 2325/270/253 3316/274/257 2329/278/261 80/271/254
f 71/249/232 2330/279/262 3317/280/263 2333/281/264
f 2330/279/262 83/282/265 2331/283/266 3317/280/263
f 3317/280/263 2331/283/266 84/284/267 2332/285/268
f 2333/281/264 3317/280/263 2332/285/268 65/230/213
f 79/269/252 2324/267/250 3318/286/269 2335/287/270
f 2324/267/250 72/253/236 2334/288/271 3318/286/269
f 3318/286/269 2334/288/271 64/228/211 2313/244/227
f 2335/287/270 3318/286/269 2313/244/227 67/236/219
f 75/258/241 2336/289/272 3319/290/273 2339/291/274
f 2336/289/272 81/275/258 2337/292/275 3319/290/273
f 3319/290/273 2337/292/275 66/234/217 2338/293/276
f 2339/291/274 3319/290/273 2338/293/276 63/223/206
f 81/275/258 2327/273/256 3320/294/277 2337/292/275
f 2327/273/256 79/269/252 2335/287/270 3320/294/277
f 3320/294/277 2335/287/270 67/236/219 2308/235/218
f 2337/292/275 3320/294/277 2308/235/218 66/234/217
f 78/266/249 2322/265/248 3321/295/278 2342/296/279
f 2322/265/248 77/264/247 2340/297/280 3321/295/278
f 3321/295/278 2340/297/280 85/298/281 2341/299/282
f 2342/296/279 3321/295/278 2341/299/282 86/300/283
f 80/271/254 2329/278/261 3322/301/284 2344/302/285
f 2329/278/261 82/277/260 2343/303/286 3322/301/284
f 3322/301/284 2343/303/286 70/247/230 2314/245/228
f 2344/302/285 3322/301/284 2314/245/228 59/213/196
f 73/255/238 2326/272/255 3323/304/287 2345/305/288
f 2326/272/255 80/271/254 2344/302/285 3323/304/287
f 3323/304/287 2344/302/285 59/213/196 2296/210/193
f 2345/305/288 3323/304/287 2296/210/193 58/209/192
f 74/257/240 2318/256/239 3324/306/289 2346/307/290
f 2318/256/239 73/255/238 2345/305/288 3324/306/289
f 3324/306/289 2345/305/288 58/209/192 2311/242/225
f 2346/307/290 3324/306/289 2311/242/225 69/241/224
f 70/247/230 2347/308/291 3325/309/292 2315/248/231
f 2347/308/291 86/300/283 2341/299/282 3325/309/292
f 3325/309/292 2341/299/282 85/298/281 2348/310/293
f 2315/248/231 3325/309/292 2348/310/293 60/215/198
f 52/189/172 2288/192/175 3326/311/294 2351/312/295
f 2288/192/175 53/194/177 2349/313/296 3326/311/294
f 3326/311/294 2349/313/296 87/314/297 2350/315/298
f 2351/312/295 3326/311/294 2350/315/298 88/316/299
f 56/201/184 2293/204/187 3327/317/300 2354/318/301
f 2293/204/187 54/195/178 2352/319/302 3327/317/300
f 3327/317/300 2352/319/302 89/320/303 2353/321/304
f 2354/318/301 3327/317/300 2353/321/304 90/322/305
f 57/205/188 2295/208/191 3328/323/306 2356/324/307
f 2295/208/191 56/201/184 2354/318/301 3328/323/306
f 3328/323/306 2354/318/301 90/322/305 2355/325/308
f 2356/324/307 3328/323/306 2355/325/308 91/326/309
f 54/195/178 2291/198/181 3329/327/310 2352/319/302
f 2291/198/181 55/200/183 2357/328/311 3329/327/310
f 3329/327/310 2357/328/311 92/329/312 2358/330/313
f 2352/319/302 3329/327/310 2358/330/313 89/320/303
f 55/200/183 2359/331/314 3330/332/315 2357/328/311
f 2359/331/314 52/189/172 2351/312/295 3330/332/315
f 3330/332/315 2351/312/295 88/316/299 2360/333/316
f 2357/328/311 3330/332/315 2360/333/316 92/329/312
f 93/334/317 2361/335/318 3331/336/319 2362/337/320
f 2361/335/318 74/257/240 2346/307/290 3331/336/319
f 3331/336/319 2346/307/290 69/241/224 2310/238/221
f 2362/337/320 3331/336/319 2310/238/221 68/237/220
f 72/253/236 2316/250/233 3332/338/321 2334/288/271
f 2316/250/233 71/249/232 2333/281/264 3332/338/321
f 3332/338/321 2333/281/264 65/230/213 2305/229/212
f 2334/288/271 3332/338/321 2305/229/212 64/228/211
f 83/282/265 2330/279/262 3333/339/322 2363/340/323
f 2330/279/262 71/249/232 2319/252/235 3333/339/322
f 3333/339/322 2319/252/235 74/257/240 2361/335/318
f 2363/340/323 3333/339/322 2361/335/318 93/334/317
f 50/186/169 2283/185/168 3334/341/324 2364/342/325
f 2283/185/168 49/184/167 2306/226/209 3334/341/324
f 3334/341/324 2306/226/209 65/230/213 2332/285/268
f 2364/342/325 3334/341/324 2332/285/268 84/284/267
f 55/200/183 2290/199/182 3335/343/326 2359/331/314
f 2290/199/182 47/179/162 2365/344/327 3335/343/326
f 3335/343/326 2365/344/327 48/180/163 2286/190/173
f 2359/331/314 3335/343/326 2286/190/173 52/189/172
f 47/179/162 2280/178/161 3336/345/328 2365/344/327
f 2280/178/161 46/177/160 2303/224/207 3336/345/328
f 3336/345/328 2303/224/207 49/184/167 2282/181/164
f 2365/344/327 3336/345/328 2282/181/164 48/180/163
f 88/316/299 2366/346/329 3337/347/330 2360/333/316
f 2366/346/329 94/348/331 2367/349/332 3337/347/330
f 3337/347/330 2367/349/332 95/350/333 2368/351/334
f 2360/333/316 3337/347/330 2368/351/334 92/329/312
f 96/352/335 2369/353/336 3338/354/337 2372/355/338
f 2369/353/336 97/356/339 2370/357/340 3338/354/337
f 3338/354/337 2370/357/340 98/358/341 2371/359/342
f 2372/355/338 3338/354/337 2371/359/342 99/360/343
f 91/326/309 2373/361/344 3339/362/345 2376/363/346
f 2373/361/344 100/364/347 2374/365/348 3339/362/345
f 3339/362/345 2374/365/348 101/366/349 2375/367/350
f 2376/363/346 3339/362/345 2375/367/350 102/368/351
f 103/369/352 2377/370/353 3340/371/354 2380/372/355
f 2377/370/353 104/373/356 2378/374/357 3340/371/354
f 3340/371/354 2378/374/357 105/375/358 2379/376/359
f 2380/372/355 3340/371/354 2379/376/359 106/377/360
f 107/378/361 2381/379/362 3341/380/363 2384/381/364
f 2381/379/362 108/382/365 2382/383/366 3341/380/363
f 3341/380/363 2382/383/366 109/384/367 2383/385/368
f 2384/381/364 3341/380/363 2383/385/368 110/386/369
f 100/364/347 2385/387/370 3342/388/371 2388/389/372
f 2385/387/370 111/390/373 2386/391/374 3342/388/371
f 3342/388/371 2386/391/374 109/384/367 2387/392/375
f 2388/389/372 3342/388/371 2387/392/375 112/393/376
f 110/386/369 2383/385/368 3343/394/377 2390/395/378
f 2383/385/368 109/384/367 2386/391/374 3343/394/377
f 3343/394/377 2386/391/374 111/390/373 2389/396/379
f 2390/395/378 3343/394/377 2389/396/379 113/397/380
f 104/373/356 2391/398/381 3344/399/382 2378/374/357
f 2391/398/381 114/400/383 2392/401/384 3344/399/382
f 3344/399/382 2392/401/384 115/402/385 2393/403/386
f 2378/374/357 3344/399/382 2393/403/386 105/375/358
f 112/393/376 2387/392/375 3345/404/387 2395/405/388
f 2387/392/375 109/384/367 2382/383/366 3345/404/387
f 3345/404/387 2382/383/366 108/382/365 2394/406/389
f 2395/405/388 3345/404/387 2394/406/389 116/407/390
f 105/375/358 2393/403/386 3346/408/391 2398/409/392
f 2393/403/386 115/402/385 2396/410/393 3346/408/391
f 3346/408/391 2396/410/393 117/411/394 2397/412/395
f 2398/409/392 3346/408/391 2397/412/395 118/413/396
f 106/377/360 2379/376/359 3347/414/397 2400/415/398
f 2379/376/359 105/375/358 2398/409/392 3347/414/397
f 3347/414/397 2398/409/392 118/413/396 2399/416/399
f 2400/415/398 3347/414/397 2399/416/399 119/417/400
f 110/386/369 2401/418/401 3348/419/402 2384/381/364
f 2401/418/401 120/420/403 2402/421/404 3348/419/402
f 3348/419/402 2402/421/404 121/422/405 2403/423/406
f 2384/381/364 3348/419/402 2403/423/406 107/378/361
f 87/314/297 2404/424/407 3349/425/408 2350/315/298
f 2404/424/407 122/426/409 2405/427/410 3349/425/408
f 3349/425/408 2405/427/410 94/348/331 2366/346/329
f 2350/315/298 3349/425/408 2366/346/329 88/316/299
f 123/428/411 2406/429/412 3350/430/413 2408/431/414
f 2406/429/412 124/432/415 2407/433/416 3350/430/413
f 3350/430/413 2407/433/416 107/378/361 2403/423/406
f 2408/431/414 3350/430/413 2403/423/406 121/422/405
f 125/434/417 2409/435/418 3351/436/419 2412/437/420
f 2409/435/418 126/438/421 2410/439/422 3351/436/419
f 3351/436/419 2410/439/422 127/440/423 2411/441/424
f 2412/437/420 3351/436/419 2411/441/424 128/442/425
f 121/422/405 2413/443/426 3352/444/427 2408/431/414
f 2413/443/426 125/434/417 2412/437/420 3352/444/427
f 3352/444/427 2412/437/420 128/442/425 2414/445/428
f 2408/431/414 3352/444/427 2414/445/428 123/428/411
f 116/407/390 2394/406/389 3353/446/429 2417/447/430
f 2394/406/389 108/382/365 2415/448/431 3353/446/429
f 3353/446/429 2415/448/431 129/449/432 2416/450/433
f 2417/447/430 3353/446/429 2416/450/433 130/451/434
f 124/432/415 2406/429/412 3354/452/435 2420/453/436
f 2406/429/412 123/428/411 2418/454/437 3354/452/435
f 3354/452/435 2418/454/437 131/455/438 2419/456/439
f 2420/453/436 3354/452/435 2419/456/439 132/457/440
f 128/442/425 2411/441/424 3355/458/441 2423/459/442
f 2411/441/424 127/440/423 2421/460/443 3355/458/441
f 3355/458/441 2421/460/443 133/461/444 2422/462/445
f 2423/459/442 3355/458/441 2422/462/445 134/463/446
f 123/428/411 2414/445/428 3356/464/447 2418/454/437
f 2414/445/428 128/442/425 2423/459/442 3356/464/447
f 3356/464/447 2423/459/442 134/463/446 2424/465/448
f 2418/454/437 3356/464/447 2424/465/448 131/455/438
f 129/449/432 2425/466/449 3357/467/450 2427/468/451
f 2425/466/449 124/432/415 2420/453/436 3357/467/450
f 3357/467/450 2420/453/436 132/457/440 2426/469/452
f 2427/468/451 3357/467/450 2426/469/452 135/470/453
f 130/451/434 2416/450/433 3358/471/454 2429/472/455
f 2416/450/433 129/449/432 2427/468/451 3358/471/454
f 3358/471/454 2427/468/451 135/470/453 2428/473/456
f 2429/472/455 3358/471/454 2428/473/456 136/474/457
f 132/457/440 2419/456/439 3359/475/458 2431/476/459
f 131/455/438 2430/477/460 3359/475/458 2419/456/439
f 137/478/461 2431/476/459 3359/475/458 2430/477/460
f 134/463/446 2422/462/445 3360/479/462 2433/480/463
f 133/461/444 2432/481/464 3360/479/462 2422/462/445
f 137/478/461 2433/480/463 3360/479/462 2432/481/464
f 131/455/438 2424/465/448 3361/482/465 2430/477/460
f 134/463/446 2433/480/463 3361/482/465 2424/465/448
f 137/478/461 2430/477/460 3361/482/465 2433/480/463
f 135/470/453 2426/469/452 3362/483/466 2434/484/467
f 132/457/440 2431/476/459 3362/483/466 2426/469/452
f 137/478/461 2434/484/467 3362/483/466 2431/476/459
f 138/485/468 2435/486/469 3363/487/470 2436/488/471
f 2435/486/469 136/474/457 2428/473/456 3363/487/470
f 3363/487/470 2428/473/456 135/470/453 2434/484/467
f 2436/488/471 3363/487/470 2434/484/467 137/478/461
f 114/400/383 2391/398/381 3364/489/472 2438/490/473
f 2391/398/381 104/373/356 2437/491/474 3364/489/472
f 3364/489/472 2437/491/474 94/492/331 2405/493/410
f 2438/490/473 3364/489/472 2405/493/410 122/494/409
f 104/373/356 2377/370/353 3365/495/475 2437/491/474
f 2377/370/353 103/369/352 2439/496/476 3365/495/475
f 3365/495/475 2439/496/476 95/497/333 2367/498/332
f 2437/491/474 3365/495/475 2367/498/332 94/492/331
f 103/369/352 2380/372/355 3366/499/477 2439/496/476
f 2380/372/355 106/377/360 2440/500/478 3366/499/477
f 3366/499/477 2440/500/478 120/501/403 2441/502/479
f 2439/496/476 3366/499/477 2441/502/479 95/497/333
f 115/402/385 2392/401/384 3367/503/480 2443/504/481
f 2392/401/384 114/400/383 2438/490/473 3367/503/480
f 3367/503/480 2438/490/473 122/494/409 2442/505/482
f 2443/504/481 3367/503/480 2442/505/482 139/506/483
f 118/413/396 2397/412/395 3368/507/484 2445/508/485
f 2397/412/395 117/411/394 2444/509/486 3368/507/484
f 3368/507/484 2444/509/486 126/510/421 2409/511/418
f 2445/508/485 3368/507/484 2409/511/418 125/512/417
f 119/417/400 2399/416/399 3369/513/487 2446/514/488
f 2399/416/399 118/413/396 2445/508/485 3369/513/487
f 3369/513/487 2445/508/485 125/512/417 2413/515/426
f 2446/514/488 3369/513/487 2413/515/426 121/516/405
f 117/411/394 2396/410/393 3370/517/489 2444/509/486
f 2396/410/393 115/402/385 2443/504/481 3370/517/489
f 3370/517/489 2443/504/481 139/506/483 2447/518/490
f 2444/509/486 3370/517/489 2447/518/490 126/510/421
f 106/377/360 2400/415/398 3371/519/491 2440/500/478
f 2400/415/398 119/417/400 2446/514/488 3371/519/491
f 3371/519/491 2446/514/488 121/516/405 2402/520/404
f 2440/500/478 3371/519/491 2402/520/404 120/501/403
f 140/521/492 2448/522/493 3372/523/494 2451/524/495
f 2448/522/493 141/525/496 2449/526/497 3372/523/494
f 3372/523/494 2449/526/497 142/527/498 2450/528/499
f 2451/524/495 3372/523/494 2450/528/499 143/529/500
f 113/397/380 2452/530/501 3373/531/502 2390/395/378
f 2452/530/501 95/532/333 2441/533/479 3373/531/502
f 3373/531/502 2441/533/479 120/420/403 2401/418/401
f 2390/395/378 3373/531/502 2401/418/401 110/386/369
f 107/378/361 2407/433/416 3374/534/503 2381/379/362
f 2407/433/416 124/432/415 2425/466/449 3374/534/503
f 3374/534/503 2425/466/449 129/449/432 2415/448/431
f 2381/379/362 3374/534/503 2415/448/431 108/382/365
f 143/529/500 2450/528/499 3375/535/504 2455/536/505
f 2450/528/499 142/527/498 2453/537/506 3375/535/504
f 3375/535/504 2453/537/506 96/352/335 2454/538/507
f 2455/536/505 3375/535/504 2454/538/507 144/539/508
f 96/352/335 2453/537/506 3376/540/509 2369/353/336
f 2453/537/506 142/527/498 2456/541/510 3376/540/509
f 3376/540/509 2456/541/510 145/542/511 2457/543/512
f 2369/353/336 3376/540/509 2457/543/512 97/356/339
f 146/544/513 2458/545/514 3377/546/515 2459/547/516
f 2458/545/514 140/521/492 2451/524/495 3377/546/515
f 3377/546/515 2451/524/495 143/529/500 2455/536/505
f 2459/547/516 3377/546/515 2455/536/505 144/539/508
f 141/525/496 2460/548/517 3378/549/518 2449/526/497
f 2460/548/517 147/550/519 2461/551/520 3378/549/518
f 3378/549/518 2461/551/520 145/542/511 2456/541/510
f 2449/526/497 3378/549/518 2456/541/510 142/527/498
f 147/550/519 2462/552/521 3379/553/522 2461/551/520
f 2462/552/521 148/554/523 2463/555/524 3379/553/522
f 3379/553/522 2463/555/524 97/356/339 2457/543/512
f 2461/551/520 3379/553/522 2457/543/512 145/542/511
f 146/544/513 2459/547/516 3380/556/525 2466/557/526
f 2459/547/516 144/539/508 2464/558/527 3380/556/525
f 3380/556/525 2464/558/527 149/559/528 2465/560/529
f 2466/557/526 3380/556/525 2465/560/529 150/561/530
f 151/562/531 2467/563/532 3381/564/533 2470/565/534
f 2467/563/532 152/566/535 2468/567/536 3381/564/533
f 3381/564/533 2468/567/536 153/568/537 2469/569/538
f 2470/565/534 3381/564/533 2469/569/538 154/570/539
f 155/571/540 2471/572/541 3382/573/542 2474/574/543
f 2471/572/541 156/575/544 2472/576/545 3382/573/542
f 3382/573/542 2472/576/545 157/577/546 2473/578/547
f 2474/574/543 3382/573/542 2473/578/547 158/579/548
f 113/580/380 2389/581/379 3383/582/549 2477/583/550
f 2389/581/379 111/584/373 2475/585/551 3383/582/549
f 3383/582/549 2475/585/551 159/586/552 2476/587/553
f 2477/583/550 3383/582/549 2476/587/553 156/575/544
f 148/554/523 2478/588/554 3384/589/555 2481/590/556
f 2478/588/554 95/591/333 2479/592/557 3384/589/555
f 3384/589/555 2479/592/557 155/571/540 2480/593/558
f 2481/590/556 3384/589/555 2480/593/558 160/594/559
f 95/591/333 2452/595/501 3385/596/560 2479/592/557
f 2452/595/501 113/580/380 2477/583/550 3385/596/560
f 3385/596/560 2477/583/550 156/575/544 2471/572/541
f 2479/592/557 3385/596/560 2471/572/541 155/571/540
f 144/539/508 2454/538/507 3386/597/561 2464/558/527
f 2454/538/507 96/352/335 2372/355/338 3386/597/561
f 3386/597/561 2372/355/338 99/360/343 2482/598/562
f 2464/558/527 3386/597/561 2482/598/562 149/559/528
f 153/568/537 2483/599/563 3387/600/564 2469/569/538
f 2483/599/563 161/601/565 2484/602/566 3387/600/564
f 3387/600/564 2484/602/566 162/603/567 2485/604/568
f 2469/569/538 3387/600/564 2485/604/568 154/570/539
f 161/601/565 2486/605/569 3388/606/570 2484/602/566
f 2486/605/569 163/607/571 2487/608/572 3388/606/570
f 3388/606/570 2487/608/572 164/609/573 2488/610/574
f 2484/602/566 3388/606/570 2488/610/574 162/603/567
f 160/594/559 2480/593/558 3389/611/575 2490/612/576
f 2480/593/558 155/571/540 2474/574/543 3389/611/575
f 3389/611/575 2474/574/543 158/579/548 2489/613/577
f 2490/612/576 3389/611/575 2489/613/577 165/614/578
f 150/561/530 2465/560/529 3390/615/579 2493/616/580
f 2465/560/529 149/559/528 2491/617/581 3390/615/579
f 3390/615/579 2491/617/581 166/618/582 2492/619/583
f 2493/616/580 3390/615/579 2492/619/583 167/620/584
f 168/621/585 2494/622/586 3391/623/587 2496/624/588
f 169/625/589 2495/626/590 3391/623/587 2494/622/586
f 170/627/591 2496/624/588 3391/623/587 2495/626/590
f 170/627/591 2495/626/590 3392/628/592 2498/629/593
f 169/625/589 2497/630/594 3392/628/592 2495/626/590
f 171/631/595 2498/629/593 3392/628/592 2497/630/594
f 156/575/544 2476/587/553 3393/632/596 2472/576/545
f 2476/587/553 159/586/552 2499/633/597 3393/632/596
f 3393/632/596 2499/633/597 172/634/598 2500/635/599
f 2472/576/545 3393/632/596 2500/635/599 157/577/546
f 173/636/600 2501/637/601 3394/638/602 2503/639/603
f 2501/637/601 174/640/604 2502/641/605 3394/638/602
f 3394/638/602 2502/641/605 164/609/573 2487/608/572
f 2503/639/603 3394/638/602 2487/608/572 163/607/571
f 174/640/604 2504/642/606 3395/643/607 2502/641/605
f 175/644/608 2505/645/609 3395/643/607 2504/642/606
f 164/609/573 2502/641/605 3395/643/607 2505/645/609
f 164/609/573 2505/645/609 3396/646/610 2488/610/574
f 175/644/608 2506/647/611 3396/646/610 2505/645/609
f 162/603/567 2488/610/574 3396/646/610 2506/647/611
f 159/648/552 2507/649/612 3397/650/613 2499/651/597
f 2507/649/612 150/561/530 2493/616/580 3397/650/613
f 3397/650/613 2493/616/580 167/620/584 2508/652/614
f 2499/651/597 3397/650/613 2508/652/614 172/653/598
f 98/358/341 2509/654/615 3398/655/616 2511/656/617
f 2509/654/615 160/594/559 2490/612/576 3398/655/616
f 3398/655/616 2490/612/576 165/614/578 2510/657/618
f 2511/656/617 3398/655/616 2510/657/618 176/658/619
f 152/566/535 2512/659/620 3399/660/621 2468/567/536
f 2512/659/620 177/661/622 2513/662/623 3399/660/621
f 3399/660/621 2513/662/623 178/663/624 2514/664/625
f 2468/567/536 3399/660/621 2514/664/625 153/568/537
f 149/559/528 2482/598/562 3400/665/626 2491/617/581
f 2482/598/562 99/360/343 2515/666/627 3400/665/626
f 3400/665/626 2515/666/627 179/667/628 2516/668/629
f 2491/617/581 3400/665/626 2516/668/629 166/618/582
f 175/644/608 2517/669/630 3401/670/631 2506/647/611
f 2517/669/630 151/562/531 2470/565/534 3401/670/631
f 3401/670/631 2470/565/534 154/570/539 2485/604/568
f 2506/647/611 3401/670/631 2485/604/568 162/603/567
f 168/671/585 2518/672/632 3402/673/633 2494/674/586
f 2518/672/632 173/636/600 2503/639/603 3402/673/633
f 3402/673/633 2503/639/603 163/607/571 2519/675/634
f 2494/674/586 3402/673/633 2519/675/634 169/676/589
f 171/677/595 2497/678/594 3403/679/635 2520/680/636
f 2497/678/594 169/676/589 2519/675/634 3403/679/635
f 3403/679/635 2519/675/634 163/607/571 2486/605/569
f 2520/680/636 3403/679/635 2486/605/569 161/601/565
f 178/663/624 2521/681/637 3404/682/638 2514/664/625
f 2521/681/637 171/677/595 2520/680/636 3404/682/638
f 3404/682/638 2520/680/636 161/601/565 2483/599/563
f 2514/664/625 3404/682/638 2483/599/563 153/568/537
f 97/356/339 2463/555/524 3405/683/639 2370/357/340
f 2463/555/524 148/554/523 2481/590/556 3405/683/639
f 3405/683/639 2481/590/556 160/594/559 2509/654/615
f 2370/357/340 3405/683/639 2509/654/615 98/358/341
f 99/360/343 2371/359/342 3406/684/640 2515/666/627
f 2371/359/342 98/358/341 2511/656/617 3406/684/640
f 3406/684/640 2511/656/617 176/658/619 2522/685/641
f 2515/666/627 3406/684/640 2522/685/641 179/667/628
f 111/686/373 2523/687/642 3407/688/643 2475/689/551
f 2523/687/642 146/544/513 2466/557/526 3407/688/643
f 3407/688/643 2466/557/526 150/561/530 2507/649/612
f 2475/689/551 3407/688/643 2507/649/612 159/648/552
f 92/690/312 2368/691/334 3408/692/644 2524/693/645
f 2368/691/334 95/591/333 2478/588/554 3408/692/644
f 3408/692/644 2478/588/554 148/554/523 2462/552/521
f 2524/693/645 3408/692/644 2462/552/521 147/550/519
f 89/694/303 2358/695/313 3409/696/646 2525/697/647
f 2358/695/313 92/690/312 2524/693/645 3409/696/646
f 3409/696/646 2524/693/645 147/550/519 2460/548/517
f 2525/697/647 3409/696/646 2460/548/517 141/525/496
f 111/686/373 2526/698/648 3410/699/649 2523/687/642
f 2526/698/648 90/700/305 2527/701/650 3410/699/649
f 3410/699/649 2527/701/650 140/521/492 2458/545/514
f 2523/687/642 3410/699/649 2458/545/514 146/544/513
f 90/700/305 2353/702/304 3411/703/651 2527/701/650
f 2353/702/304 89/694/303 2525/697/647 3411/703/651
f 3411/703/651 2525/697/647 141/525/496 2448/522/493
f 2527/701/650 3411/703/651 2448/522/493 140/521/492
f 168/621/585 2496/624/588 3412/704/652 2529/705/653
f 2496/624/588 170/627/591 2528/706/654 3412/704/652
f 3412/704/652 2528/706/654 157/577/546 2500/635/599
f 2529/705/653 3412/704/652 2500/635/599 172/634/598
f 175/644/608 2504/642/606 3413/707/655 2531/708/656
f 2504/642/606 174/640/604 2530/709/657 3413/707/655
f 3413/707/655 2530/709/657 166/618/582 2516/668/629
f 2531/708/656 3413/707/655 2516/668/629 179/667/628
f 173/636/600 2518/672/632 3414/710/658 2532/711/659
f 2518/672/632 168/671/585 2529/712/653 3414/710/658
f 3414/710/658 2529/712/653 172/653/598 2508/652/614
f 2532/711/659 3414/710/658 2508/652/614 167/620/584
f 170/627/591 2533/713/660 3415/714/661 2528/706/654
f 2533/713/660 177/661/622 2534/715/662 3415/714/661
f 3415/714/661 2534/715/662 158/579/548 2473/578/547
f 2528/706/654 3415/714/661 2473/578/547 157/577/546
f 152/566/535 2467/563/532 3416/716/663 2536/717/664
f 2467/563/532 151/562/531 2535/718/665 3416/716/663
f 3416/716/663 2535/718/665 176/658/619 2510/657/618
f 2536/717/664 3416/716/663 2510/657/618 165/614/578
f 151/562/531 2517/669/630 3417/719/666 2535/718/665
f 2517/669/630 175/644/608 2531/708/656 3417/719/666
f 3417/719/666 2531/708/656 179/667/628 2522/685/641
f 2535/718/665 3417/719/666 2522/685/641 176/658/619
f 174/640/604 2501/637/601 3418/720/667 2530/709/657
f 2501/637/601 173/636/600 2532/711/659 3418/720/667
f 3418/720/667 2532/711/659 167/620/584 2492/619/583
f 2530/709/657 3418/720/667 2492/619/583 166/618/582
f 177/661/622 2512/659/620 3419/721/668 2534/715/662
f 2512/659/620 152/566/535 2536/717/664 3419/721/668
f 3419/721/668 2536/717/664 165/614/578 2489/613/577
f 2534/715/662 3419/721/668 2489/613/577 158/579/548
f 177/661/622 2533/713/660 3420/722/669 2513/662/623
f 2533/713/660 170/627/591 2498/629/593 3420/722/669
f 3420/722/669 2498/629/593 171/631/595 2521/723/637
f 2513/662/623 3420/722/669 2521/723/637 178/663/624
f 180/724/670 2537/725/671 3421/726/672 2538/727/673
f 2537/725/671 130/451/434 2429/472/455 3421/726/672
f 3421/726/672 2429/472/455 136/474/457 2435/486/469
f 2538/727/673 3421/726/672 2435/486/469 138/485/468
f 181/728/674 2539/729/675 3422/730/676 2540/731/677
f 2539/729/675 116/407/390 2417/447/430 3422/730/676
f 3422/730/676 2417/447/430 130/451/434 2537/725/671
f 2540/731/677 3422/730/676 2537/725/671 180/724/670
f 182/732/678 2541/733/679 3423/734/680 2542/735/681
f 2541/733/679 112/393/376 2395/405/388 3423/734/680
f 3423/734/680 2395/405/388 116/407/390 2539/729/675
f 2542/735/681 3423/734/680 2539/729/675 181/728/674
f 101/366/349 2374/365/348 3424/736/682 2543/737/683
f 2374/365/348 100/364/347 2388/389/372 3424/736/682
f 3424/736/682 2388/389/372 112/393/376 2541/733/679
f 2543/737/683 3424/736/682 2541/733/679 182/732/678
f 90/322/305 2526/738/648 3425/739/684 2355/325/308
f 2526/738/648 111/390/373 2385/387/370 3425/739/684
f 3425/739/684 2385/387/370 100/364/347 2373/361/344
f 2355/325/308 3425/739/684 2373/361/344 91/326/309
f 183/740/685 2544/741/686 3426/742/687 2545/743/688
f 2544/741/686 57/205/188 2356/324/307 3426/742/687
f 3426/742/687 2356/324/307 91/326/309 2376/363/346
f 2545/743/688 3426/742/687 2376/363/346 102/368/351
f 82/277/260 2546/744/689 3427/745/690 2343/303/286
f 2546/744/689 78/266/249 2342/296/279 3427/745/690
f 3427/745/690 2342/296/279 86/300/283 2347/308/291
f 2343/303/286 3427/745/690 2347/308/291 70/247/230
f 76/262/245 2320/259/242 3428/746/691 2547/747/692
f 2320/259/242 75/258/241 2339/291/274 3428/746/691
f 3428/746/691 2339/291/274 63/223/206 2301/222/205
f 2547/747/692 3428/746/691 2301/222/205 62/221/204
f 81/275/258 2336/289/272 3429/748/693 2328/276/259
f 2336/289/272 75/258/241 2323/261/244 3429/748/693
f 3429/748/693 2323/261/244 78/266/249 2546/744/689
f 2328/276/259 3429/748/693 2546/744/689 82/277/260
f 42/165/148 2273/164/147 3430/749/694 2307/233/216
f 2273/164/147 41/163/146 2302/218/201 3430/749/694
f 3430/749/694 2302/218/201 63/223/206 2338/293/276
f 2307/233/216 3430/749/694 2338/293/276 66/234/217
f 183/740/685 2548/750/695 3431/751/696 2544/741/686
f 2548/750/695 184/752/697 2549/753/698 3431/751/696
f 3431/751/696 2549/753/698 40/159/142 2294/206/189
f 2544/741/686 3431/751/696 2294/206/189 57/205/188
f 184/752/697 2550/754/699 3432/755/700 2549/753/698
f 2550/754/699 61/219/202 2299/216/199 3432/755/700
f 3432/755/700 2299/216/199 41/163/146 2272/160/143
f 2549/753/698 3432/755/700 2272/160/143 40/159/142
f 185/756/701 2551/757/702 3433/758/703 2554/759/704
f 2551/757/702 186/760/705 2552/761/706 3433/758/703
f 3433/758/703 2552/761/706 187/762/707 2553/763/708
f 2554/759/704 3433/758/703 2553/763/708 188/764/709
f 186/760/705 2555/765/710 3434/766/711 2552/761/706
f 2555/765/710 189/767/712 2556/768/713 3434/766/711
f 3434/766/711 2556/768/713 190/769/714 2557/770/715
f 2552/761/706 3434/766/711 2557/770/715 187/762/707
f 189/767/712 2558/771/716 3435/772/717 2556/768/713
f 2558/771/716 191/773/718 2559/774/719 3435/772/717
f 3435/772/717 2559/774/719 192/775/720 2560/776/721
f 2556/768/713 3435/772/717 2560/776/721 190/769/714
f 193/777/722 2561/778/723 3436/779/724 2563/780/725
f 2561/778/723 51/781/171 2284/782/170 3436/779/724
f 3436/779/724 2284/782/170 50/783/169 2562/784/726
f 2563/780/725 3436/779/724 2562/784/726 194/785/727
f 195/786/728 2564/787/729 3437/788/730 2565/789/731
f 2564/787/729 53/790/177 2287/791/176 3437/788/730
f 3437/788/730 2287/791/176 51/781/171 2561/778/723
f 2565/789/731 3437/788/730 2561/778/723 193/777/722
f 196/792/732 2566/793/733 3438/794/734 2568/795/735
f 2566/793/733 197/796/736 2567/797/737 3438/794/734
f 3438/794/734 2567/797/737 191/773/718 2558/771/716
f 2568/795/735 3438/794/734 2558/771/716 189/767/712
f 198/798/738 2569/799/739 3439/800/740 2570/801/741
f 2569/799/739 196/792/732 2568/795/735 3439/800/740
f 3439/800/740 2568/795/735 189/767/712 2555/765/710
f 2570/801/741 3439/800/740 2555/765/710 186/760/705
f 199/802/742 2571/803/743 3440/804/744 2572/805/745
f 2571/803/743 198/798/738 2570/801/741 3440/804/744
f 3440/804/744 2570/801/741 186/760/705 2551/757/702
f 2572/805/745 3440/804/744 2551/757/702 185/756/701
f 200/806/746 2573/807/747 3441/808/748 2575/809/749
f 60/810/198 2574/811/750 3441/808/748 2573/807/747
f 201/812/751 2575/809/749 3441/808/748 2574/811/750
f 188/764/709 2576/813/752 3442/814/753 2578/815/754
f 2576/813/752 202/816/755 2577/817/756 3442/814/753
f 3442/814/753 2577/817/756 62/818/204 2300/819/203
f 2578/815/754 3442/814/753 2300/819/203 61/820/202
f 194/785/727 2579/821/757 3443/822/758 2582/823/759
f 2579/821/757 203/824/760 2580/825/761 3443/822/758
f 3443/822/758 2580/825/761 204/826/762 2581/827/763
f 2582/823/759 3443/822/758 2581/827/763 192/775/720
f 190/769/714 2583/828/764 3444/829/765 2557/770/715
f 2583/828/764 205/830/766 2584/831/767 3444/829/765
f 3444/829/765 2584/831/767 206/832/768 2585/833/769
f 2557/770/715 3444/829/765 2585/833/769 187/762/707
f 68/834/220 2312/835/223 3445/836/770 2587/837/771
f 2312/835/223 60/810/198 2573/807/747 3445/836/770
f 3445/836/770 2573/807/747 200/806/746 2586/838/772
f 2587/837/771 3445/836/770 2586/838/772 207/839/773
f 192/775/720 2581/827/763 3446/840/774 2560/776/721
f 2581/827/763 204/826/762 2588/841/775 3446/840/774
f 3446/840/774 2588/841/775 205/830/766 2583/828/764
f 2560/776/721 3446/840/774 2583/828/764 190/769/714
f 201/812/751 2574/811/750 3447/842/776 2590/843/777
f 60/810/198 2589/844/778 3447/842/776 2574/811/750
f 208/845/779 2590/843/777 3447/842/776 2589/844/778
f 209/846/780 2591/847/781 3448/848/782 2594/849/783
f 2591/847/781 210/850/784 2592/851/785 3448/848/782
f 3448/848/782 2592/851/785 211/852/786 2593/853/787
f 2594/849/783 3448/848/782 2593/853/787 212/854/788
f 213/855/789 2595/856/790 3449/857/791 2597/858/792
f 2595/856/790 214/859/793 2596/860/794 3449/857/791
f 3449/857/791 2596/860/794 77/861/247 2321/862/246
f 2597/858/792 3449/857/791 2321/862/246 76/863/245
f 212/854/788 2593/853/787 3450/864/795 2600/865/796
f 2593/853/787 211/852/786 2598/866/797 3450/864/795
f 3450/864/795 2598/866/797 215/867/798 2599/868/799
f 2600/865/796 3450/864/795 2599/868/799 216/869/800
f 216/869/800 2599/868/799 3451/870/801 2603/871/802
f 2599/868/799 215/867/798 2601/872/803 3451/870/801
f 3451/870/801 2601/872/803 217/873/804 2602/874/805
f 2603/871/802 3451/870/801 2602/874/805 218/875/806
f 209/846/780 2604/876/807 3452/877/808 2606/878/809
f 2604/876/807 203/824/760 2605/879/810 3452/877/808
f 3452/877/808 2605/879/810 84/880/267 2331/881/266
f 2606/878/809 3452/877/808 2331/881/266 83/882/265
f 216/869/800 2607/883/811 3453/884/812 2600/865/796
f 2607/883/811 205/830/766 2588/841/775 3453/884/812
f 3453/884/812 2588/841/775 204/826/762 2608/885/813
f 2600/865/796 3453/884/812 2608/885/813 212/854/788
f 213/855/789 2609/886/814 3454/887/815 2612/888/816
f 2609/886/814 202/816/755 2610/889/817 3454/887/815
f 3454/887/815 2610/889/817 206/832/768 2611/890/818
f 2612/888/816 3454/887/815 2611/890/818 218/875/806
f 218/875/806 2611/890/818 3455/891/819 2603/871/802
f 2611/890/818 206/832/768 2584/831/767 3455/891/819
f 3455/891/819 2584/831/767 205/830/766 2607/883/811
f 2603/871/802 3455/891/819 2607/883/811 216/869/800
f 214/859/793 2613/892/820 3456/893/821 2596/860/794
f 2613/892/820 219/894/822 2614/895/823 3456/893/821
f 3456/893/821 2614/895/823 85/896/281 2340/897/280
f 2596/860/794 3456/893/821 2340/897/280 77/861/247
f 215/867/798 2615/898/824 3457/899/825 2601/872/803
f 2615/898/824 201/812/751 2590/843/777 3457/899/825
f 3457/899/825 2590/843/777 208/845/779 2616/900/826
f 2601/872/803 3457/899/825 2616/900/826 217/873/804
f 211/852/786 2617/901/827 3458/902/828 2598/866/797
f 2617/901/827 200/806/746 2575/809/749 3458/902/828
f 3458/902/828 2575/809/749 201/812/751 2615/898/824
f 2598/866/797 3458/902/828 2615/898/824 215/867/798
f 210/850/784 2618/903/829 3459/904/830 2592/851/785
f 2618/903/829 207/839/773 2586/838/772 3459/904/830
f 3459/904/830 2586/838/772 200/806/746 2617/901/827
f 2592/851/785 3459/904/830 2617/901/827 211/852/786
f 208/845/779 2589/844/778 3460/905/831 2619/906/832
f 2589/844/778 60/810/198 2348/907/293 3460/905/831
f 3460/905/831 2348/907/293 85/896/281 2614/895/823
f 2619/906/832 3460/905/831 2614/895/823 219/894/822
f 195/786/728 2620/908/833 3461/909/834 2564/787/729
f 2620/908/833 220/910/835 2621/911/836 3461/909/834
f 3461/909/834 2621/911/836 87/912/297 2349/913/296
f 2564/787/729 3461/909/834 2349/913/296 53/790/177
f 198/798/738 2622/914/837 3462/915/838 2569/799/739
f 2622/914/837 221/916/839 2623/917/840 3462/915/838
f 3462/915/838 2623/917/840 222/918/841 2624/919/842
f 2569/799/739 3462/915/838 2624/919/842 196/792/732
f 199/802/742 2625/920/843 3463/921/844 2571/803/743
f 2625/920/843 223/922/845 2626/923/846 3463/921/844
f 3463/921/844 2626/923/846 221/916/839 2622/914/837
f 2571/803/743 3463/921/844 2622/914/837 198/798/738
f 196/792/732 2624/919/842 3464/924/847 2566/793/733
f 2624/919/842 222/918/841 2627/925/848 3464/924/847
f 3464/924/847 2627/925/848 224/926/849 2628/927/850
f 2566/793/733 3464/924/847 2628/927/850 197/796/736
f 197/796/736 2628/927/850 3465/928/851 2630/929/852
f 2628/927/850 224/926/849 2629/930/853 3465/928/851
f 3465/928/851 2629/930/853 220/910/835 2620/908/833
f 2630/929/852 3465/928/851 2620/908/833 195/786/728
f 93/931/317 2362/932/320 3466/933/854 2631/934/855
f 2362/932/320 68/834/220 2587/837/771 3466/933/854
f 3466/933/854 2587/837/771 207/839/773 2618/903/829
f 2631/934/855 3466/933/854 2618/903/829 210/850/784
f 212/854/788 2608/885/813 3467/935/856 2594/849/783
f 2608/885/813 204/826/762 2580/825/761 3467/935/856
f 3467/935/856 2580/825/761 203/824/760 2604/876/807
f 2594/849/783 3467/935/856 2604/876/807 209/846/780
f 83/882/265 2363/936/323 3468/937/857 2606/878/809
f 2363/936/323 93/931/317 2631/934/855 3468/937/857
f 3468/937/857 2631/934/855 210/850/784 2591/847/781
f 2606/878/809 3468/937/857 2591/847/781 209/846/780
f 50/783/169 2364/938/325 3469/939/858 2562/784/726
f 2364/938/325 84/880/267 2605/879/810 3469/939/858
f 3469/939/858 2605/879/810 203/824/760 2579/821/757
f 2562/784/726 3469/939/858 2579/821/757 194/785/727
f 197/796/736 2630/929/852 3470/940/859 2567/797/737
f 2630/929/852 195/786/728 2565/789/731 3470/940/859
f 3470/940/859 2565/789/731 193/777/722 2632/941/860
f 2567/797/737 3470/940/859 2632/941/860 191/773/718
f 191/773/718 2632/941/860 3471/942/861 2559/774/719
f 2632/941/860 193/777/722 2563/780/725 3471/942/861
f 3471/942/861 2563/780/725 194/785/727 2582/823/759
f 2559/774/719 3471/942/861 2582/823/759 192/775/720
f 220/910/835 2629/930/853 3472/943/862 2635/944/863
f 2629/930/853 224/926/849 2633/945/864 3472/943/862
f 3472/943/862 2633/945/864 225/946/865 2634/947/866
f 2635/944/863 3472/943/862 2634/947/866 226/948/867
f 227/949/868 2636/950/869 3473/951/870 2639/952/871
f 2636/950/869 228/953/872 2637/954/873 3473/951/870
f 3473/951/870 2637/954/873 229/955/874 2638/956/875
f 2639/952/871 3473/951/870 2638/956/875 230/957/876
f 223/922/845 2640/958/877 3474/959/878 2642/960/879
f 2640/958/877 102/961/351 2375/962/350 3474/959/878
f 3474/959/878 2375/962/350 101/963/349 2641/964/880
f 2642/960/879 3474/959/878 2641/964/880 231/965/881
f 232/966/882 2643/967/883 3475/968/884 2646/969/885
f 2643/967/883 233/970/886 2644/971/887 3475/968/884
f 3475/968/884 2644/971/887 234/972/888 2645/973/889
f 2646/969/885 3475/968/884 2645/973/889 235/974/890
f 236/975/891 2647/976/892 3476/977/893 2650/978/894
f 2647/976/892 237/979/895 2648/980/896 3476/977/893
f 3476/977/893 2648/980/896 238/981/897 2649/982/898
f 2650/978/894 3476/977/893 2649/982/898 239/983/899
f 231/965/881 2651/984/900 3477/985/901 2654/986/902
f 2651/984/900 240/987/903 2652/988/904 3477/985/901
f 3477/985/901 2652/988/904 238/981/897 2653/989/905
f 2654/986/902 3477/985/901 2653/989/905 241/990/906
f 237/979/895 2655/991/907 3478/992/908 2648/980/896
f 2655/991/907 242/993/909 2656/994/910 3478/992/908
f 3478/992/908 2656/994/910 241/990/906 2653/989/905
f 2648/980/896 3478/992/908 2653/989/905 238/981/897
f 235/974/890 2645/973/889 3479/995/911 2659/996/912
f 2645/973/889 234/972/888 2657/997/913 3479/995/911
f 3479/995/911 2657/997/913 243/998/914 2658/999/915
f 2659/996/912 3479/995/911 2658/999/915 244/1000/916
f 240/987/903 2660/1001/917 3480/1002/918 2652/988/904
f 2660/1001/917 245/1003/919 2661/1004/920 3480/1002/918
f 3480/1002/918 2661/1004/920 239/983/899 2649/982/898
f 2652/988/904 3480/1002/918 2649/982/898 238/981/897
f 234/972/888 2662/1005/921 3481/1006/922 2657/997/913
f 2662/1005/921 246/1007/923 2663/1008/924 3481/1006/922
f 3481/1006/922 2663/1008/924 247/1009/925 2664/1010/926
f 2657/997/913 3481/1006/922 2664/1010/926 243/998/914
f 233/970/886 2665/1011/927 3482/1012/928 2644/971/887
f 2665/1011/927 248/1013/929 2666/1014/930 3482/1012/928
f 3482/1012/928 2666/1014/930 246/1007/923 2662/1005/921
f 2644/971/887 3482/1012/928 2662/1005/921 234/972/888
f 237/979/895 2647/976/892 3483/1015/931 2669/1016/932
f 2647/976/892 236/975/891 2667/1017/933 3483/1015/931
f 3483/1015/931 2667/1017/933 249/1018/934 2668/1019/935
f 2669/1016/932 3483/1015/931 2668/1019/935 250/1020/936
f 87/912/297 2621/911/836 3484/1021/937 2404/1022/407
f 2621/911/836 220/910/835 2635/944/863 3484/1021/937
f 3484/1021/937 2635/944/863 226/948/867 2670/1023/938
f 2404/1022/407 3484/1021/937 2670/1023/938 122/1024/409
f 251/1025/939 2671/1026/940 3485/1027/941 2673/1028/942
f 2671/1026/940 249/1018/934 2667/1017/933 3485/1027/941
f 3485/1027/941 2667/1017/933 236/975/891 2672/1029/943
f 2673/1028/942 3485/1027/941 2672/1029/943 252/1030/944
f 253/1031/945 2674/1032/946 3486/1033/947 2676/1034/948
f 2674/1032/946 254/1035/949 2675/1036/950 3486/1033/947
f 3486/1033/947 2675/1036/950 127/440/423 2410/439/422
f 2676/1034/948 3486/1033/947 2410/439/422 126/438/421
f 249/1018/934 2671/1026/940 3487/1037/951 2678/1038/952
f 2671/1026/940 251/1025/939 2677/1039/953 3487/1037/951
f 3487/1037/951 2677/1039/953 254/1035/949 2674/1032/946
f 2678/1038/952 3487/1037/951 2674/1032/946 253/1031/945
f 245/1003/919 2679/1040/954 3488/1041/955 2661/1004/920
f 2679/1040/954 255/1042/956 2680/1043/957 3488/1041/955
f 3488/1041/955 2680/1043/957 256/1044/958 2681/1045/959
f 2661/1004/920 3488/1041/955 2681/1045/959 239/983/899
f 252/1030/944 2682/1046/960 3489/1047/961 2673/1028/942
f 2682/1046/960 257/1048/962 2683/1049/963 3489/1047/961
f 3489/1047/961 2683/1049/963 258/1050/964 2684/1051/965
f 2673/1028/942 3489/1047/961 2684/1051/965 251/1025/939
f 254/1035/949 2685/1052/966 3490/1053/967 2675/1036/950
f 2685/1052/966 259/1054/968 2686/1055/969 3490/1053/967
f 3490/1053/967 2686/1055/969 133/461/444 2421/460/443
f 2675/1036/950 3490/1053/967 2421/460/443 127/440/423
f 251/1025/939 2684/1051/965 3491/1056/970 2677/1039/953
f 2684/1051/965 258/1050/964 2687/1057/971 3491/1056/970
f 3491/1056/970 2687/1057/971 259/1054/968 2685/1052/966
f 2677/1039/953 3491/1056/970 2685/1052/966 254/1035/949
f 256/1044/958 2688/1058/972 3492/1059/973 2690/1060/974
f 2688/1058/972 260/1061/975 2689/1062/976 3492/1059/973
f 3492/1059/973 2689/1062/976 257/1048/962 2682/1046/960
f 2690/1060/974 3492/1059/973 2682/1046/960 252/1030/944
f 255/1042/956 2691/1063/977 3493/1064/978 2680/1043/957
f 2691/1063/977 261/1065/979 2692/1066/980 3493/1064/978
f 3493/1064/978 2692/1066/980 260/1061/975 2688/1058/972
f 2680/1043/957 3493/1064/978 2688/1058/972 256/1044/958
f 257/1048/962 2693/1067/981 3494/1068/982 2683/1049/963
f 137/478/461 2694/1069/983 3494/1068/982 2693/1067/981
f 258/1050/964 2683/1049/963 3494/1068/982 2694/1069/983
f 259/1054/968 2695/1070/984 3495/1071/985 2686/1055/969
f 137/478/461 2432/481/464 3495/1071/985 2695/1070/984
f 133/461/444 2686/1055/969 3495/1071/985 2432/481/464
f 258/1050/964 2694/1069/983 3496/1072/986 2687/1057/971
f 137/478/461 2695/1070/984 3496/1072/986 2694/1069/983
f 259/1054/968 2687/1057/971 3496/1072/986 2695/1070/984
f 260/1061/975 2696/1073/987 3497/1074/988 2689/1062/976
f 137/478/461 2693/1067/981 3497/1074/988 2696/1073/987
f 257/1048/962 2689/1062/976 3497/1074/988 2693/1067/981
f 138/1075/468 2436/1076/471 3498/1077/989 2697/1078/990
f 2436/1076/471 137/478/461 2696/1073/987 3498/1077/989
f 3498/1077/989 2696/1073/987 260/1061/975 2692/1066/980
f 2697/1078/990 3498/1077/989 2692/1066/980 261/1065/979
f 244/1000/916 2698/1079/991 3499/1080/992 2659/996/912
f 2698/1079/991 122/1081/409 2670/1082/938 3499/1080/992
f 3499/1080/992 2670/1082/938 226/1083/867 2699/1084/993
f 2659/996/912 3499/1080/992 2699/1084/993 235/974/890
f 235/974/890 2699/1084/993 3500/1085/994 2646/969/885
f 2699/1084/993 226/1083/867 2634/1086/866 3500/1085/994
f 3500/1085/994 2634/1086/866 225/1087/865 2700/1088/995
f 2646/969/885 3500/1085/994 2700/1088/995 232/966/882
f 232/966/882 2700/1088/995 3501/1089/996 2643/967/883
f 2700/1088/995 225/1087/865 2701/1090/997 3501/1089/996
f 3501/1089/996 2701/1090/997 250/1091/936 2702/1092/998
f 2643/967/883 3501/1089/996 2702/1092/998 233/970/886
f 243/998/914 2703/1093/999 3502/1094/1000 2658/999/915
f 2703/1093/999 139/1095/483 2442/1096/482 3502/1094/1000
f 3502/1094/1000 2442/1096/482 122/1081/409 2698/1079/991
f 2658/999/915 3502/1094/1000 2698/1079/991 244/1000/916
f 246/1007/923 2704/1097/1001 3503/1098/1002 2663/1008/924
f 2704/1097/1001 253/1099/945 2676/1100/948 3503/1098/1002
f 3503/1098/1002 2676/1100/948 126/1101/421 2705/1102/1003
f 2663/1008/924 3503/1098/1002 2705/1102/1003 247/1009/925
f 248/1013/929 2706/1103/1004 3504/1104/1005 2666/1014/930
f 2706/1103/1004 249/1105/934 2678/1106/952 3504/1104/1005
f 3504/1104/1005 2678/1106/952 253/1099/945 2704/1097/1001
f 2666/1014/930 3504/1104/1005 2704/1097/1001 246/1007/923
f 247/1009/925 2705/1102/1003 3505/1107/1006 2664/1010/926
f 2705/1102/1003 126/1101/421 2447/1108/490 3505/1107/1006
f 3505/1107/1006 2447/1108/490 139/1095/483 2703/1093/999
f 2664/1010/926 3505/1107/1006 2703/1093/999 243/998/914
f 233/970/886 2702/1092/998 3506/1109/1007 2665/1011/927
f 2702/1092/998 250/1091/936 2668/1110/935 3506/1109/1007
f 3506/1109/1007 2668/1110/935 249/1105/934 2706/1103/1004
f 2665/1011/927 3506/1109/1007 2706/1103/1004 248/1013/929
f 262/1111/1008 2707/1112/1009 3507/1113/1010 2710/1114/1011
f 2707/1112/1009 263/1115/1012 2708/1116/1013 3507/1113/1010
f 3507/1113/1010 2708/1116/1013 264/1117/1014 2709/1118/1015
f 2710/1114/1011 3507/1113/1010 2709/1118/1015 265/1119/1016
f 242/993/909 2655/991/907 3508/1120/1017 2711/1121/1018
f 2655/991/907 237/979/895 2669/1016/932 3508/1120/1017
f 3508/1120/1017 2669/1016/932 250/1020/936 2701/1122/997
f 2711/1121/1018 3508/1120/1017 2701/1122/997 225/1123/865
f 236/975/891 2650/978/894 3509/1124/1019 2672/1029/943
f 2650/978/894 239/983/899 2681/1045/959 3509/1124/1019
f 3509/1124/1019 2681/1045/959 256/1044/958 2690/1060/974
f 2672/1029/943 3509/1124/1019 2690/1060/974 252/1030/944
f 263/1115/1012 2712/1125/1020 3510/1126/1021 2708/1116/1013
f 2712/1125/1020 266/1127/1022 2713/1128/1023 3510/1126/1021
f 3510/1126/1021 2713/1128/1023 227/949/868 2714/1129/1024
f 2708/1116/1013 3510/1126/1021 2714/1129/1024 264/1117/1014
f 227/949/868 2639/952/871 3511/1130/1025 2714/1129/1024
f 2639/952/871 230/957/876 2715/1131/1026 3511/1130/1025
f 3511/1130/1025 2715/1131/1026 267/1132/1027 2716/1133/1028
f 2714/1129/1024 3511/1130/1025 2716/1133/1028 264/1117/1014
f 268/1134/1029 2717/1135/1030 3512/1136/1031 2718/1137/1032
f 2717/1135/1030 266/1127/1022 2712/1125/1020 3512/1136/1031
f 3512/1136/1031 2712/1125/1020 263/1115/1012 2707/1112/1009
f 2718/1137/1032 3512/1136/1031 2707/1112/1009 262/1111/1008
f 265/1119/1016 2709/1118/1015 3513/1138/1033 2720/1139/1034
f 2709/1118/1015 264/1117/1014 2716/1133/1028 3513/1138/1033
f 3513/1138/1033 2716/1133/1028 267/1132/1027 2719/1140/1035
f 2720/1139/1034 3513/1138/1033 2719/1140/1035 269/1141/1036
f 269/1141/1036 2719/1140/1035 3514/1142/1037 2722/1143/1038
f 2719/1140/1035 267/1132/1027 2715/1131/1026 3514/1142/1037
f 3514/1142/1037 2715/1131/1026 230/957/876 2721/1144/1039
f 2722/1143/1038 3514/1142/1037 2721/1144/1039 270/1145/1040
f 268/1134/1029 2723/1146/1041 3515/1147/1042 2717/1135/1030
f 2723/1146/1041 271/1148/1043 2724/1149/1044 3515/1147/1042
f 3515/1147/1042 2724/1149/1044 272/1150/1045 2725/1151/1046
f 2717/1135/1030 3515/1147/1042 2725/1151/1046 266/1127/1022
f 273/1152/1047 2726/1153/1048 3516/1154/1049 2729/1155/1050
f 2726/1153/1048 274/1156/1051 2727/1157/1052 3516/1154/1049
f 3516/1154/1049 2727/1157/1052 275/1158/1053 2728/1159/1054
f 2729/1155/1050 3516/1154/1049 2728/1159/1054 276/1160/1055
f 277/1161/1056 2730/1162/1057 3517/1163/1058 2733/1164/1059
f 2730/1162/1057 278/1165/1060 2731/1166/1061 3517/1163/1058
f 3517/1163/1058 2731/1166/1061 279/1167/1062 2732/1168/1063
f 2733/1164/1059 3517/1163/1058 2732/1168/1063 280/1169/1064
f 242/1170/909 2734/1171/1065 3518/1172/1066 2656/1173/910
f 2734/1171/1065 280/1169/1064 2735/1174/1067 3518/1172/1066
f 3518/1172/1066 2735/1174/1067 281/1175/1068 2736/1176/1069
f 2656/1173/910 3518/1172/1066 2736/1176/1069 241/1177/906
f 270/1145/1040 2737/1178/1070 3519/1179/1071 2740/1180/1072
f 2737/1178/1070 282/1181/1073 2738/1182/1074 3519/1179/1071
f 3519/1179/1071 2738/1182/1074 277/1161/1056 2739/1183/1075
f 2740/1180/1072 3519/1179/1071 2739/1183/1075 225/1184/865
f 225/1184/865 2739/1183/1075 3520/1185/1076 2711/1186/1018
f 2739/1183/1075 277/1161/1056 2733/1164/1059 3520/1185/1076
f 3520/1185/1076 2733/1164/1059 280/1169/1064 2734/1171/1065
f 2711/1186/1018 3520/1185/1076 2734/1171/1065 242/1170/909
f 266/1127/1022 2725/1151/1046 3521/1187/1077 2713/1128/1023
f 2725/1151/1046 272/1150/1045 2741/1188/1078 3521/1187/1077
f 3521/1187/1077 2741/1188/1078 228/953/872 2636/950/869
f 2713/1128/1023 3521/1187/1077 2636/950/869 227/949/868
f 275/1158/1053 2727/1157/1052 3522/1189/1079 2744/1190/1080
f 2727/1157/1052 274/1156/1051 2742/1191/1081 3522/1189/1079
f 3522/1189/1079 2742/1191/1081 283/1192/1082 2743/1193/1083
f 2744/1190/1080 3522/1189/1079 2743/1193/1083 284/1194/1084
f 284/1194/1084 2743/1193/1083 3523/1195/1085 2747/1196/1086
f 2743/1193/1083 283/1192/1082 2745/1197/1087 3523/1195/1085
f 3523/1195/1085 2745/1197/1087 285/1198/1088 2746/1199/1089
f 2747/1196/1086 3523/1195/1085 2746/1199/1089 286/1200/1090
f 282/1181/1073 2748/1201/1091 3524/1202/1092 2738/1182/1074
f 2748/1201/1091 287/1203/1093 2749/1204/1094 3524/1202/1092
f 3524/1202/1092 2749/1204/1094 278/1165/1060 2730/1162/1057
f 2738/1182/1074 3524/1202/1092 2730/1162/1057 277/1161/1056
f 271/1148/1043 2750/1205/1095 3525/1206/1096 2724/1149/1044
f 2750/1205/1095 288/1207/1097 2751/1208/1098 3525/1206/1096
f 3525/1206/1096 2751/1208/1098 289/1209/1099 2752/1210/1100
f 2724/1149/1044 3525/1206/1096 2752/1210/1100 272/1150/1045
f 290/1211/1101 2753/1212/1102 3526/1213/1103 2755/1214/1104
f 291/1215/1105 2754/1216/1106 3526/1213/1103 2753/1212/1102
f 292/1217/1107 2755/1214/1104 3526/1213/1103 2754/1216/1106
f 291/1215/1105 2756/1218/1108 3527/1219/1109 2754/1216/1106
f 293/1220/1110 2757/1221/1111 3527/1219/1109 2756/1218/1108
f 292/1217/1107 2754/1216/1106 3527/1219/1109 2757/1221/1111
f 280/1169/1064 2732/1168/1063 3528/1222/1112 2735/1174/1067
f 2732/1168/1063 279/1167/1062 2758/1223/1113 3528/1222/1112
f 3528/1222/1112 2758/1223/1113 294/1224/1114 2759/1225/1115
f 2735/1174/1067 3528/1222/1112 2759/1225/1115 281/1175/1068
f 295/1226/1116 2760/1227/1117 3529/1228/1118 2762/1229/1119
f 2760/1227/1117 286/1200/1090 2746/1199/1089 3529/1228/1118
f 3529/1228/1118 2746/1199/1089 285/1198/1088 2761/1230/1120
f 2762/1229/1119 3529/1228/1118 2761/1230/1120 296/1231/1121
f 296/1231/1121 2761/1230/1120 3530/1232/1122 2764/1233/1123
f 285/1198/1088 2763/1234/1124 3530/1232/1122 2761/1230/1120
f 297/1235/1125 2764/1233/1123 3530/1232/1122 2763/1234/1124
f 297/1235/1125 2763/1234/1124 3531/1236/1126 2765/1237/1127
f 285/1198/1088 2745/1197/1087 3531/1236/1126 2763/1234/1124
f 283/1192/1082 2765/1237/1127 3531/1236/1126 2745/1197/1087
f 281/1238/1068 2759/1239/1115 3532/1240/1128 2767/1241/1129
f 2759/1239/1115 294/1242/1114 2766/1243/1130 3532/1240/1128
f 3532/1240/1128 2766/1243/1130 288/1207/1097 2750/1205/1095
f 2767/1241/1129 3532/1240/1128 2750/1205/1095 271/1148/1043
f 229/955/874 2768/1244/1131 3533/1245/1132 2770/1246/1133
f 2768/1244/1131 298/1247/1134 2769/1248/1135 3533/1245/1132
f 3533/1245/1132 2769/1248/1135 287/1203/1093 2748/1201/1091
f 2770/1246/1133 3533/1245/1132 2748/1201/1091 282/1181/1073
f 276/1160/1055 2728/1159/1054 3534/1249/1136 2773/1250/1137
f 2728/1159/1054 275/1158/1053 2771/1251/1138 3534/1249/1136
f 3534/1249/1136 2771/1251/1138 299/1252/1139 2772/1253/1140
f 2773/1250/1137 3534/1249/1136 2772/1253/1140 300/1254/1141
f 272/1150/1045 2752/1210/1100 3535/1255/1142 2741/1188/1078
f 2752/1210/1100 289/1209/1099 2774/1256/1143 3535/1255/1142
f 3535/1255/1142 2774/1256/1143 301/1257/1144 2775/1258/1145
f 2741/1188/1078 3535/1255/1142 2775/1258/1145 228/953/872
f 297/1235/1125 2765/1237/1127 3536/1259/1146 2776/1260/1147
f 2765/1237/1127 283/1192/1082 2742/1191/1081 3536/1259/1146
f 3536/1259/1146 2742/1191/1081 274/1156/1051 2726/1153/1048
f 2776/1260/1147 3536/1259/1146 2726/1153/1048 273/1152/1047
f 290/1261/1101 2755/1262/1104 3537/1263/1148 2778/1264/1149
f 2755/1262/1104 292/1265/1107 2777/1266/1150 3537/1263/1148
f 3537/1263/1148 2777/1266/1150 286/1200/1090 2760/1227/1117
f 2778/1264/1149 3537/1263/1148 2760/1227/1117 295/1226/1116
f 293/1267/1110 2779/1268/1151 3538/1269/1152 2757/1270/1111
f 2779/1268/1151 284/1194/1084 2747/1196/1086 3538/1269/1152
f 3538/1269/1152 2747/1196/1086 286/1200/1090 2777/1266/1150
f 2757/1270/1111 3538/1269/1152 2777/1266/1150 292/1265/1107
f 299/1252/1139 2771/1251/1138 3539/1271/1153 2780/1272/1154
f 2771/1251/1138 275/1158/1053 2744/1190/1080 3539/1271/1153
f 3539/1271/1153 2744/1190/1080 284/1194/1084 2779/1268/1151
f 2780/1272/1154 3539/1271/1153 2779/1268/1151 293/1267/1110
f 230/957/876 2638/956/875 3540/1273/1155 2721/1144/1039
f 2638/956/875 229/955/874 2770/1246/1133 3540/1273/1155
f 3540/1273/1155 2770/1246/1133 282/1181/1073 2737/1178/1070
f 2721/1144/1039 3540/1273/1155 2737/1178/1070 270/1145/1040
f 228/953/872 2775/1258/1145 3541/1274/1156 2637/954/873
f 2775/1258/1145 301/1257/1144 2781/1275/1157 3541/1274/1156
f 3541/1274/1156 2781/1275/1157 298/1247/1134 2768/1244/1131
f 2637/954/873 3541/1274/1156 2768/1244/1131 229/955/874
f 241/1276/906 2736/1277/1069 3542/1278/1158 2782/1279/1159
f 2736/1277/1069 281/1238/1068 2767/1241/1129 3542/1278/1158
f 3542/1278/1158 2767/1241/1129 271/1148/1043 2723/1146/1041
f 2782/1279/1159 3542/1278/1158 2723/1146/1041 268/1134/1029
f 224/1280/849 2783/1281/1160 3543/1282/1161 2633/1283/864
f 2783/1281/1160 269/1141/1036 2722/1143/1038 3543/1282/1161
f 3543/1282/1161 2722/1143/1038 270/1145/1040 2740/1180/1072
f 2633/1283/864 3543/1282/1161 2740/1180/1072 225/1184/865
f 222/1284/841 2784/1285/1162 3544/1286/1163 2627/1287/848
f 2784/1285/1162 265/1119/1016 2720/1139/1034 3544/1286/1163
f 3544/1286/1163 2720/1139/1034 269/1141/1036 2783/1281/1160
f 2627/1287/848 3544/1286/1163 2783/1281/1160 224/1280/849
f 241/1276/906 2782/1279/1159 3545/1288/1164 2786/1289/1165
f 2782/1279/1159 268/1134/1029 2718/1137/1032 3545/1288/1164
f 3545/1288/1164 2718/1137/1032 262/1111/1008 2785/1290/1166
f 2786/1289/1165 3545/1288/1164 2785/1290/1166 221/1291/839
f 221/1291/839 2785/1290/1166 3546/1292/1167 2623/1293/840
f 2785/1290/1166 262/1111/1008 2710/1114/1011 3546/1292/1167
f 3546/1292/1167 2710/1114/1011 265/1119/1016 2784/1285/1162
f 2623/1293/840 3546/1292/1167 2784/1285/1162 222/1284/841
f 290/1211/1101 2787/1294/1168 3547/1295/1169 2753/1212/1102
f 2787/1294/1168 294/1224/1114 2758/1223/1113 3547/1295/1169
f 3547/1295/1169 2758/1223/1113 279/1167/1062 2788/1296/1170
f 2753/1212/1102 3547/1295/1169 2788/1296/1170 291/1215/1105
f 297/1235/1125 2789/1297/1171 3548/1298/1172 2764/1233/1123
f 2789/1297/1171 301/1257/1144 2774/1256/1143 3548/1298/1172
f 3548/1298/1172 2774/1256/1143 289/1209/1099 2790/1299/1173
f 2764/1233/1123 3548/1298/1172 2790/1299/1173 296/1231/1121
f 295/1226/1116 2791/1300/1174 3549/1301/1175 2778/1264/1149
f 2791/1300/1174 288/1207/1097 2766/1243/1130 3549/1301/1175
f 3549/1301/1175 2766/1243/1130 294/1242/1114 2787/1302/1168
f 2778/1264/1149 3549/1301/1175 2787/1302/1168 290/1261/1101
f 291/1215/1105 2788/1296/1170 3550/1303/1176 2793/1304/1177
f 2788/1296/1170 279/1167/1062 2731/1166/1061 3550/1303/1176
f 3550/1303/1176 2731/1166/1061 278/1165/1060 2792/1305/1178
f 2793/1304/1177 3550/1303/1176 2792/1305/1178 300/1254/1141
f 276/1160/1055 2794/1306/1179 3551/1307/1180 2729/1155/1050
f 2794/1306/1179 287/1203/1093 2769/1248/1135 3551/1307/1180
f 3551/1307/1180 2769/1248/1135 298/1247/1134 2795/1308/1181
f 2729/1155/1050 3551/1307/1180 2795/1308/1181 273/1152/1047
f 273/1152/1047 2795/1308/1181 3552/1309/1182 2776/1260/1147
f 2795/1308/1181 298/1247/1134 2781/1275/1157 3552/1309/1182
f 3552/1309/1182 2781/1275/1157 301/1257/1144 2789/1297/1171
f 2776/1260/1147 3552/1309/1182 2789/1297/1171 297/1235/1125
f 296/1231/1121 2790/1299/1173 3553/1310/1183 2762/1229/1119
f 2790/1299/1173 289/1209/1099 2751/1208/1098 3553/1310/1183
f 3553/1310/1183 2751/1208/1098 288/1207/1097 2791/1300/1174
f 2762/1229/1119 3553/1310/1183 2791/1300/1174 295/1226/1116
f 300/1254/1141 2792/1305/1178 3554/1311/1184 2773/1250/1137
f 2792/1305/1178 278/1165/1060 2749/1204/1094 3554/1311/1184
f 3554/1311/1184 2749/1204/1094 287/1203/1093 2794/1306/1179
f 2773/1250/1137 3554/1311/1184 2794/1306/1179 276/1160/1055
f 300/1254/1141 2772/1253/1140 3555/1312/1185 2793/1304/1177
f 2772/1253/1140 299/1252/1139 2780/1313/1154 3555/1312/1185
f 3555/1312/1185 2780/1313/1154 293/1220/1110 2756/1218/1108
f 2793/1304/1177 3555/1312/1185 2756/1218/1108 291/1215/1105
f 180/1314/670 2538/1315/673 3556/1316/1186 2796/1317/1187
f 2538/1315/673 138/1075/468 2697/1078/990 3556/1316/1186
f 3556/1316/1186 2697/1078/990 261/1065/979 2691/1063/977
f 2796/1317/1187 3556/1316/1186 2691/1063/977 255/1042/956
f 181/1318/674 2540/1319/677 3557/1320/1188 2797/1321/1189
f 2540/1319/677 180/1314/670 2796/1317/1187 3557/1320/1188
f 3557/1320/1188 2796/1317/1187 255/1042/956 2679/1040/954
f 2797/1321/1189 3557/1320/1188 2679/1040/954 245/1003/919
f 182/1322/678 2542/1323/681 3558/1324/1190 2798/1325/1191
f 2542/1323/681 181/1318/674 2797/1321/1189 3558/1324/1190
f 3558/1324/1190 2797/1321/1189 245/1003/919 2660/1001/917
f 2798/1325/1191 3558/1324/1190 2660/1001/917 240/987/903
f 101/963/349 2543/1326/683 3559/1327/1192 2641/964/880
f 2543/1326/683 182/1322/678 2798/1325/1191 3559/1327/1192
f 3559/1327/1192 2798/1325/1191 240/987/903 2651/984/900
f 2641/964/880 3559/1327/1192 2651/984/900 231/965/881
f 221/916/839 2626/923/846 3560/1328/1193 2786/1329/1165
f 2626/923/846 223/922/845 2642/960/879 3560/1328/1193
f 3560/1328/1193 2642/960/879 231/965/881 2654/986/902
f 2786/1329/1165 3560/1328/1193 2654/986/902 241/990/906
f 183/1330/685 2545/1331/688 3561/1332/1194 2799/1333/1195
f 2545/1331/688 102/961/351 2640/958/877 3561/1332/1194
f 3561/1332/1194 2640/958/877 223/922/845 2625/920/843
f 2799/1333/1195 3561/1332/1194 2625/920/843 199/802/742
f 217/873/804 2616/900/826 3562/1334/1196 2800/1335/1197
f 2616/900/826 208/845/779 2619/906/832 3562/1334/1196
f 3562/1334/1196 2619/906/832 219/894/822 2613/892/820
f 2800/1335/1197 3562/1334/1196 2613/892/820 214/859/793
f 76/863/245 2547/1336/692 3563/1337/1198 2597/858/792
f 2547/1336/692 62/818/204 2577/817/756 3563/1337/1198
f 3563/1337/1198 2577/817/756 202/816/755 2609/886/814
f 2597/858/792 3563/1337/1198 2609/886/814 213/855/789
f 218/875/806 2602/874/805 3564/1338/1199 2612/888/816
f 2602/874/805 217/873/804 2800/1335/1197 3564/1338/1199
f 3564/1338/1199 2800/1335/1197 214/859/793 2595/856/790
f 2612/888/816 3564/1338/1199 2595/856/790 213/855/789
f 187/762/707 2585/833/769 3565/1339/1200 2553/763/708
f 2585/833/769 206/832/768 2610/889/817 3565/1339/1200
f 3565/1339/1200 2610/889/817 202/816/755 2576/813/752
f 2553/763/708 3565/1339/1200 2576/813/752 188/764/709
f 183/1330/685 2799/1333/1195 3566/1340/1201 2548/1341/695
f 2799/1333/1195 199/802/742 2572/805/745 3566/1340/1201
f 3566/1340/1201 2572/805/745 185/756/701 2801/1342/1202
f 2548/1341/695 3566/1340/1201 2801/1342/1202 184/1343/697
f 184/1343/697 2801/1342/1202 3567/1344/1203 2550/1345/699
f 2801/1342/1202 185/756/701 2554/759/704 3567/1344/1203
f 3567/1344/1203 2554/759/704 188/764/709 2578/815/754
f 2550/1345/699 3567/1344/1203 2578/815/754 61/820/202
f 354/1346/1204 2802/1347/1205 3568/1348/1206 2805/1349/1207
f 2802/1347/1205 353/1350/1208 2803/1351/1209 3568/1348/1206
f 3568/1348/1206 2803/1351/1209 302/1352/1210 2804/1353/1211
f 2805/1349/1207 3568/1348/1206 2804/1353/1211 303/1354/1212
f 359/1355/1213 2806/1356/1214 3569/1357/1215 2809/1358/1216
f 2806/1356/1214 358/1359/1217 2807/1360/1218 3569/1357/1215
f 3569/1357/1215 2807/1360/1218 307/1361/1219 2808/1362/1220
f 2809/1358/1216 3569/1357/1215 2808/1362/1220 308/1363/1221
f 357/1364/1222 2810/1365/1223 3570/1366/1224 2813/1367/1225
f 2810/1365/1223 356/1368/1226 2811/1369/1227 3570/1366/1224
f 3570/1366/1224 2811/1369/1227 305/1370/1228 2812/1371/1229
f 2813/1367/1225 3570/1366/1224 2812/1371/1229 306/1372/1230
f 355/1373/1231 2814/1374/1232 3571/1375/1233 2816/1376/1234
f 2814/1374/1232 354/1346/1204 2805/1349/1207 3571/1375/1233
f 3571/1375/1233 2805/1349/1207 303/1354/1212 2815/1377/1235
f 2816/1376/1234 3571/1375/1233 2815/1377/1235 304/1378/1236
f 353/1350/1208 2817/1379/1237 3572/1380/1238 2803/1351/1209
f 352/1381/1239 2818/1382/1240 3572/1380/1238 2817/1379/1237
f 302/1352/1210 2803/1351/1209 3572/1380/1238 2818/1382/1240
f 351/1383/1241 2819/1384/1242 3573/1385/1243 2820/1386/1244
f 359/1355/1213 2809/1358/1216 3573/1385/1243 2819/1384/1242
f 308/1363/1221 2820/1386/1244 3573/1385/1243 2809/1358/1216
f 358/1359/1217 2821/1387/1245 3574/1388/1246 2807/1360/1218
f 2821/1387/1245 357/1364/1222 2813/1367/1225 3574/1388/1246
f 3574/1388/1246 2813/1367/1225 306/1372/1230 2822/1389/1247
f 2807/1360/1218 3574/1388/1246 2822/1389/1247 307/1361/1219
f 356/1368/1226 2823/1390/1248 3575/1391/1249 2811/1369/1227
f 2823/1390/1248 355/1373/1231 2816/1376/1234 3575/1391/1249
f 3575/1391/1249 2816/1376/1234 304/1378/1236 2824/1392/1250
f 2811/1369/1227 3575/1391/1249 2824/1392/1250 305/1370/1228
f 306/1372/1230 2812/1371/1229 3576/1393/1251 2827/1394/1252
f 2812/1371/1229 305/1370/1228 2825/1395/1253 3576/1393/1251
f 3576/1393/1251 2825/1395/1253 312/1396/1254 2826/1397/1255
f 2827/1394/1252 3576/1393/1251 2826/1397/1255 313/1398/1256
f 304/1378/1236 2815/1377/1235 3577/1399/1257 2830/1400/1258
f 2815/1377/1235 303/1354/1212 2828/1401/1259 3577/1399/1257
f 3577/1399/1257 2828/1401/1259 310/1402/1260 2829/1403/1261
f 2830/1400/1258 3577/1399/1257 2829/1403/1261 311/1404/1262
f 302/1352/1210 2818/1382/1240 3578/1405/1263 2832/1406/1264
f 352/1381/1239 2831/1407/1265 3578/1405/1263 2818/1382/1240
f 309/1408/1266 2832/1406/1264 3578/1405/1263 2831/1407/1265
f 351/1383/1241 2820/1386/1244 3579/1409/1267 2834/1410/1268
f 308/1363/1221 2833/1411/1269 3579/1409/1267 2820/1386/1244
f 315/1412/1270 2834/1410/1268 3579/1409/1267 2833/1411/1269
f 307/1361/1219 2822/1389/1247 3580/1413/1271 2836/1414/1272
f 2822/1389/1247 306/1372/1230 2827/1394/1252 3580/1413/1271
f 3580/1413/1271 2827/1394/1252 313/1398/1256 2835/1415/1273
f 2836/1414/1272 3580/1413/1271 2835/1415/1273 314/1416/1274
f 305/1370/1228 2824/1392/1250 3581/1417/1275 2825/1395/1253
f 2824/1392/1250 304/1378/1236 2830/1400/1258 3581/1417/1275
f 3581/1417/1275 2830/1400/1258 311/1404/1262 2837/1418/1276
f 2825/1395/1253 3581/1417/1275 2837/1418/1276 312/1396/1254
f 303/1354/1212 2804/1353/1211 3582/1419/1277 2828/1401/1259
f 2804/1353/1211 302/1352/1210 2832/1406/1264 3582/1419/1277
f 3582/1419/1277 2832/1406/1264 309/1408/1266 2838/1420/1278
f 2828/1401/1259 3582/1419/1277 2838/1420/1278 310/1402/1260
f 308/1363/1221 2808/1362/1220 3583/1421/1279 2833/1411/1269
f 2808/1362/1220 307/1361/1219 2836/1414/1272 3583/1421/1279
f 3583/1421/1279 2836/1414/1272 314/1416/1274 2839/1422/1280
f 2833/1411/1269 3583/1421/1279 2839/1422/1280 315/1412/1270
f 351/1383/1241 2834/1410/1268 3584/1423/1281 2841/1424/1282
f 315/1412/1270 2840/1425/1283 3584/1423/1281 2834/1410/1268
f 322/1426/1284 2841/1424/1282 3584/1423/1281 2840/1425/1283
f 314/1416/1274 2835/1415/1273 3585/1427/1285 2844/1428/1286
f 2835/1415/1273 313/1398/1256 2842/1429/1287 3585/1427/1285
f 3585/1427/1285 2842/1429/1287 320/1430/1288 2843/1431/1289
f 2844/1428/1286 3585/1427/1285 2843/1431/1289 321/1432/1290
f 312/1396/1254 2837/1418/1276 3586/1433/1291 2847/1434/1292
f 2837/1418/1276 311/1404/1262 2845/1435/1293 3586/1433/1291
f 3586/1433/1291 2845/1435/1293 318/1436/1294 2846/1437/1295
f 2847/1434/1292 3586/1433/1291 2846/1437/1295 319/1438/1296
f 310/1402/1260 2838/1420/1278 3587/1439/1297 2850/1440/1298
f 2838/1420/1278 309/1408/1266 2848/1441/1299 3587/1439/1297
f 3587/1439/1297 2848/1441/1299 316/1442/1300 2849/1443/1301
f 2850/1440/1298 3587/1439/1297 2849/1443/1301 317/1444/1302
f 315/1412/1270 2839/1422/1280 3588/1445/1303 2840/1425/1283
f 2839/1422/1280 314/1416/1274 2844/1428/1286 3588/1445/1303
f 3588/1445/1303 2844/1428/1286 321/1432/1290 2851/1446/1304
f 2840/1425/1283 3588/1445/1303 2851/1446/1304 322/1426/1284
f 313/1398/1256 2826/1397/1255 3589/1447/1305 2842/1429/1287
f 2826/1397/1255 312/1396/1254 2847/1434/1292 3589/1447/1305
f 3589/1447/1305 2847/1434/1292 319/1438/1296 2852/1448/1306
f 2842/1429/1287 3589/1447/1305 2852/1448/1306 320/1430/1288
f 311/1404/1262 2829/1403/1261 3590/1449/1307 2845/1435/1293
f 2829/1403/1261 310/1402/1260 2850/1440/1298 3590/1449/1307
f 3590/1449/1307 2850/1440/1298 317/1444/1302 2853/1450/1308
f 2845/1435/1293 3590/1449/1307 2853/1450/1308 318/1436/1294
f 309/1408/1266 2831/1407/1265 3591/1451/1309 2848/1441/1299
f 352/1381/1239 2854/1452/1310 3591/1451/1309 2831/1407/1265
f 316/1442/1300 2848/1441/1299 3591/1451/1309 2854/1452/1310
f 319/1438/1296 2846/1437/1295 3592/1453/1311 2857/1454/1312
f 2846/1437/1295 318/1436/1294 2855/1455/1313 3592/1453/1311
f 3592/1453/1311 2855/1455/1313 325/1456/1314 2856/1457/1315
f 2857/1454/1312 3592/1453/1311 2856/1457/1315 326/1458/1316
f 317/1444/1302 2849/1443/1301 3593/1459/1317 2860/1460/1318
f 2849/1443/1301 316/1442/1300 2858/1461/1319 3593/1459/1317
f 3593/1459/1317 2858/1461/1319 323/1462/1320 2859/1463/1321
f 2860/1460/1318 3593/1459/1317 2859/1463/1321 324/1464/1322
f 322/1426/1284 2851/1446/1304 3594/1465/1323 2863/1466/1324
f 2851/1446/1304 321/1432/1290 2861/1467/1325 3594/1465/1323
f 3594/1465/1323 2861/1467/1325 328/1468/1326 2862/1469/1327
f 2863/1466/1324 3594/1465/1323 2862/1469/1327 329/1470/1328
f 320/1430/1288 2852/1448/1306 3595/1471/1329 2865/1472/1330
f 2852/1448/1306 319/1438/1296 2857/1454/1312 3595/1471/1329
f 3595/1471/1329 2857/1454/1312 326/1458/1316 2864/1473/1331
f 2865/1472/1330 3595/1471/1329 2864/1473/1331 327/1474/1332
f 318/1436/1294 2853/1450/1308 3596/1475/1333 2855/1455/1313
f 2853/1450/1308 317/1444/1302 2860/1460/1318 3596/1475/1333
f 3596/1475/1333 2860/1460/1318 324/1464/1322 2866/1476/1334
f 2855/1455/1313 3596/1475/1333 2866/1476/1334 325/1456/1314
f 316/1442/1300 2854/1452/1310 3597/1477/1335 2858/1461/1319
f 352/1381/1239 2867/1478/1336 3597/1477/1335 2854/1452/1310
f 323/1462/1320 2858/1461/1319 3597/1477/1335 2867/1478/1336
f 351/1383/1241 2841/1424/1282 3598/1479/1337 2868/1480/1338
f 322/1426/1284 2863/1466/1324 3598/1479/1337 2841/1424/1282
f 329/1470/1328 2868/1480/1338 3598/1479/1337 2863/1466/1324
f 321/1432/1290 2843/1431/1289 3599/1481/1339 2861/1467/1325
f 2843/1431/1289 320/1430/1288 2865/1472/1330 3599/1481/1339
f 3599/1481/1339 2865/1472/1330 327/1474/1332 2869/1482/1340
f 2861/1467/1325 3599/1481/1339 2869/1482/1340 328/1468/1326
f 329/1483/1328 2862/1484/1327 3600/1485/1341 2872/1486/1342
f 2862/1484/1327 328/1487/1326 2870/1488/1343 3600/1485/1341
f 3600/1485/1341 2870/1488/1343 335/1489/1344 2871/1490/1345
f 2872/1486/1342 3600/1485/1341 2871/1490/1345 336/1491/1346
f 327/1492/1332 2864/1493/1331 3601/1494/1347 2875/1495/1348
f 2864/1493/1331 326/1496/1316 2873/1497/1349 3601/1494/1347
f 3601/1494/1347 2873/1497/1349 333/1498/1350 2874/1499/1351
f 2875/1495/1348 3601/1494/1347 2874/1499/1351 334/1500/1352
f 325/1501/1314 2866/1502/1334 3602/1503/1353 2878/1504/1354
f 2866/1502/1334 324/1505/1322 2876/1506/1355 3602/1503/1353
f 3602/1503/1353 2876/1506/1355 331/1507/1356 2877/1508/1357
f 2878/1504/1354 3602/1503/1353 2877/1508/1357 332/1509/1358
f 323/1510/1320 2867/1511/1336 3603/1512/1359 2880/1513/1360
f 352/1514/1239 2879/1515/1361 3603/1512/1359 2867/1511/1336
f 330/1516/1362 2880/1513/1360 3603/1512/1359 2879/1515/1361
f 351/1517/1241 2868/1518/1338 3604/1519/1363 2881/1520/1364
f 329/1483/1328 2872/1486/1342 3604/1519/1363 2868/1518/1338
f 336/1491/1346 2881/1520/1364 3604/1519/1363 2872/1486/1342
f 328/1487/1326 2869/1521/1340 3605/1522/1365 2870/1488/1343
f 2869/1521/1340 327/1492/1332 2875/1495/1348 3605/1522/1365
f 3605/1522/1365 2875/1495/1348 334/1500/1352 2882/1523/1366
f 2870/1488/1343 3605/1522/1365 2882/1523/1366 335/1489/1344
f 326/1496/1316 2856/1524/1315 3606/1525/1367 2873/1497/1349
f 2856/1524/1315 325/1501/1314 2878/1504/1354 3606/1525/1367
f 3606/1525/1367 2878/1504/1354 332/1509/1358 2883/1526/1368
f 2873/1497/1349 3606/1525/1367 2883/1526/1368 333/1498/1350
f 324/1505/1322 2859/1527/1321 3607/1528/1369 2876/1506/1355
f 2859/1527/1321 323/1510/1320 2880/1513/1360 3607/1528/1369
f 3607/1528/1369 2880/1513/1360 330/1516/1362 2884/1529/1370
f 2876/1506/1355 3607/1528/1369 2884/1529/1370 331/1507/1356
f 332/1509/1358 2877/1508/1357 3608/1530/1371 2887/1531/1372
f 2877/1508/1357 331/1507/1356 2885/1532/1373 3608/1530/1371
f 3608/1530/1371 2885/1532/1373 338/1533/1374 2886/1534/1375
f 2887/1531/1372 3608/1530/1371 2886/1534/1375 339/1535/1376
f 330/1516/1362 2879/1515/1361 3609/1536/1377 2889/1537/1378
f 352/1514/1239 2888/1538/1379 3609/1536/1377 2879/1515/1361
f 337/1539/1380 2889/1537/1378 3609/1536/1377 2888/1538/1379
f 351/1517/1241 2881/1520/1364 3610/1540/1381 2891/1541/1382
f 336/1491/1346 2890/1542/1383 3610/1540/1381 2881/1520/1364
f 343/1543/1384 2891/1541/1382 3610/1540/1381 2890/1542/1383
f 335/1489/1344 2882/1523/1366 3611/1544/1385 2894/1545/1386
f 2882/1523/1366 334/1500/1352 2892/1546/1387 3611/1544/1385
f 3611/1544/1385 2892/1546/1387 341/1547/1388 2893/1548/1389
f 2894/1545/1386 3611/1544/1385 2893/1548/1389 342/1549/1390
f 333/1498/1350 2883/1526/1368 3612/1550/1391 2896/1551/1392
f 2883/1526/1368 332/1509/1358 2887/1531/1372 3612/1550/1391
f 3612/1550/1391 2887/1531/1372 339/1535/1376 2895/1552/1393
f 2896/1551/1392 3612/1550/1391 2895/1552/1393 340/1553/1394
f 331/1507/1356 2884/1529/1370 3613/1554/1395 2885/1532/1373
f 2884/1529/1370 330/1516/1362 2889/1537/1378 3613/1554/1395
f 3613/1554/1395 2889/1537/1378 337/1539/1380 2897/1555/1396
f 2885/1532/1373 3613/1554/1395 2897/1555/1396 338/1533/1374
f 336/1491/1346 2871/1490/1345 3614/1556/1397 2890/1542/1383
f 2871/1490/1345 335/1489/1344 2894/1545/1386 3614/1556/1397
f 3614/1556/1397 2894/1545/1386 342/1549/1390 2898/1557/1398
f 2890/1542/1383 3614/1556/1397 2898/1557/1398 343/1543/1384
f 334/1500/1352 2874/1499/1351 3615/1558/1399 2892/1546/1387
f 2874/1499/1351 333/1498/1350 2896/1551/1392 3615/1558/1399
f 3615/1558/1399 2896/1551/1392 340/1553/1394 2899/1559/1400
f 2892/1546/1387 3615/1558/1399 2899/1559/1400 341/1547/1388
f 351/1517/1241 2891/1541/1382 3616/1560/1401 2901/1561/1402
f 343/1543/1384 2900/1562/1403 3616/1560/1401 2891/1541/1382
f 350/1563/1404 2901/1561/1402 3616/1560/1401 2900/1562/1403
f 342/1549/1390 2893/1548/1389 3617/1564/1405 2904/1565/1406
f 2893/1548/1389 341/1547/1388 2902/1566/1407 3617/1564/1405
f 3617/1564/1405 2902/1566/1407 348/1567/1408 2903/1568/1409
f 2904/1565/1406 3617/1564/1405 2903/1568/1409 349/1569/1410
f 340/1553/1394 2895/1552/1393 3618/1570/1411 2907/1571/1412
f 2895/1552/1393 339/1535/1376 2905/1572/1413 3618/1570/1411
f 3618/1570/1411 2905/1572/1413 346/1573/1414 2906/1574/1415
f 2907/1571/1412 3618/1570/1411 2906/1574/1415 347/1575/1416
f 338/1533/1374 2897/1555/1396 3619/1576/1417 2910/1577/1418
f 2897/1555/1396 337/1539/1380 2908/1578/1419 3619/1576/1417
f 3619/1576/1417 2908/1578/1419 344/1579/1420 2909/1580/1421
f 2910/1577/1418 3619/1576/1417 2909/1580/1421 345/1581/1422
f 343/1543/1384 2898/1557/1398 3620/1582/1423 2900/1562/1403
f 2898/1557/1398 342/1549/1390 2904/1565/1406 3620/1582/1423
f 3620/1582/1423 2904/1565/1406 349/1569/1410 2911/1583/1424
f 2900/1562/1403 3620/1582/1423 2911/1583/1424 350/1563/1404
f 341/1547/1388 2899/1559/1400 3621/1584/1425 2902/1566/1407
f 2899/1559/1400 340/1553/1394 2907/1571/1412 3621/1584/1425
f 3621/1584/1425 2907/1571/1412 347/1575/1416 2912/1585/1426
f 2902/1566/1407 3621/1584/1425 2912/1585/1426 348/1567/1408
f 339/1535/1376 2886/1534/1375 3622/1586/1427 2905/1572/1413
f 2886/1534/1375 338/1533/1374 2910/1577/1418 3622/1586/1427
f 3622/1586/1427 2910/1577/1418 345/1581/1422 2913/1587/1428
f 2905/1572/1413 3622/1586/1427 2913/1587/1428 346/1573/1414
f 337/1539/1380 2888/1538/1379 3623/1588/1429 2908/1578/1419
f 352/1514/1239 2914/1589/1430 3623/1588/1429 2888/1538/1379
f 344/1579/1420 2908/1578/1419 3623/1588/1429 2914/1589/1430
f 345/1581/1422 2909/1580/1421 3624/1590/1431 2916/1591/1432
f 2909/1580/1421 344/1579/1420 2915/1592/1433 3624/1590/1431
f 3624/1590/1431 2915/1592/1433 353/1593/1208 2802/1594/1205
f 2916/1591/1432 3624/1590/1431 2802/1594/1205 354/1595/1204
f 350/1563/1404 2911/1583/1424 3625/1596/1434 2918/1597/1435
f 2911/1583/1424 349/1569/1410 2917/1598/1436 3625/1596/1434
f 3625/1596/1434 2917/1598/1436 358/1599/1217 2806/1600/1214
f 2918/1597/1435 3625/1596/1434 2806/1600/1214 359/1601/1213
f 348/1567/1408 2912/1585/1426 3626/1602/1437 2920/1603/1438
f 2912/1585/1426 347/1575/1416 2919/1604/1439 3626/1602/1437
f 3626/1602/1437 2919/1604/1439 356/1605/1226 2810/1606/1223
f 2920/1603/1438 3626/1602/1437 2810/1606/1223 357/1607/1222
f 346/1573/1414 2913/1587/1428 3627/1608/1440 2921/1609/1441
f 2913/1587/1428 345/1581/1422 2916/1591/1432 3627/1608/1440
f 3627/1608/1440 2916/1591/1432 354/1595/1204 2814/1610/1232
f 2921/1609/1441 3627/1608/1440 2814/1610/1232 355/1611/1231
f 344/1579/1420 2914/1589/1430 3628/1612/1442 2915/1592/1433
f 352/1514/1239 2817/1613/1237 3628/1612/1442 2914/1589/1430
f 353/1593/1208 2915/1592/1433 3628/1612/1442 2817/1613/1237
f 351/1517/1241 2901/1561/1402 3629/1614/1443 2819/1615/1242
f 350/1563/1404 2918/1597/1435 3629/1614/1443 2901/1561/1402
f 359/1601/1213 2819/1615/1242 3629/1614/1443 2918/1597/1435
f 349/1569/1410 2903/1568/1409 3630/1616/1444 2917/1598/1436
f 2903/1568/1409 348/1567/1408 2920/1603/1438 3630/1616/1444
f 3630/1616/1444 2920/1603/1438 357/1607/1222 2821/1617/1245
f 2917/1598/1436 3630/1616/1444 2821/1617/1245 358/1599/1217
f 347/1575/1416 2906/1574/1415 3631/1618/1445 2919/1604/1439
f 2906/1574/1415 346/1573/1414 2921/1609/1441 3631/1618/1445
f 3631/1618/1445 2921/1609/1441 355/1611/1231 2823/1619/1248
f 2919/1604/1439 3631/1618/1445 2823/1619/1248 356/1605/1226
f 412/1620/1446 2922/1621/1447 3632/1622/1448 2925/1623/1449
f 2922/1621/1447 411/1624/1450 2923/1625/1451 3632/1622/1448
f 3632/1622/1448 2923/1625/1451 360/1626/1452 2924/1627/1453
f 2925/1623/1449 3632/1622/1448 2924/1627/1453 361/1628/1454
f 417/1629/1455 2926/1630/1456 3633/1631/1457 2929/1632/1458
f 2926/1630/1456 416/1633/1459 2927/1634/1460 3633/1631/1457
f 3633/1631/1457 2927/1634/1460 365/1635/1461 2928/1636/1462
f 2929/1632/1458 3633/1631/1457 2928/1636/1462 366/1637/1463
f 415/1638/1464 2930/1639/1465 3634/1640/1466 2933/1641/1467
f 2930/1639/1465 414/1642/1468 2931/1643/1469 3634/1640/1466
f 3634/1640/1466 2931/1643/1469 363/1644/1470 2932/1645/1471
f 2933/1641/1467 3634/1640/1466 2932/1645/1471 364/1646/1472
f 413/1647/1473 2934/1648/1474 3635/1649/1475 2936/1650/1476
f 2934/1648/1474 412/1620/1446 2925/1623/1449 3635/1649/1475
f 3635/1649/1475 2925/1623/1449 361/1628/1454 2935/1651/1477
f 2936/1650/1476 3635/1649/1475 2935/1651/1477 362/1652/1478
f 411/1624/1450 2937/1653/1479 3636/1654/1480 2923/1625/1451
f 410/1655/1481 2938/1656/1482 3636/1654/1480 2937/1653/1479
f 360/1626/1452 2923/1625/1451 3636/1654/1480 2938/1656/1482
f 409/1657/1483 2939/1658/1484 3637/1659/1485 2940/1660/1486
f 417/1629/1455 2929/1632/1458 3637/1659/1485 2939/1658/1484
f 366/1637/1463 2940/1660/1486 3637/1659/1485 2929/1632/1458
f 416/1633/1459 2941/1661/1487 3638/1662/1488 2927/1634/1460
f 2941/1661/1487 415/1638/1464 2933/1641/1467 3638/1662/1488
f 3638/1662/1488 2933/1641/1467 364/1646/1472 2942/1663/1489
f 2927/1634/1460 3638/1662/1488 2942/1663/1489 365/1635/1461
f 414/1642/1468 2943/1664/1490 3639/1665/1491 2931/1643/1469
f 2943/1664/1490 413/1647/1473 2936/1650/1476 3639/1665/1491
f 3639/1665/1491 2936/1650/1476 362/1652/1478 2944/1666/1492
f 2931/1643/1469 3639/1665/1491 2944/1666/1492 363/1644/1470
f 364/1646/1472 2932/1645/1471 3640/1667/1493 2947/1668/1494
f 2932/1645/1471 363/1644/1470 2945/1669/1495 3640/1667/1493
f 3640/1667/1493 2945/1669/1495 370/1670/1254 2946/1671/1496
f 2947/1668/1494 3640/1667/1493 2946/1671/1496 371/1672/1497
f 362/1652/1478 2935/1651/1477 3641/1673/1498 2950/1674/1499
f 2935/1651/1477 361/1628/1454 2948/1675/1500 3641/1673/1498
f 3641/1673/1498 2948/1675/1500 368/1676/1501 2949/1677/1502
f 2950/1674/1499 3641/1673/1498 2949/1677/1502 369/1678/1503
f 360/1626/1452 2938/1656/1482 3642/1679/1504 2952/1680/1505
f 410/1655/1481 2951/1681/1506 3642/1679/1504 2938/1656/1482
f 367/1682/1507 2952/1680/1505 3642/1679/1504 2951/1681/1506
f 409/1657/1483 2940/1660/1486 3643/1683/1508 2954/1684/1509
f 366/1637/1463 2953/1685/1510 3643/1683/1508 2940/1660/1486
f 373/1686/1511 2954/1684/1509 3643/1683/1508 2953/1685/1510
f 365/1635/1461 2942/1663/1489 3644/1687/1512 2956/1688/1513
f 2942/1663/1489 364/1646/1472 2947/1668/1494 3644/1687/1512
f 3644/1687/1512 2947/1668/1494 371/1672/1497 2955/1689/1514
f 2956/1688/1513 3644/1687/1512 2955/1689/1514 372/1690/1515
f 363/1644/1470 2944/1666/1492 3645/1691/1516 2945/1669/1495
f 2944/1666/1492 362/1652/1478 2950/1674/1499 3645/1691/1516
f 3645/1691/1516 2950/1674/1499 369/1678/1503 2957/1692/1517
f 2945/1669/1495 3645/1691/1516 2957/1692/1517 370/1670/1254
f 361/1628/1454 2924/1627/1453 3646/1693/1518 2948/1675/1500
f 2924/1627/1453 360/1626/1452 2952/1680/1505 3646/1693/1518
f 3646/1693/1518 2952/1680/1505 367/1682/1507 2958/1694/1519
f 2948/1675/1500 3646/1693/1518 2958/1694/1519 368/1676/1501
f 366/1637/1463 2928/1636/1462 3647/1695/1520 2953/1685/1510
f 2928/1636/1462 365/1635/1461 2956/1688/1513 3647/1695/1520
f 3647/1695/1520 2956/1688/1513 372/1690/1515 2959/1696/1521
f 2953/1685/1510 3647/1695/1520 2959/1696/1521 373/1686/1511
f 409/1657/1483 2954/1684/1509 3648/1697/1522 2961/1698/1523
f 373/1686/1511 2960/1699/1524 3648/1697/1522 2954/1684/1509
f 380/1700/1525 2961/1698/1523 3648/1697/1522 2960/1699/1524
f 372/1690/1515 2955/1689/1514 3649/1701/1526 2964/1702/1527
f 2955/1689/1514 371/1672/1497 2962/1703/1528 3649/1701/1526
f 3649/1701/1526 2962/1703/1528 378/1704/1529 2963/1705/1530
f 2964/1702/1527 3649/1701/1526 2963/1705/1530 379/1706/1531
f 370/1670/1254 2957/1692/1517 3650/1707/1532 2967/1708/1533
f 2957/1692/1517 369/1678/1503 2965/1709/1534 3650/1707/1532
f 3650/1707/1532 2965/1709/1534 376/1710/1535 2966/1711/1536
f 2967/1708/1533 3650/1707/1532 2966/1711/1536 377/1712/1537
f 368/1676/1501 2958/1694/1519 3651/1713/1538 2970/1714/1539
f 2958/1694/1519 367/1682/1507 2968/1715/1540 3651/1713/1538
f 3651/1713/1538 2968/1715/1540 374/1716/1541 2969/1717/1542
f 2970/1714/1539 3651/1713/1538 2969/1717/1542 375/1718/1543
f 373/1686/1511 2959/1696/1521 3652/1719/1544 2960/1699/1524
f 2959/1696/1521 372/1690/1515 2964/1702/1527 3652/1719/1544
f 3652/1719/1544 2964/1702/1527 379/1706/1531 2971/1720/1545
f 2960/1699/1524 3652/1719/1544 2971/1720/1545 380/1700/1525
f 371/1672/1497 2946/1671/1496 3653/1721/1546 2962/1703/1528
f 2946/1671/1496 370/1670/1254 2967/1708/1533 3653/1721/1546
f 3653/1721/1546 2967/1708/1533 377/1712/1537 2972/1722/1547
f 2962/1703/1528 3653/1721/1546 2972/1722/1547 378/1704/1529
f 369/1678/1503 2949/1677/1502 3654/1723/1548 2965/1709/1534
f 2949/1677/1502 368/1676/1501 2970/1714/1539 3654/1723/1548
f 3654/1723/1548 2970/1714/1539 375/1718/1543 2973/1724/1549
f 2965/1709/1534 3654/1723/1548 2973/1724/1549 376/1710/1535
f 367/1682/1507 2951/1681/1506 3655/1725/1550 2968/1715/1540
f 410/1655/1481 2974/1726/1551 3655/1725/1550 2951/1681/1506
f 374/1716/1541 2968/1715/1540 3655/1725/1550 2974/1726/1551
f 377/1712/1537 2966/1711/1536 3656/1727/1552 2977/1728/1553
f 2966/1711/1536 376/1710/1535 2975/1729/1554 3656/1727/1552
f 3656/1727/1552 2975/1729/1554 383/1730/1555 2976/1731/1556
f 2977/1728/1553 3656/1727/1552 2976/1731/1556 384/1732/1557
f 375/1718/1543 2969/1717/1542 3657/1733/1558 2980/1734/1559
f 2969/1717/1542 374/1716/1541 2978/1735/1560 3657/1733/1558
f 3657/1733/1558 2978/1735/1560 381/1736/1561 2979/1737/1562
f 2980/1734/1559 3657/1733/1558 2979/1737/1562 382/1738/1563
f 380/1700/1525 2971/1720/1545 3658/1739/1564 2983/1740/1565
f 2971/1720/1545 379/1706/1531 2981/1741/1566 3658/1739/1564
f 3658/1739/1564 2981/1741/1566 386/1742/1567 2982/1743/1568
f 2983/1740/1565 3658/1739/1564 2982/1743/1568 387/1744/1569
f 378/1704/1529 2972/1722/1547 3659/1745/1570 2985/1746/1571
f 2972/1722/1547 377/1712/1537 2977/1728/1553 3659/1745/1570
f 3659/1745/1570 2977/1728/1553 384/1732/1557 2984/1747/1572
f 2985/1746/1571 3659/1745/1570 2984/1747/1572 385/1748/1573
f 376/1710/1535 2973/1724/1549 3660/1749/1574 2975/1729/1554
f 2973/1724/1549 375/1718/1543 2980/1734/1559 3660/1749/1574
f 3660/1749/1574 2980/1734/1559 382/1738/1563 2986/1750/1575
f 2975/1729/1554 3660/1749/1574 2986/1750/1575 383/1730/1555
f 374/1716/1541 2974/1726/1551 3661/1751/1576 2978/1735/1560
f 410/1655/1481 2987/1752/1577 3661/1751/1576 2974/1726/1551
f 381/1736/1561 2978/1735/1560 3661/1751/1576 2987/1752/1577
f 409/1657/1483 2961/1698/1523 3662/1753/1578 2988/1754/1579
f 380/1700/1525 2983/1740/1565 3662/1753/1578 2961/1698/1523
f 387/1744/1569 2988/1754/1579 3662/1753/1578 2983/1740/1565
f 379/1706/1531 2963/1705/1530 3663/1755/1580 2981/1741/1566
f 2963/1705/1530 378/1704/1529 2985/1746/1571 3663/1755/1580
f 3663/1755/1580 2985/1746/1571 385/1748/1573 2989/1756/1581
f 2981/1741/1566 3663/1755/1580 2989/1756/1581 386/1742/1567
f 387/1757/1569 2982/1758/1568 3664/1759/1582 2992/1760/1583
f 2982/1758/1568 386/1761/1567 2990/1762/1584 3664/1759/1582
f 3664/1759/1582 2990/1762/1584 393/1763/1585 2991/1764/1586
f 2992/1760/1583 3664/1759/1582 2991/1764/1586 394/1765/1587
f 385/1766/1573 2984/1767/1572 3665/1768/1588 2995/1769/1589
f 2984/1767/1572 384/1770/1557 2993/1771/1590 3665/1768/1588
f 3665/1768/1588 2993/1771/1590 391/1772/1591 2994/1773/1592
f 2995/1769/1589 3665/1768/1588 2994/1773/1592 392/1774/1593
f 383/1775/1555 2986/1776/1575 3666/1777/1594 2998/1778/1595
f 2986/1776/1575 382/1779/1563 2996/1780/1596 3666/1777/1594
f 3666/1777/1594 2996/1780/1596 389/1781/1597 2997/1782/1598
f 2998/1778/1595 3666/1777/1594 2997/1782/1598 390/1783/1599
f 381/1784/1561 2987/1785/1577 3667/1786/1600 3000/1787/1601
f 410/1788/1481 2999/1789/1602 3667/1786/1600 2987/1785/1577
f 388/1790/1603 3000/1787/1601 3667/1786/1600 2999/1789/1602
f 409/1791/1483 2988/1792/1579 3668/1793/1604 3001/1794/1605
f 387/1757/1569 2992/1760/1583 3668/1793/1604 2988/1792/1579
f 394/1765/1587 3001/1794/1605 3668/1793/1604 2992/1760/1583
f 386/1761/1567 2989/1795/1581 3669/1796/1606 2990/1762/1584
f 2989/1795/1581 385/1766/1573 2995/1769/1589 3669/1796/1606
f 3669/1796/1606 2995/1769/1589 392/1774/1593 3002/1797/1607
f 2990/1762/1584 3669/1796/1606 3002/1797/1607 393/1763/1585
f 384/1770/1557 2976/1798/1556 3670/1799/1608 2993/1771/1590
f 2976/1798/1556 383/1775/1555 2998/1778/1595 3670/1799/1608
f 3670/1799/1608 2998/1778/1595 390/1783/1599 3003/1800/1609
f 2993/1771/1590 3670/1799/1608 3003/1800/1609 391/1772/1591
f 382/1779/1563 2979/1801/1562 3671/1802/1610 2996/1780/1596
f 2979/1801/1562 381/1784/1561 3000/1787/1601 3671/1802/1610
f 3671/1802/1610 3000/1787/1601 388/1790/1603 3004/1803/1611
f 2996/1780/1596 3671/1802/1610 3004/1803/1611 389/1781/1597
f 390/1783/1599 2997/1782/1598 3672/1804/1612 3007/1805/1613
f 2997/1782/1598 389/1781/1597 3005/1806/1614 3672/1804/1612
f 3672/1804/1612 3005/1806/1614 396/1807/1615 3006/1808/1616
f 3007/1805/1613 3672/1804/1612 3006/1808/1616 397/1809/1617
f 388/1790/1603 2999/1789/1602 3673/1810/1618 3009/1811/1619
f 410/1788/1481 3008/1812/1620 3673/1810/1618 2999/1789/1602
f 395/1813/1621 3009/1811/1619 3673/1810/1618 3008/1812/1620
f 409/1791/1483 3001/1794/1605 3674/1814/1622 3011/1815/1623
f 394/1765/1587 3010/1816/1624 3674/1814/1622 3001/1794/1605
f 401/1817/1625 3011/1815/1623 3674/1814/1622 3010/1816/1624
f 393/1763/1585 3002/1797/1607 3675/1818/1626 3014/1819/1627
f 3002/1797/1607 392/1774/1593 3012/1820/1628 3675/1818/1626
f 3675/1818/1626 3012/1820/1628 399/1821/1629 3013/1822/1630
f 3014/1819/1627 3675/1818/1626 3013/1822/1630 400/1823/1631
f 391/1772/1591 3003/1800/1609 3676/1824/1632 3016/1825/1633
f 3003/1800/1609 390/1783/1599 3007/1805/1613 3676/1824/1632
f 3676/1824/1632 3007/1805/1613 397/1809/1617 3015/1826/1634
f 3016/1825/1633 3676/1824/1632 3015/1826/1634 398/1827/1394
f 389/1781/1597 3004/1803/1611 3677/1828/1635 3005/1806/1614
f 3004/1803/1611 388/1790/1603 3009/1811/1619 3677/1828/1635
f 3677/1828/1635 3009/1811/1619 395/1813/1621 3017/1829/1636
f 3005/1806/1614 3677/1828/1635 3017/1829/1636 396/1807/1615
f 394/1765/1587 2991/1764/1586 3678/1830/1637 3010/1816/1624
f 2991/1764/1586 393/1763/1585 3014/1819/1627 3678/1830/1637
f 3678/1830/1637 3014/1819/1627 400/1823/1631 3018/1831/1638
f 3010/1816/1624 3678/1830/1637 3018/1831/1638 401/1817/1625
f 392/1774/1593 2994/1773/1592 3679/1832/1639 3012/1820/1628
f 2994/1773/1592 391/1772/1591 3016/1825/1633 3679/1832/1639
f 3679/1832/1639 3016/1825/1633 398/1827/1394 3019/1833/1640
f 3012/1820/1628 3679/1832/1639 3019/1833/1640 399/1821/1629
f 409/1791/1483 3011/1815/1623 3680/1834/1641 3021/1835/1642
f 401/1817/1625 3020/1836/1643 3680/1834/1641 3011/1815/1623
f 408/1837/1644 3021/1835/1642 3680/1834/1641 3020/1836/1643
f 400/1823/1631 3013/1822/1630 3681/1838/1645 3024/1839/1646
f 3013/1822/1630 399/1821/1629 3022/1840/1647 3681/1838/1645
f 3681/1838/1645 3022/1840/1647 406/1841/1648 3023/1842/1649
f 3024/1839/1646 3681/1838/1645 3023/1842/1649 407/1843/1650
f 398/1827/1394 3015/1826/1634 3682/1844/1651 3027/1845/1652
f 3015/1826/1634 397/1809/1617 3025/1846/1653 3682/1844/1651
f 3682/1844/1651 3025/1846/1653 404/1847/1654 3026/1848/1655
f 3027/1845/1652 3682/1844/1651 3026/1848/1655 405/1849/1656
f 396/1807/1615 3017/1829/1636 3683/1850/1657 3030/1851/1658
f 3017/1829/1636 395/1813/1621 3028/1852/1659 3683/1850/1657
f 3683/1850/1657 3028/1852/1659 402/1853/1660 3029/1854/1661
f 3030/1851/1658 3683/1850/1657 3029/1854/1661 403/1855/1662
f 401/1817/1625 3018/1831/1638 3684/1856/1663 3020/1836/1643
f 3018/1831/1638 400/1823/1631 3024/1839/1646 3684/1856/1663
f 3684/1856/1663 3024/1839/1646 407/1843/1650 3031/1857/1664
f 3020/1836/1643 3684/1856/1663 3031/1857/1664 408/1837/1644
f 399/1821/1629 3019/1833/1640 3685/1858/1665 3022/1840/1647
f 3019/1833/1640 398/1827/1394 3027/1845/1652 3685/1858/1665
f 3685/1858/1665 3027/1845/1652 405/1849/1656 3032/1859/1666
f 3022/1840/1647 3685/1858/1665 3032/1859/1666 406/1841/1648
f 397/1809/1617 3006/1808/1616 3686/1860/1667 3025/1846/1653
f 3006/1808/1616 396/1807/1615 3030/1851/1658 3686/1860/1667
f 3686/1860/1667 3030/1851/1658 403/1855/1662 3033/1861/1668
f 3025/1846/1653 3686/1860/1667 3033/1861/1668 404/1847/1654
f 395/1813/1621 3008/1812/1620 3687/1862/1669 3028/1852/1659
f 410/1788/1481 3034/1863/1670 3687/1862/1669 3008/1812/1620
f 402/1853/1660 3028/1852/1659 3687/1862/1669 3034/1863/1670
f 403/1855/1662 3029/1854/1661 3688/1864/1671 3036/1865/1672
f 3029/1854/1661 402/1853/1660 3035/1866/1673 3688/1864/1671
f 3688/1864/1671 3035/1866/1673 411/1867/1450 2922/1868/1447
f 3036/1865/1672 3688/1864/1671 2922/1868/1447 412/1869/1446
f 408/1837/1644 3031/1857/1664 3689/1870/1674 3038/1871/1675
f 3031/1857/1664 407/1843/1650 3037/1872/1676 3689/1870/1674
f 3689/1870/1674 3037/1872/1676 416/1873/1459 2926/1874/1456
f 3038/1871/1675 3689/1870/1674 2926/1874/1456 417/1875/1455
f 406/1841/1648 3032/1859/1666 3690/1876/1677 3040/1877/1678
f 3032/1859/1666 405/1849/1656 3039/1878/1679 3690/1876/1677
f 3690/1876/1677 3039/1878/1679 414/1879/1468 2930/1880/1465
f 3040/1877/1678 3690/1876/1677 2930/1880/1465 415/1881/1464
f 404/1847/1654 3033/1861/1668 3691/1882/1680 3041/1883/1681
f 3033/1861/1668 403/1855/1662 3036/1865/1672 3691/1882/1680
f 3691/1882/1680 3036/1865/1672 412/1869/1446 2934/1884/1474
f 3041/1883/1681 3691/1882/1680 2934/1884/1474 413/1885/1473
f 402/1853/1660 3034/1863/1670 3692/1886/1682 3035/1866/1673
f 410/1788/1481 2937/1887/1479 3692/1886/1682 3034/1863/1670
f 411/1867/1450 3035/1866/1673 3692/1886/1682 2937/1887/1479
f 409/1791/1483 3021/1835/1642 3693/1888/1683 2939/1889/1484
f 408/1837/1644 3038/1871/1675 3693/1888/1683 3021/1835/1642
f 417/1875/1455 2939/1889/1484 3693/1888/1683 3038/1871/1675
f 407/1843/1650 3023/1842/1649 3694/1890/1684 3037/1872/1676
f 3023/1842/1649 406/1841/1648 3040/1877/1678 3694/1890/1684
f 3694/1890/1684 3040/1877/1678 415/1881/1464 2941/1891/1487
f 3037/1872/1676 3694/1890/1684 2941/1891/1487 416/1873/1459
f 405/1849/1656 3026/1848/1655 3695/1892/1685 3039/1878/1679
f 3026/1848/1655 404/1847/1654 3041/1883/1681 3695/1892/1685
f 3695/1892/1685 3041/1883/1681 413/1885/1473 2943/1893/1490
f 3039/1878/1679 3695/1892/1685 2943/1893/1490 414/1879/1468
f 470/1894/1686 3042/1895/1687 3696/1896/1688 3045/1897/1689
f 3042/1895/1687 469/1898/1690 3043/1899/1691 3696/1896/1688
f 3696/1896/1688 3043/1899/1691 418/1900/1692 3044/1901/1693
f 3045/1897/1689 3696/1896/1688 3044/1901/1693 419/1902/1694
f 475/1903/1695 3046/1904/1696 3697/1905/1697 3049/1906/1698
f 3046/1904/1696 474/1907/1699 3047/1908/1700 3697/1905/1697
f 3697/1905/1697 3047/1908/1700 423/1909/1701 3048/1910/1702
f 3049/1906/1698 3697/1905/1697 3048/1910/1702 424/1911/1703
f 473/1912/1704 3050/1913/1705 3698/1914/1706 3053/1915/1707
f 3050/1913/1705 472/1916/1708 3051/1917/1709 3698/1914/1706
f 3698/1914/1706 3051/1917/1709 421/1918/1710 3052/1919/1711
f 3053/1915/1707 3698/1914/1706 3052/1919/1711 422/1920/1712
f 471/1921/1713 3054/1922/1714 3699/1923/1715 3056/1924/1716
f 3054/1922/1714 470/1894/1686 3045/1897/1689 3699/1923/1715
f 3699/1923/1715 3045/1897/1689 419/1902/1694 3055/1925/1717
f 3056/1924/1716 3699/1923/1715 3055/1925/1717 420/1926/1718
f 469/1898/1690 3057/1927/1719 3700/1928/1720 3043/1899/1691
f 468/1929/1721 3058/1930/1722 3700/1928/1720 3057/1927/1719
f 418/1900/1692 3043/1899/1691 3700/1928/1720 3058/1930/1722
f 467/1931/1723 3059/1932/1724 3701/1933/1725 3060/1934/1726
f 475/1903/1695 3049/1906/1698 3701/1933/1725 3059/1932/1724
f 424/1911/1703 3060/1934/1726 3701/1933/1725 3049/1906/1698
f 474/1907/1699 3061/1935/1727 3702/1936/1728 3047/1908/1700
f 3061/1935/1727 473/1912/1704 3053/1915/1707 3702/1936/1728
f 3702/1936/1728 3053/1915/1707 422/1920/1712 3062/1937/1729
f 3047/1908/1700 3702/1936/1728 3062/1937/1729 423/1909/1701
f 472/1916/1708 3063/1938/1730 3703/1939/1731 3051/1917/1709
f 3063/1938/1730 471/1921/1713 3056/1924/1716 3703/1939/1731
f 3703/1939/1731 3056/1924/1716 420/1926/1718 3064/1940/1732
f 3051/1917/1709 3703/1939/1731 3064/1940/1732 421/1918/1710
f 422/1920/1712 3052/1919/1711 3704/1941/1733 3067/1942/1734
f 3052/1919/1711 421/1918/1710 3065/1943/1735 3704/1941/1733
f 3704/1941/1733 3065/1943/1735 428/1944/1254 3066/1945/1736
f 3067/1942/1734 3704/1941/1733 3066/1945/1736 429/1946/1737
f 420/1926/1718 3055/1925/1717 3705/1947/1738 3070/1948/1739
f 3055/1925/1717 419/1902/1694 3068/1949/1740 3705/1947/1738
f 3705/1947/1738 3068/1949/1740 426/1950/1741 3069/1951/1742
f 3070/1948/1739 3705/1947/1738 3069/1951/1742 427/1952/1743
f 418/1900/1692 3058/1930/1722 3706/1953/1744 3072/1954/1745
f 468/1929/1721 3071/1955/1746 3706/1953/1744 3058/1930/1722
f 425/1956/1747 3072/1954/1745 3706/1953/1744 3071/1955/1746
f 467/1931/1723 3060/1934/1726 3707/1957/1748 3074/1958/1749
f 424/1911/1703 3073/1959/1750 3707/1957/1748 3060/1934/1726
f 431/1960/1751 3074/1958/1749 3707/1957/1748 3073/1959/1750
f 423/1909/1701 3062/1937/1729 3708/1961/1752 3076/1962/1753
f 3062/1937/1729 422/1920/1712 3067/1942/1734 3708/1961/1752
f 3708/1961/1752 3067/1942/1734 429/1946/1737 3075/1963/1754
f 3076/1962/1753 3708/1961/1752 3075/1963/1754 430/1964/1755
f 421/1918/1710 3064/1940/1732 3709/1965/1756 3065/1943/1735
f 3064/1940/1732 420/1926/1718 3070/1948/1739 3709/1965/1756
f 3709/1965/1756 3070/1948/1739 427/1952/1743 3077/1966/1757
f 3065/1943/1735 3709/1965/1756 3077/1966/1757 428/1944/1254
f 419/1902/1694 3044/1901/1693 3710/1967/1758 3068/1949/1740
f 3044/1901/1693 418/1900/1692 3072/1954/1745 3710/1967/1758
f 3710/1967/1758 3072/1954/1745 425/1956/1747 3078/1968/1759
f 3068/1949/1740 3710/1967/1758 3078/1968/1759 426/1950/1741
f 424/1911/1703 3048/1910/1702 3711/1969/1760 3073/1959/1750
f 3048/1910/1702 423/1909/1701 3076/1962/1753 3711/1969/1760
f 3711/1969/1760 3076/1962/1753 430/1964/1755 3079/1970/1761
f 3073/1959/1750 3711/1969/1760 3079/1970/1761 431/1960/1751
f 467/1931/1723 3074/1958/1749 3712/1971/1762 3081/1972/1763
f 431/1960/1751 3080/1973/1764 3712/1971/1762 3074/1958/1749
f 438/1974/1765 3081/1972/1763 3712/1971/1762 3080/1973/1764
f 430/1964/1755 3075/1963/1754 3713/1975/1766 3084/1976/1767
f 3075/1963/1754 429/1946/1737 3082/1977/1768 3713/1975/1766
f 3713/1975/1766 3082/1977/1768 436/1978/1769 3083/1979/1770
f 3084/1976/1767 3713/1975/1766 3083/1979/1770 437/1980/1771
f 428/1944/1254 3077/1966/1757 3714/1981/1772 3087/1982/1773
f 3077/1966/1757 427/1952/1743 3085/1983/1774 3714/1981/1772
f 3714/1981/1772 3085/1983/1774 434/1984/1775 3086/1985/1776
f 3087/1982/1773 3714/1981/1772 3086/1985/1776 435/1986/1777
f 426/1950/1741 3078/1968/1759 3715/1987/1778 3090/1988/1779
f 3078/1968/1759 425/1956/1747 3088/1989/1780 3715/1987/1778
f 3715/1987/1778 3088/1989/1780 432/1990/1781 3089/1991/1782
f 3090/1988/1779 3715/1987/1778 3089/1991/1782 433/1992/1783
f 431/1960/1751 3079/1970/1761 3716/1993/1784 3080/1973/1764
f 3079/1970/1761 430/1964/1755 3084/1976/1767 3716/1993/1784
f 3716/1993/1784 3084/1976/1767 437/1980/1771 3091/1994/1785
f 3080/1973/1764 3716/1993/1784 3091/1994/1785 438/1974/1765
f 429/1946/1737 3066/1945/1736 3717/1995/1786 3082/1977/1768
f 3066/1945/1736 428/1944/1254 3087/1982/1773 3717/1995/1786
f 3717/1995/1786 3087/1982/1773 435/1986/1777 3092/1996/1787
f 3082/1977/1768 3717/1995/1786 3092/1996/1787 436/1978/1769
f 427/1952/1743 3069/1951/1742 3718/1997/1788 3085/1983/1774
f 3069/1951/1742 426/1950/1741 3090/1988/1779 3718/1997/1788
f 3718/1997/1788 3090/1988/1779 433/1992/1783 3093/1998/1789
f 3085/1983/1774 3718/1997/1788 3093/1998/1789 434/1984/1775
f 425/1956/1747 3071/1955/1746 3719/1999/1790 3088/1989/1780
f 468/1929/1721 3094/2000/1791 3719/1999/1790 3071/1955/1746
f 432/1990/1781 3088/1989/1780 3719/1999/1790 3094/2000/1791
f 435/1986/1777 3086/1985/1776 3720/2001/1792 3097/2002/1793
f 3086/1985/1776 434/1984/1775 3095/2003/1794 3720/2001/1792
f 3720/2001/1792 3095/2003/1794 441/2004/1795 3096/2005/1796
f 3097/2002/1793 3720/2001/1792 3096/2005/1796 442/2006/1797
f 433/1992/1783 3089/1991/1782 3721/2007/1798 3100/2008/1799
f 3089/1991/1782 432/1990/1781 3098/2009/1800 3721/2007/1798
f 3721/2007/1798 3098/2009/1800 439/2010/1801 3099/2011/1802
f 3100/2008/1799 3721/2007/1798 3099/2011/1802 440/2012/1803
f 438/1974/1765 3091/1994/1785 3722/2013/1804 3103/2014/1805
f 3091/1994/1785 437/1980/1771 3101/2015/1806 3722/2013/1804
f 3722/2013/1804 3101/2015/1806 444/2016/1807 3102/2017/1808
f 3103/2014/1805 3722/2013/1804 3102/2017/1808 445/2018/1809
f 436/1978/1769 3092/1996/1787 3723/2019/1810 3105/2020/1811
f 3092/1996/1787 435/1986/1777 3097/2002/1793 3723/2019/1810
f 3723/2019/1810 3097/2002/1793 442/2006/1797 3104/2021/1812
f 3105/2020/1811 3723/2019/1810 3104/2021/1812 443/2022/1813
f 434/1984/1775 3093/1998/1789 3724/2023/1814 3095/2003/1794
f 3093/1998/1789 433/1992/1783 3100/2008/1799 3724/2023/1814
f 3724/2023/1814 3100/2008/1799 440/2012/1803 3106/2024/1815
f 3095/2003/1794 3724/2023/1814 3106/2024/1815 441/2004/1795
f 432/1990/1781 3094/2000/1791 3725/2025/1816 3098/2009/1800
f 468/1929/1721 3107/2026/1817 3725/2025/1816 3094/2000/1791
f 439/2010/1801 3098/2009/1800 3725/2025/1816 3107/2026/1817
f 467/1931/1723 3081/1972/1763 3726/2027/1818 3108/2028/1819
f 438/1974/1765 3103/2014/1805 3726/2027/1818 3081/1972/1763
f 445/2018/1809 3108/2028/1819 3726/2027/1818 3103/2014/1805
f 437/1980/1771 3083/1979/1770 3727/2029/1820 3101/2015/1806
f 3083/1979/1770 436/1978/1769 3105/2020/1811 3727/2029/1820
f 3727/2029/1820 3105/2020/1811 443/2022/1813 3109/2030/1821
f 3101/2015/1806 3727/2029/1820 3109/2030/1821 444/2016/1807
f 445/2031/1809 3102/2032/1808 3728/2033/1822 3112/2034/1823
f 3102/2032/1808 444/2035/1807 3110/2036/1824 3728/2033/1822
f 3728/2033/1822 3110/2036/1824 451/2037/1825 3111/2038/1826
f 3112/2034/1823 3728/2033/1822 3111/2038/1826 452/2039/1827
f 443/2040/1813 3104/2041/1812 3729/2042/1828 3115/2043/1829
f 3104/2041/1812 442/2044/1797 3113/2045/1830 3729/2042/1828
f 3729/2042/1828 3113/2045/1830 449/2046/1831 3114/2047/1832
f 3115/2043/1829 3729/2042/1828 3114/2047/1832 450/2048/1833
f 441/2049/1795 3106/2050/1815 3730/2051/1834 3118/2052/1835
f 3106/2050/1815 440/2053/1803 3116/2054/1836 3730/2051/1834
f 3730/2051/1834 3116/2054/1836 447/2055/1837 3117/2056/1838
f 3118/2052/1835 3730/2051/1834 3117/2056/1838 448/2057/1839
f 439/2058/1801 3107/2059/1817 3731/2060/1840 3120/2061/1841
f 468/2062/1721 3119/2063/1842 3731/2060/1840 3107/2059/1817
f 446/2064/1843 3120/2061/1841 3731/2060/1840 3119/2063/1842
f 467/2065/1723 3108/2066/1819 3732/2067/1844 3121/2068/1845
f 445/2031/1809 3112/2034/1823 3732/2067/1844 3108/2066/1819
f 452/2039/1827 3121/2068/1845 3732/2067/1844 3112/2034/1823
f 444/2035/1807 3109/2069/1821 3733/2070/1846 3110/2036/1824
f 3109/2069/1821 443/2040/1813 3115/2043/1829 3733/2070/1846
f 3733/2070/1846 3115/2043/1829 450/2048/1833 3122/2071/1847
f 3110/2036/1824 3733/2070/1846 3122/2071/1847 451/2037/1825
f 442/2044/1797 3096/2072/1796 3734/2073/1848 3113/2045/1830
f 3096/2072/1796 441/2049/1795 3118/2052/1835 3734/2073/1848
f 3734/2073/1848 3118/2052/1835 448/2057/1839 3123/2074/1849
f 3113/2045/1830 3734/2073/1848 3123/2074/1849 449/2046/1831
f 440/2053/1803 3099/2075/1802 3735/2076/1850 3116/2054/1836
f 3099/2075/1802 439/2058/1801 3120/2061/1841 3735/2076/1850
f 3735/2076/1850 3120/2061/1841 446/2064/1843 3124/2077/1851
f 3116/2054/1836 3735/2076/1850 3124/2077/1851 447/2055/1837
f 448/2057/1839 3117/2056/1838 3736/2078/1852 3127/2079/1853
f 3117/2056/1838 447/2055/1837 3125/2080/1854 3736/2078/1852
f 3736/2078/1852 3125/2080/1854 454/2081/1855 3126/2082/1856
f 3127/2079/1853 3736/2078/1852 3126/2082/1856 455/2083/1857
f 446/2064/1843 3119/2063/1842 3737/2084/1858 3129/2085/1859
f 468/2062/1721 3128/2086/1860 3737/2084/1858 3119/2063/1842
f 453/2087/1861 3129/2085/1859 3737/2084/1858 3128/2086/1860
f 467/2065/1723 3121/2068/1845 3738/2088/1862 3131/2089/1863
f 452/2039/1827 3130/2090/1864 3738/2088/1862 3121/2068/1845
f 459/2091/1865 3131/2089/1863 3738/2088/1862 3130/2090/1864
f 451/2037/1825 3122/2071/1847 3739/2092/1866 3134/2093/1867
f 3122/2071/1847 450/2048/1833 3132/2094/1868 3739/2092/1866
f 3739/2092/1866 3132/2094/1868 457/2095/1869 3133/2096/1870
f 3134/2093/1867 3739/2092/1866 3133/2096/1870 458/2097/1871
f 449/2046/1831 3123/2074/1849 3740/2098/1872 3136/2099/1873
f 3123/2074/1849 448/2057/1839 3127/2079/1853 3740/2098/1872
f 3740/2098/1872 3127/2079/1853 455/2083/1857 3135/2100/1874
f 3136/2099/1873 3740/2098/1872 3135/2100/1874 456/2101/1394
f 447/2055/1837 3124/2077/1851 3741/2102/1875 3125/2080/1854
f 3124/2077/1851 446/2064/1843 3129/2085/1859 3741/2102/1875
f 3741/2102/1875 3129/2085/1859 453/2087/1861 3137/2103/1876
f 3125/2080/1854 3741/2102/1875 3137/2103/1876 454/2081/1855
f 452/2039/1827 3111/2038/1826 3742/2104/1877 3130/2090/1864
f 3111/2038/1826 451/2037/1825 3134/2093/1867 3742/2104/1877
f 3742/2104/1877 3134/2093/1867 458/2097/1871 3138/2105/1878
f 3130/2090/1864 3742/2104/1877 3138/2105/1878 459/2091/1865
f 450/2048/1833 3114/2047/1832 3743/2106/1879 3132/2094/1868
f 3114/2047/1832 449/2046/1831 3136/2099/1873 3743/2106/1879
f 3743/2106/1879 3136/2099/1873 456/2101/1394 3139/2107/1880
f 3132/2094/1868 3743/2106/1879 3139/2107/1880 457/2095/1869
f 467/2065/1723 3131/2089/1863 3744/2108/1881 3141/2109/1882
f 459/2091/1865 3140/2110/1883 3744/2108/1881 3131/2089/1863
f 466/2111/1884 3141/2109/1882 3744/2108/1881 3140/2110/1883
f 458/2097/1871 3133/2096/1870 3745/2112/1885 3144/2113/1886
f 3133/2096/1870 457/2095/1869 3142/2114/1887 3745/2112/1885
f 3745/2112/1885 3142/2114/1887 464/2115/1888 3143/2116/1889
f 3144/2113/1886 3745/2112/1885 3143/2116/1889 465/2117/1890
f 456/2101/1394 3135/2100/1874 3746/2118/1891 3147/2119/1892
f 3135/2100/1874 455/2083/1857 3145/2120/1893 3746/2118/1891
f 3746/2118/1891 3145/2120/1893 462/2121/1894 3146/2122/1895
f 3147/2119/1892 3746/2118/1891 3146/2122/1895 463/2123/1896
f 454/2081/1855 3137/2103/1876 3747/2124/1897 3150/2125/1898
f 3137/2103/1876 453/2087/1861 3148/2126/1899 3747/2124/1897
f 3747/2124/1897 3148/2126/1899 460/2127/1900 3149/2128/1901
f 3150/2125/1898 3747/2124/1897 3149/2128/1901 461/2129/1902
f 459/2091/1865 3138/2105/1878 3748/2130/1903 3140/2110/1883
f 3138/2105/1878 458/2097/1871 3144/2113/1886 3748/2130/1903
f 3748/2130/1903 3144/2113/1886 465/2117/1890 3151/2131/1904
f 3140/2110/1883 3748/2130/1903 3151/2131/1904 466/2111/1884
f 457/2095/1869 3139/2107/1880 3749/2132/1905 3142/2114/1887
f 3139/2107/1880 456/2101/1394 3147/2119/1892 3749/2132/1905
f 3749/2132/1905 3147/2119/1892 463/2123/1896 3152/2133/1906
f 3142/2114/1887 3749/2132/1905 3152/2133/1906 464/2115/1888
f 455/2083/1857 3126/2082/1856 3750/2134/1907 3145/2120/1893
f 3126/2082/1856 454/2081/1855 3150/2125/1898 3750/2134/1907
f 3750/2134/1907 3150/2125/1898 461/2129/1902 3153/2135/1908
f 3145/2120/1893 3750/2134/1907 3153/2135/1908 462/2121/1894
f 453/2087/1861 3128/2086/1860 3751/2136/1909 3148/2126/1899
f 468/2062/1721 3154/2137/1910 3751/2136/1909 3128/2086/1860
f 460/2127/1900 3148/2126/1899 3751/2136/1909 3154/2137/1910
f 461/2129/1902 3149/2128/1901 3752/2138/1911 3156/2139/1912
f 3149/2128/1901 460/2127/1900 3155/2140/1913 3752/2138/1911
f 3752/2138/1911 3155/2140/1913 469/2141/1690 3042/2142/1687
f 3156/2139/1912 3752/2138/1911 3042/2142/1687 470/2143/1686
f 466/2111/1884 3151/2131/1904 3753/2144/1914 3158/2145/1915
f 3151/2131/1904 465/2117/1890 3157/2146/1916 3753/2144/1914
f 3753/2144/1914 3157/2146/1916 474/2147/1699 3046/2148/1696
f 3158/2145/1915 3753/2144/1914 3046/2148/1696 475/2149/1695
f 464/2115/1888 3152/2133/1906 3754/2150/1917 3160/2151/1918
f 3152/2133/1906 463/2123/1896 3159/2152/1919 3754/2150/1917
f 3754/2150/1917 3159/2152/1919 472/2153/1708 3050/2154/1705
f 3160/2151/1918 3754/2150/1917 3050/2154/1705 473/2155/1704
f 462/2121/1894 3153/2135/1908 3755/2156/1920 3161/2157/1921
f 3153/2135/1908 461/2129/1902 3156/2139/1912 3755/2156/1920
f 3755/2156/1920 3156/2139/1912 470/2143/1686 3054/2158/1714
f 3161/2157/1921 3755/2156/1920 3054/2158/1714 471/2159/1713
f 460/2127/1900 3154/2137/1910 3756/2160/1922 3155/2140/1913
f 468/2062/1721 3057/2161/1719 3756/2160/1922 3154/2137/1910
f 469/2141/1690 3155/2140/1913 3756/2160/1922 3057/2161/1719
f 467/2065/1723 3141/2109/1882 3757/2162/1923 3059/2163/1724
f 466/2111/1884 3158/2145/1915 3757/2162/1923 3141/2109/1882
f 475/2149/1695 3059/2163/1724 3757/2162/1923 3158/2145/1915
f 465/2117/1890 3143/2116/1889 3758/2164/1924 3157/2146/1916
f 3143/2116/1889 464/2115/1888 3160/2151/1918 3758/2164/1924
f 3758/2164/1924 3160/2151/1918 473/2155/1704 3061/2165/1727
f 3157/2146/1916 3758/2164/1924 3061/2165/1727 474/2147/1699
f 463/2123/1896 3146/2122/1895 3759/2166/1925 3159/2152/1919
f 3146/2122/1895 462/2121/1894 3161/2157/1921 3759/2166/1925
f 3759/2166/1925 3161/2157/1921 471/2159/1713 3063/2167/1730
f 3159/2152/1919 3759/2166/1925 3063/2167/1730 472/2153/1708
f 476/2168/1926 3162/2169/1927 3760/2170/1928 3165/2171/1929
f 3162/2169/1927 477/2172/1930 3163/2173/1931 3760/2170/1928
f 3760/2170/1928 3163/2173/1931 478/2174/1932 3164/2175/1933
f 3165/2171/1929 3760/2170/1928 3164/2175/1933 479/2176/1934
f 480/2177/1935 3166/2178/1936 3761/2179/1937 3169/2180/1938
f 3166/2178/1936 481/2181/1939 3167/2182/1940 3761/2179/1937
f 3761/2179/1937 3167/2182/1940 482/2183/1941 3168/2184/1942
f 3169/2180/1938 3761/2179/1937 3168/2184/1942 483/2185/1943
f 484/2186/1944 3170/2187/1945 3762/2188/1946 3173/2189/1947
f 3170/2187/1945 485/2190/1948 3171/2191/1949 3762/2188/1946
f 3762/2188/1946 3171/2191/1949 486/2192/1950 3172/2193/1951
f 3173/2189/1947 3762/2188/1946 3172/2193/1951 487/2194/1952
f 488/2195/1953 3174/2196/1954 3763/2197/1955 3176/2198/1956
f 3174/2196/1954 476/2168/1926 3165/2171/1929 3763/2197/1955
f 3763/2197/1955 3165/2171/1929 479/2176/1934 3175/2199/1957
f 3176/2198/1956 3763/2197/1955 3175/2199/1957 489/2200/1958
f 477/2172/1930 3177/2201/1959 3764/2202/1960 3163/2173/1931
f 490/2203/1961 3178/2204/1962 3764/2202/1960 3177/2201/1959
f 478/2174/1932 3163/2173/1931 3764/2202/1960 3178/2204/1962
f 491/2205/1963 3179/2206/1964 3765/2207/1965 3180/2208/1966
f 480/2177/1935 3169/2180/1938 3765/2207/1965 3179/2206/1964
f 483/2185/1943 3180/2208/1966 3765/2207/1965 3169/2180/1938
f 481/2181/1939 3181/2209/1967 3766/2210/1968 3167/2182/1940
f 3181/2209/1967 484/2186/1944 3173/2189/1947 3766/2210/1968
f 3766/2210/1968 3173/2189/1947 487/2194/1952 3182/2211/1969
f 3167/2182/1940 3766/2210/1968 3182/2211/1969 482/2183/1941
f 485/2190/1948 3183/2212/1970 3767/2213/1971 3171/2191/1949
f 3183/2212/1970 488/2195/1953 3176/2198/1956 3767/2213/1971
f 3767/2213/1971 3176/2198/1956 489/2200/1958 3184/2214/1972
f 3171/2191/1949 3767/2213/1971 3184/2214/1972 486/2192/1950
f 487/2194/1952 3172/2193/1951 3768/2215/1973 3187/2216/1974
f 3172/2193/1951 486/2192/1950 3185/2217/1975 3768/2215/1973
f 3768/2215/1973 3185/2217/1975 492/2218/1254 3186/2219/1976
f 3187/2216/1974 3768/2215/1973 3186/2219/1976 493/2220/1977
f 489/2200/1958 3175/2199/1957 3769/2221/1978 3190/2222/1979
f 3175/2199/1957 479/2176/1934 3188/2223/1980 3769/2221/1978
f 3769/2221/1978 3188/2223/1980 494/2224/1981 3189/2225/1982
f 3190/2222/1979 3769/2221/1978 3189/2225/1982 495/2226/1983
f 478/2174/1932 3178/2204/1962 3770/2227/1984 3192/2228/1985
f 490/2203/1961 3191/2229/1986 3770/2227/1984 3178/2204/1962
f 496/2230/1987 3192/2228/1985 3770/2227/1984 3191/2229/1986
f 491/2205/1963 3180/2208/1966 3771/2231/1988 3194/2232/1989
f 483/2185/1943 3193/2233/1990 3771/2231/1988 3180/2208/1966
f 497/2234/1991 3194/2232/1989 3771/2231/1988 3193/2233/1990
f 482/2183/1941 3182/2211/1969 3772/2235/1992 3196/2236/1993
f 3182/2211/1969 487/2194/1952 3187/2216/1974 3772/2235/1992
f 3772/2235/1992 3187/2216/1974 493/2220/1977 3195/2237/1994
f 3196/2236/1993 3772/2235/1992 3195/2237/1994 498/2238/1995
f 486/2192/1950 3184/2214/1972 3773/2239/1996 3185/2217/1975
f 3184/2214/1972 489/2200/1958 3190/2222/1979 3773/2239/1996
f 3773/2239/1996 3190/2222/1979 495/2226/1983 3197/2240/1997
f 3185/2217/1975 3773/2239/1996 3197/2240/1997 492/2218/1254
f 479/2176/1934 3164/2175/1933 3774/2241/1998 3188/2223/1980
f 3164/2175/1933 478/2174/1932 3192/2228/1985 3774/2241/1998
f 3774/2241/1998 3192/2228/1985 496/2230/1987 3198/2242/1999
f 3188/2223/1980 3774/2241/1998 3198/2242/1999 494/2224/1981
f 483/2185/1943 3168/2184/1942 3775/2243/2000 3193/2233/1990
f 3168/2184/1942 482/2183/1941 3196/2236/1993 3775/2243/2000
f 3775/2243/2000 3196/2236/1993 498/2238/1995 3199/2244/2001
f 3193/2233/1990 3775/2243/2000 3199/2244/2001 497/2234/1991
f 491/2205/1963 3194/2232/1989 3776/2245/2002 3201/2246/2003
f 497/2234/1991 3200/2247/2004 3776/2245/2002 3194/2232/1989
f 499/2248/2005 3201/2246/2003 3776/2245/2002 3200/2247/2004
f 498/2238/1995 3195/2237/1994 3777/2249/2006 3204/2250/2007
f 3195/2237/1994 493/2220/1977 3202/2251/2008 3777/2249/2006
f 3777/2249/2006 3202/2251/2008 500/2252/2009 3203/2253/2010
f 3204/2250/2007 3777/2249/2006 3203/2253/2010 501/2254/2011
f 492/2218/1254 3197/2240/1997 3778/2255/2012 3207/2256/2013
f 3197/2240/1997 495/2226/1983 3205/2257/2014 3778/2255/2012
f 3778/2255/2012 3205/2257/2014 502/2258/2015 3206/2259/2016
f 3207/2256/2013 3778/2255/2012 3206/2259/2016 503/2260/2017
f 494/2224/1981 3198/2242/1999 3779/2261/2018 3210/2262/2019
f 3198/2242/1999 496/2230/1987 3208/2263/2020 3779/2261/2018
f 3779/2261/2018 3208/2263/2020 504/2264/2021 3209/2265/2022
f 3210/2262/2019 3779/2261/2018 3209/2265/2022 505/2266/2023
f 497/2234/1991 3199/2244/2001 3780/2267/2024 3200/2247/2004
f 3199/2244/2001 498/2238/1995 3204/2250/2007 3780/2267/2024
f 3780/2267/2024 3204/2250/2007 501/2254/2011 3211/2268/2025
f 3200/2247/2004 3780/2267/2024 3211/2268/2025 499/2248/2005
f 493/2220/1977 3186/2219/1976 3781/2269/2026 3202/2251/2008
f 3186/2219/1976 492/2218/1254 3207/2256/2013 3781/2269/2026
f 3781/2269/2026 3207/2256/2013 503/2260/2017 3212/2270/2027
f 3202/2251/2008 3781/2269/2026 3212/2270/2027 500/2252/2009
f 495/2226/1983 3189/2225/1982 3782/2271/2028 3205/2257/2014
f 3189/2225/1982 494/2224/1981 3210/2262/2019 3782/2271/2028
f 3782/2271/2028 3210/2262/2019 505/2266/2023 3213/2272/2029
f 3205/2257/2014 3782/2271/2028 3213/2272/2029 502/2258/2015
f 496/2230/1987 3191/2229/1986 3783/2273/2030 3208/2263/2020
f 490/2203/1961 3214/2274/2031 3783/2273/2030 3191/2229/1986
f 504/2264/2021 3208/2263/2020 3783/2273/2030 3214/2274/2031
f 503/2260/2017 3206/2259/2016 3784/2275/2032 3217/2276/2033
f 3206/2259/2016 502/2258/2015 3215/2277/2034 3784/2275/2032
f 3784/2275/2032 3215/2277/2034 506/2278/2035 3216/2279/2036
f 3217/2276/2033 3784/2275/2032 3216/2279/2036 507/2280/2037
f 505/2266/2023 3209/2265/2022 3785/2281/2038 3220/2282/2039
f 3209/2265/2022 504/2264/2021 3218/2283/2040 3785/2281/2038
f 3785/2281/2038 3218/2283/2040 508/2284/2041 3219/2285/2042
f 3220/2282/2039 3785/2281/2038 3219/2285/2042 509/2286/2043
f 499/2248/2005 3211/2268/2025 3786/2287/2044 3223/2288/2045
f 3211/2268/2025 501/2254/2011 3221/2289/2046 3786/2287/2044
f 3786/2287/2044 3221/2289/2046 510/2290/2047 3222/2291/2048
f 3223/2288/2045 3786/2287/2044 3222/2291/2048 511/2292/2049
f 500/2252/2009 3212/2270/2027 3787/2293/2050 3225/2294/2051
f 3212/2270/2027 503/2260/2017 3217/2276/2033 3787/2293/2050
f 3787/2293/2050 3217/2276/2033 507/2280/2037 3224/2295/2052
f 3225/2294/2051 3787/2293/2050 3224/2295/2052 512/2296/2053
f 502/2258/2015 3213/2272/2029 3788/2297/2054 3215/2277/2034
f 3213/2272/2029 505/2266/2023 3220/2282/2039 3788/2297/2054
f 3788/2297/2054 3220/2282/2039 509/2286/2043 3226/2298/2055
f 3215/2277/2034 3788/2297/2054 3226/2298/2055 506/2278/2035
f 504/2264/2021 3214/2274/2031 3789/2299/2056 3218/2283/2040
f 490/2203/1961 3227/2300/2057 3789/2299/2056 3214/2274/2031
f 508/2284/2041 3218/2283/2040 3789/2299/2056 3227/2300/2057
f 491/2205/1963 3201/2246/2003 3790/2301/2058 3228/2302/2059
f 499/2248/2005 3223/2288/2045 3790/2301/2058 3201/2246/2003
f 511/2292/2049 3228/2302/2059 3790/2301/2058 3223/2288/2045
f 501/2254/2011 3203/2253/2010 3791/2303/2060 3221/2289/2046
f 3203/2253/2010 500/2252/2009 3225/2294/2051 3791/2303/2060
f 3791/2303/2060 3225/2294/2051 512/2296/2053 3229/2304/2061
f 3221/2289/2046 3791/2303/2060 3229/2304/2061 510/2290/2047
f 511/2292/2049 3222/2291/2048 3792/2305/2062 3232/2306/2063
f 3222/2291/2048 510/2290/2047 3230/2307/2064 3792/2305/2062
f 3792/2305/2062 3230/2307/2064 513/2308/2065 3231/2309/2066
f 3232/2306/2063 3792/2305/2062 3231/2309/2066 514/2310/2067
f 512/2296/2053 3224/2295/2052 3793/2311/2068 3235/2312/2069
f 3224/2295/2052 507/2280/2037 3233/2313/2070 3793/2311/2068
f 3793/2311/2068 3233/2313/2070 515/2314/2071 3234/2315/2072
f 3235/2312/2069 3793/2311/2068 3234/2315/2072 516/2316/2073
f 506/2278/2035 3226/2298/2055 3794/2317/2074 3238/2318/2075
f 3226/2298/2055 509/2286/2043 3236/2319/2076 3794/2317/2074
f 3794/2317/2074 3236/2319/2076 517/2320/2077 3237/2321/2078
f 3238/2318/2075 3794/2317/2074 3237/2321/2078 518/2322/2079
f 508/2284/2041 3227/2300/2057 3795/2323/2080 3240/2324/2081
f 490/2203/1961 3239/2325/2082 3795/2323/2080 3227/2300/2057
f 519/2326/2083 3240/2324/2081 3795/2323/2080 3239/2325/2082
f 491/2205/1963 3228/2302/2059 3796/2327/2084 3241/2328/2085
f 511/2292/2049 3232/2306/2063 3796/2327/2084 3228/2302/2059
f 514/2310/2067 3241/2328/2085 3796/2327/2084 3232/2306/2063
f 510/2290/2047 3229/2304/2061 3797/2329/2086 3230/2307/2064
f 3229/2304/2061 512/2296/2053 3235/2312/2069 3797/2329/2086
f 3797/2329/2086 3235/2312/2069 516/2316/2073 3242/2330/2087
f 3230/2307/2064 3797/2329/2086 3242/2330/2087 513/2308/2065
f 507/2280/2037 3216/2279/2036 3798/2331/2088 3233/2313/2070
f 3216/2279/2036 506/2278/2035 3238/2318/2075 3798/2331/2088
f 3798/2331/2088 3238/2318/2075 518/2322/2079 3243/2332/2089
f 3233/2313/2070 3798/2331/2088 3243/2332/2089 515/2314/2071
f 509/2286/2043 3219/2285/2042 3799/2333/2090 3236/2319/2076
f 3219/2285/2042 508/2284/2041 3240/2324/2081 3799/2333/2090
f 3799/2333/2090 3240/2324/2081 519/2326/2083 3244/2334/2091
f 3236/2319/2076 3799/2333/2090 3244/2334/2091 517/2320/2077
f 518/2322/2079 3237/2321/2078 3800/2335/2092 3247/2336/2093
f 3237/2321/2078 517/2320/2077 3245/2337/2094 3800/2335/2092
f 3800/2335/2092 3245/2337/2094 520/2338/2095 3246/2339/2096
f 3247/2336/2093 3800/2335/2092 3246/2339/2096 521/2340/2097
f 519/2326/2083 3239/2325/2082 3801/2341/2098 3249/2342/2099
f 490/2203/1961 3248/2343/2100 3801/2341/2098 3239/2325/2082
f 522/2344/2101 3249/2342/2099 3801/2341/2098 3248/2343/2100
f 491/2205/1963 3241/2328/2085 3802/2345/2102 3251/2346/2103
f 514/2310/2067 3250/2347/2104 3802/2345/2102 3241/2328/2085
f 523/2348/2105 3251/2346/2103 3802/2345/2102 3250/2347/2104
f 513/2308/2065 3242/2330/2087 3803/2349/2106 3254/2350/2107
f 3242/2330/2087 516/2316/2073 3252/2351/2108 3803/2349/2106
f 3803/2349/2106 3252/2351/2108 524/2352/2109 3253/2353/2110
f 3254/2350/2107 3803/2349/2106 3253/2353/2110 525/2354/2111
f 515/2314/2071 3243/2332/2089 3804/2355/2112 3256/2356/2113
f 3243/2332/2089 518/2322/2079 3247/2336/2093 3804/2355/2112
f 3804/2355/2112 3247/2336/2093 521/2340/2097 3255/2357/2114
f 3256/2356/2113 3804/2355/2112 3255/2357/2114 526/2358/1394
f 517/2320/2077 3244/2334/2091 3805/2359/2115 3245/2337/2094
f 3244/2334/2091 519/2326/2083 3249/2342/2099 3805/2359/2115
f 3805/2359/2115 3249/2342/2099 522/2344/2101 3257/2360/2116
f 3245/2337/2094 3805/2359/2115 3257/2360/2116 520/2338/2095
f 514/2310/2067 3231/2309/2066 3806/2361/2117 3250/2347/2104
f 3231/2309/2066 513/2308/2065 3254/2350/2107 3806/2361/2117
f 3806/2361/2117 3254/2350/2107 525/2354/2111 3258/2362/2118
f 3250/2347/2104 3806/2361/2117 3258/2362/2118 523/2348/2105
f 516/2316/2073 3234/2315/2072 3807/2363/2119 3252/2351/2108
f 3234/2315/2072 515/2314/2071 3256/2356/2113 3807/2363/2119
f 3807/2363/2119 3256/2356/2113 526/2358/1394 3259/2364/2120
f 3252/2351/2108 3807/2363/2119 3259/2364/2120 524/2352/2109
f 491/2205/1963 3251/2346/2103 3808/2365/2121 3261/2366/2122
f 523/2348/2105 3260/2367/2123 3808/2365/2121 3251/2346/2103
f 527/2368/2124 3261/2366/2122 3808/2365/2121 3260/2367/2123
f 525/2354/2111 3253/2353/2110 3809/2369/2125 3264/2370/2126
f 3253/2353/2110 524/2352/2109 3262/2371/2127 3809/2369/2125
f 3809/2369/2125 3262/2371/2127 528/2372/2128 3263/2373/2129
f 3264/2370/2126 3809/2369/2125 3263/2373/2129 529/2374/2130
f 526/2358/1394 3255/2357/2114 3810/2375/2131 1081/2376/2132
f 3255/2357/2114 521/2340/2097 3265/2377/2133 3810/2375/2131
f 3810/2375/2131 3265/2377/2133 530/2378/2134 1080/2379/2135
f 1081/2376/2132 3810/2375/2131 1080/2379/2135 531/2380/2136
f 520/2338/2095 3257/2360/2116 3811/2381/2137 1084/2382/2138
f 3257/2360/2116 522/2344/2101 1082/2383/2139 3811/2381/2137
f 3811/2381/2137 1082/2383/2139 532/2384/2140 1083/2385/2141
f 1084/2382/2138 3811/2381/2137 1083/2385/2141 533/2386/2142
f 523/2348/2105 3258/2362/2118 3812/2387/2143 3260/2367/2123
f 3258/2362/2118 525/2354/2111 3264/2370/2126 3812/2387/2143
f 3812/2387/2143 3264/2370/2126 529/2374/2130 1085/2388/2144
f 3260/2367/2123 3812/2387/2143 1085/2388/2144 527/2368/2124
f 524/2352/2109 3259/2364/2120 3813/2389/2145 3262/2371/2127
f 3259/2364/2120 526/2358/1394 1081/2376/2132 3813/2389/2145
f 3813/2389/2145 1081/2376/2132 531/2380/2136 1086/2390/2146
f 3262/2371/2127 3813/2389/2145 1086/2390/2146 528/2372/2128
f 521/2340/2097 3246/2339/2096 3814/2391/2147 3265/2377/2133
f 3246/2339/2096 520/2338/2095 1084/2382/2138 3814/2391/2147
f 3814/2391/2147 1084/2382/2138 533/2386/2142 1087/2392/2148
f 3265/2377/2133 3814/2391/2147 1087/2392/2148 530/2378/2134
f 522/2344/2101 3248/2343/2100 3815/2393/2149 1082/2383/2139
f 490/2203/1961 1088/2394/2150 3815/2393/2149 3248/2343/2100
f 532/2384/2140 1082/2383/2139 3815/2393/2149 1088/2394/2150
f 533/2386/2142 1083/2385/2141 3816/2395/2151 1090/2396/2152
f 1083/2385/2141 532/2384/2140 1089/2397/2153 3816/2395/2151
f 3816/2395/2151 1089/2397/2153 477/2398/1930 3162/2399/1927
f 1090/2396/2152 3816/2395/2151 3162/2399/1927 476/2400/1926
f 527/2368/2124 1085/2388/2144 3817/2401/2154 1092/2402/2155
f 1085/2388/2144 529/2374/2130 1091/2403/2156 3817/2401/2154
f 3817/2401/2154 1091/2403/2156 481/2404/1939 3166/2405/1936
f 1092/2402/2155 3817/2401/2154 3166/2405/1936 480/2406/1935
f 528/2372/2128 1086/2390/2146 3818/2407/2157 1094/2408/2158
f 1086/2390/2146 531/2380/2136 1093/2409/2159 3818/2407/2157
f 3818/2407/2157 1093/2409/2159 485/2410/1948 3170/2411/1945
f 1094/2408/2158 3818/2407/2157 3170/2411/1945 484/2412/1944
f 530/2378/2134 1087/2392/2148 3819/2413/2160 1095/2414/2161
f 1087/2392/2148 533/2386/2142 1090/2396/2152 3819/2413/2160
f 3819/2413/2160 1090/2396/2152 476/2400/1926 3174/2415/1954
f 1095/2414/2161 3819/2413/2160 3174/2415/1954 488/2416/1953
f 532/2384/2140 1088/2394/2150 3820/2417/2162 1089/2397/2153
f 490/2203/1961 3177/2418/1959 3820/2417/2162 1088/2394/2150
f 477/2398/1930 1089/2397/2153 3820/2417/2162 3177/2418/1959
f 491/2205/1963 3261/2366/2122 3821/2419/2163 3179/2420/1964
f 527/2368/2124 1092/2402/2155 3821/2419/2163 3261/2366/2122
f 480/2406/1935 3179/2420/1964 3821/2419/2163 1092/2402/2155
f 529/2374/2130 3263/2373/2129 3822/2421/2164 1091/2403/2156
f 3263/2373/2129 528/2372/2128 1094/2408/2158 3822/2421/2164
f 3822/2421/2164 1094/2408/2158 484/2412/1944 3181/2422/1967
f 1091/2403/2156 3822/2421/2164 3181/2422/1967 481/2404/1939
f 531/2380/2136 1080/2379/2135 3823/2423/2165 1093/2409/2159
f 1080/2379/2135 530/2378/2134 1095/2414/2161 3823/2423/2165
f 3823/2423/2165 1095/2414/2161 488/2416/1953 3183/2424/1970
f 1093/2409/2159 3823/2423/2165 3183/2424/1970 485/2410/1948
f 534/2425/1926 1096/2426/2152 3824/2427/2151 1099/2428/1927
f 1096/2426/2152 535/2429/2142 1097/2430/2166 3824/2427/2151
f 3824/2427/2151 1097/2430/2166 536/2431/2167 1098/2432/2153
f 1099/2428/1927 3824/2427/2151 1098/2432/2153 537/2433/2168
f 538/2434/2169 1100/2435/2155 3825/2436/2154 1103/2437/1936
f 1100/2435/2155 539/2438/2124 1101/2439/2144 3825/2436/2154
f 3825/2436/2154 1101/2439/2144 540/2440/2130 1102/2441/2156
f 1103/2437/1936 3825/2436/2154 1102/2441/2156 541/2442/1939
f 542/2443/1944 1104/2444/2158 3826/2445/2157 1107/2446/2170
f 1104/2444/2158 543/2447/2128 1105/2448/2146 3826/2445/2157
f 3826/2445/2157 1105/2448/2146 544/2449/2171 1106/2450/2159
f 1107/2446/2170 3826/2445/2157 1106/2450/2159 545/2451/1948
f 546/2452/1953 1108/2453/2161 3827/2454/2160 1110/2455/2172
f 1108/2453/2161 547/2456/2173 1109/2457/2174 3827/2454/2160
f 3827/2454/2160 1109/2457/2174 535/2429/2142 1096/2426/2152
f 1110/2455/2172 3827/2454/2160 1096/2426/2152 534/2425/1926
f 537/2433/2168 1098/2432/2153 3828/2458/2162 1112/2459/1959
f 536/2431/2167 1111/2460/2150 3828/2458/2162 1098/2432/2153
f 548/2461/1961 1112/2459/1959 3828/2458/2162 1111/2460/2150
f 549/2462/1963 1113/2463/2122 3829/2464/2163 1114/2465/1964
f 539/2438/2124 1100/2435/2155 3829/2464/2163 1113/2463/2122
f 538/2434/2169 1114/2465/1964 3829/2464/2163 1100/2435/2155
f 541/2442/1939 1102/2441/2156 3830/2466/2164 1116/2467/1967
f 1102/2441/2156 540/2440/2130 1115/2468/2129 3830/2466/2164
f 3830/2466/2164 1115/2468/2129 543/2447/2128 1104/2444/2158
f 1116/2467/1967 3830/2466/2164 1104/2444/2158 542/2443/1944
f 545/2451/1948 1106/2450/2159 3831/2469/2165 1118/2470/1970
f 1106/2450/2159 544/2449/2171 1117/2471/2135 3831/2469/2165
f 3831/2469/2165 1117/2471/2135 547/2456/2173 1108/2453/2161
f 1118/2470/1970 3831/2469/2165 1108/2453/2161 546/2452/1953
f 543/2447/2128 1119/2472/2127 3832/2473/2145 1105/2448/2146
f 1119/2472/2127 550/2474/2175 1120/2475/2176 3832/2473/2145
f 3832/2473/2145 1120/2475/2176 551/2476/1394 1121/2477/2177
f 1105/2448/2146 3832/2473/2145 1121/2477/2177 544/2449/2171
f 547/2456/2173 1122/2478/2133 3833/2479/2178 1109/2457/2174
f 1122/2478/2133 552/2480/2179 1123/2481/2096 3833/2479/2178
f 3833/2479/2178 1123/2481/2096 553/2482/2095 1124/2483/2180
f 1109/2457/2174 3833/2479/2178 1124/2483/2180 535/2429/2142
f 536/2431/2167 1125/2484/2139 3834/2485/2149 1111/2460/2150
f 554/2486/2101 1126/2487/2100 3834/2485/2149 1125/2484/2139
f 548/2461/1961 1111/2460/2150 3834/2485/2149 1126/2487/2100
f 549/2462/1963 1127/2488/2103 3835/2489/2121 1113/2463/2122
f 555/2490/2105 1128/2491/2123 3835/2489/2121 1127/2488/2103
f 539/2438/2124 1113/2463/2122 3835/2489/2121 1128/2491/2123
f 540/2440/2130 1129/2492/2126 3836/2493/2181 1115/2468/2129
f 1129/2492/2126 556/2494/2111 1130/2495/2110 3836/2493/2181
f 3836/2493/2181 1130/2495/2110 550/2474/2175 1119/2472/2127
f 1115/2468/2129 3836/2493/2181 1119/2472/2127 543/2447/2128
f 544/2449/2171 1121/2477/2177 3837/2496/2131 1117/2471/2135
f 1121/2477/2177 551/2476/1394 1131/2497/2114 3837/2496/2131
f 3837/2496/2131 1131/2497/2114 552/2480/2179 1122/2478/2133
f 1117/2471/2135 3837/2496/2131 1122/2478/2133 547/2456/2173
f 535/2429/2142 1124/2483/2180 3838/2498/2137 1097/2430/2166
f 1124/2483/2180 553/2482/2095 1132/2499/2116 3838/2498/2137
f 3838/2498/2137 1132/2499/2116 554/2486/2101 1125/2484/2139
f 1097/2430/2166 3838/2498/2137 1125/2484/2139 536/2431/2167
f 539/2438/2124 1128/2491/2123 3839/2500/2143 1101/2439/2144
f 1128/2491/2123 555/2490/2105 1133/2501/2118 3839/2500/2143
f 3839/2500/2143 1133/2501/2118 556/2494/2111 1129/2492/2126
f 1101/2439/2144 3839/2500/2143 1129/2492/2126 540/2440/2130
f 549/2462/1963 1134/2502/2085 3840/2503/2102 1127/2488/2103
f 557/2504/2067 1135/2505/2104 3840/2503/2102 1134/2502/2085
f 555/2490/2105 1127/2488/2103 3840/2503/2102 1135/2505/2104
f 556/2494/2111 1136/2506/2107 3841/2507/2106 1130/2495/2110
f 1136/2506/2107 558/2508/2065 1137/2509/2087 3841/2507/2106
f 3841/2507/2106 1137/2509/2087 559/2510/2182 1138/2511/2183
f 1130/2495/2110 3841/2507/2106 1138/2511/2183 550/2474/2175
f 551/2476/1394 1139/2512/2113 3842/2513/2112 1131/2497/2114
f 1139/2512/2113 560/2514/2071 1140/2515/2089 3842/2513/2112
f 3842/2513/2112 1140/2515/2089 561/2516/2079 1141/2517/2093
f 1131/2497/2114 3842/2513/2112 1141/2517/2093 552/2480/2179
f 553/2482/2095 1142/2518/2184 3843/2519/2185 1132/2499/2116
f 1142/2518/2184 562/2520/2077 1143/2521/2091 3843/2519/2185
f 3843/2519/2185 1143/2521/2091 563/2522/2083 1144/2523/2099
f 1132/2499/2116 3843/2519/2185 1144/2523/2099 554/2486/2101
f 555/2490/2105 1135/2505/2104 3844/2524/2117 1133/2501/2118
f 1135/2505/2104 557/2504/2067 1145/2525/2186 3844/2524/2117
f 3844/2524/2117 1145/2525/2186 558/2508/2065 1136/2506/2107
f 1133/2501/2118 3844/2524/2117 1136/2506/2107 556/2494/2111
f 550/2474/2175 1138/2511/2183 3845/2526/2119 1120/2475/2176
f 1138/2511/2183 559/2510/2182 1146/2527/2072 3845/2526/2119
f 3845/2526/2119 1146/2527/2072 560/2514/2071 1139/2512/2113
f 1120/2475/2176 3845/2526/2119 1139/2512/2113 551/2476/1394
f 552/2480/2179 1141/2517/2093 3846/2528/2092 1123/2481/2096
f 1141/2517/2093 561/2516/2079 1147/2529/2078 3846/2528/2092
f 3846/2528/2092 1147/2529/2078 562/2520/2077 1142/2518/2184
f 1123/2481/2096 3846/2528/2092 1142/2518/2184 553/2482/2095
f 554/2486/2101 1144/2523/2099 3847/2530/2187 1126/2487/2100
f 563/2522/2083 1148/2531/2082 3847/2530/2187 1144/2523/2099
f 548/2461/1961 1126/2487/2100 3847/2530/2187 1148/2531/2082
f 560/2514/2071 1149/2532/2188 3848/2533/2088 1140/2515/2089
f 1149/2532/2188 564/2534/2037 1150/2535/2189 3848/2533/2088
f 3848/2533/2088 1150/2535/2189 565/2536/2035 1151/2537/2075
f 1140/2515/2089 3848/2533/2088 1151/2537/2075 561/2516/2079
f 562/2520/2077 1152/2538/2076 3849/2539/2190 1143/2521/2091
f 1152/2538/2076 566/2540/2043 1153/2541/2042 3849/2539/2190
f 3849/2539/2190 1153/2541/2042 567/2542/2191 1154/2543/2081
f 1143/2521/2091 3849/2539/2190 1154/2543/2081 563/2522/2083
f 557/2504/2067 1155/2544/2063 3850/2545/2062 1145/2525/2186
f 1155/2544/2063 568/2546/2192 1156/2547/2048 3850/2545/2062
f 3850/2545/2062 1156/2547/2048 569/2548/2047 1157/2549/2064
f 1145/2525/2186 3850/2545/2062 1157/2549/2064 558/2508/2065
f 559/2510/2182 1158/2550/2069 3851/2551/2068 1146/2527/2072
f 1158/2550/2069 570/2552/2193 1159/2553/2052 3851/2551/2068
f 3851/2551/2068 1159/2553/2052 564/2534/2037 1149/2532/2188
f 1146/2527/2072 3851/2551/2068 1149/2532/2188 560/2514/2071
f 561/2516/2079 1151/2537/2075 3852/2554/2194 1147/2529/2078
f 1151/2537/2075 565/2536/2035 1160/2555/2055 3852/2554/2194
f 3852/2554/2194 1160/2555/2055 566/2540/2043 1152/2538/2076
f 1147/2529/2078 3852/2554/2194 1152/2538/2076 562/2520/2077
f 563/2522/2083 1154/2543/2081 3853/2556/2080 1148/2531/2082
f 567/2542/2191 1161/2557/2057 3853/2556/2080 1154/2543/2081
f 548/2461/1961 1148/2531/2082 3853/2556/2080 1161/2557/2057
f 549/2462/1963 1162/2558/2059 3854/2559/2084 1134/2502/2085
f 568/2546/2192 1155/2544/2063 3854/2559/2084 1162/2558/2059
f 557/2504/2067 1134/2502/2085 3854/2559/2084 1155/2544/2063
f 558/2508/2065 1157/2549/2064 3855/2560/2086 1137/2509/2087
f 1157/2549/2064 569/2548/2047 1163/2561/2061 3855/2560/2086
f 3855/2560/2086 1163/2561/2061 570/2552/2193 1158/2550/2069
f 1137/2509/2087 3855/2560/2086 1158/2550/2069 559/2510/2182
f 568/2546/2192 1164/2562/2045 3856/2563/2044 1156/2547/2048
f 1164/2562/2045 571/2564/2005 1165/2565/2025 3856/2563/2044
f 3856/2563/2044 1165/2565/2025 572/2566/2011 1166/2567/2046
f 1156/2547/2048 3856/2563/2044 1166/2567/2046 569/2548/2047
f 570/2552/2193 1167/2568/2051 3857/2569/2050 1159/2553/2052
f 1167/2568/2051 573/2570/2009 1168/2571/2027 3857/2569/2050
f 3857/2569/2050 1168/2571/2027 574/2572/2195 1169/2573/2033
f 1159/2553/2052 3857/2569/2050 1169/2573/2033 564/2534/2037
f 565/2536/2035 1170/2574/2034 3858/2575/2196 1160/2555/2055
f 1170/2574/2034 575/2576/2015 1171/2577/2197 3858/2575/2196
f 3858/2575/2196 1171/2577/2197 576/2578/2198 1172/2579/2039
f 1160/2555/2055 3858/2575/2196 1172/2579/2039 566/2540/2043
f 567/2542/2191 1173/2580/2040 3859/2581/2056 1161/2557/2057
f 577/2582/2021 1174/2583/2031 3859/2581/2056 1173/2580/2040
f 548/2461/1961 1161/2557/2057 3859/2581/2056 1174/2583/2031
f 549/2462/1963 1175/2584/2199 3860/2585/2200 1162/2558/2059
f 571/2564/2005 1164/2562/2045 3860/2585/2200 1175/2584/2199
f 568/2546/2192 1162/2558/2059 3860/2585/2200 1164/2562/2045
f 569/2548/2047 1166/2567/2046 3861/2586/2060 1163/2561/2061
f 1166/2567/2046 572/2566/2011 1176/2587/2010 3861/2586/2060
f 3861/2586/2060 1176/2587/2010 573/2570/2009 1167/2568/2051
f 1163/2561/2061 3861/2586/2060 1167/2568/2051 570/2552/2193
f 564/2534/2037 1169/2573/2033 3862/2588/2032 1150/2535/2189
f 1169/2573/2033 574/2572/2195 1177/2589/2016 3862/2588/2032
f 3862/2588/2032 1177/2589/2016 575/2576/2015 1170/2574/2034
f 1150/2535/2189 3862/2588/2032 1170/2574/2034 565/2536/2035
f 566/2540/2043 1172/2579/2039 3863/2590/2201 1153/2541/2042
f 1172/2579/2039 576/2578/2198 1178/2591/2022 3863/2590/2201
f 3863/2590/2201 1178/2591/2022 577/2582/2021 1173/2580/2040
f 1153/2541/2042 3863/2590/2201 1173/2580/2040 567/2542/2191
f 575/2576/2015 1179/2592/2202 3864/2593/2203 1171/2577/2197
f 1179/2592/2202 578/2594/1983 1180/2595/1982 3864/2593/2203
f 3864/2593/2203 1180/2595/1982 579/2596/1981 1181/2597/2019
f 1171/2577/2197 3864/2593/2203 1181/2597/2019 576/2578/2198
f 577/2582/2021 1182/2598/2204 3865/2599/2030 1174/2583/2031
f 580/2600/1987 1183/2601/1986 3865/2599/2030 1182/2598/2204
f 548/2461/1961 1174/2583/2031 3865/2599/2030 1183/2601/1986
f 549/2462/1963 1184/2602/1989 3866/2603/2002 1175/2584/2199
f 581/2604/1991 1185/2605/2004 3866/2603/2002 1184/2602/1989
f 571/2564/2005 1175/2584/2199 3866/2603/2002 1185/2605/2004
f 572/2566/2011 1186/2606/2007 3867/2607/2205 1176/2587/2010
f 1186/2606/2007 582/2608/1995 1187/2609/1994 3867/2607/2205
f 3867/2607/2205 1187/2609/1994 583/2610/2206 1188/2611/2207
f 1176/2587/2010 3867/2607/2205 1188/2611/2207 573/2570/2009
f 574/2572/2195 1189/2612/2013 3868/2613/2208 1177/2589/2016
f 1189/2612/2013 584/2614/1254 1190/2615/2209 3868/2613/2208
f 3868/2613/2208 1190/2615/2209 578/2594/1983 1179/2592/2202
f 1177/2589/2016 3868/2613/2208 1179/2592/2202 575/2576/2015
f 576/2578/2198 1181/2597/2019 3869/2616/2018 1178/2591/2022
f 1181/2597/2019 579/2596/1981 1191/2617/1999 3869/2616/2018
f 3869/2616/2018 1191/2617/1999 580/2600/1987 1182/2598/2204
f 1178/2591/2022 3869/2616/2018 1182/2598/2204 577/2582/2021
f 571/2564/2005 1185/2605/2004 3870/2618/2210 1165/2565/2025
f 1185/2605/2004 581/2604/1991 1192/2619/2211 3870/2618/2210
f 3870/2618/2210 1192/2619/2211 582/2608/1995 1186/2606/2007
f 1165/2565/2025 3870/2618/2210 1186/2606/2007 572/2566/2011
f 573/2570/2009 1188/2611/2207 3871/2620/2212 1168/2571/2027
f 1188/2611/2207 583/2610/2206 1193/2621/1976 3871/2620/2212
f 3871/2620/2212 1193/2621/1976 584/2614/1254 1189/2612/2013
f 1168/2571/2027 3871/2620/2212 1189/2612/2013 574/2572/2195
f 549/2462/1963 1194/2622/1966 3872/2623/2213 1184/2602/1989
f 585/2624/1943 1195/2625/1990 3872/2623/2213 1194/2622/1966
f 581/2604/1991 1184/2602/1989 3872/2623/2213 1195/2625/1990
f 582/2608/1995 1196/2626/1993 3873/2627/1992 1187/2609/1994
f 1196/2626/1993 586/2628/2214 1197/2629/2215 3873/2627/1992
f 3873/2627/1992 1197/2629/2215 587/2630/1952 1198/2631/1974
f 1187/2609/1994 3873/2627/1992 1198/2631/1974 583/2610/2206
f 584/2614/1254 1199/2632/1975 3874/2633/2216 1190/2615/2209
f 1199/2632/1975 588/2634/2217 1200/2635/1972 3874/2633/2216
f 3874/2633/2216 1200/2635/1972 589/2636/1958 1201/2637/1979
f 1190/2615/2209 3874/2633/2216 1201/2637/1979 578/2594/1983
f 579/2596/1981 1202/2638/2218 3875/2639/1998 1191/2617/1999
f 1202/2638/2218 590/2640/1934 1203/2641/1933 3875/2639/1998
f 3875/2639/1998 1203/2641/1933 591/2642/2219 1204/2643/1985
f 1191/2617/1999 3875/2639/1998 1204/2643/1985 580/2600/1987
f 581/2604/1991 1195/2625/1990 3876/2644/2220 1192/2619/2211
f 1195/2625/1990 585/2624/1943 1205/2645/1942 3876/2644/2220
f 3876/2644/2220 1205/2645/1942 586/2628/2214 1196/2626/1993
f 1192/2619/2211 3876/2644/2220 1196/2626/1993 582/2608/1995
f 583/2610/2206 1198/2631/1974 3877/2646/2221 1193/2621/1976
f 1198/2631/1974 587/2630/1952 1206/2647/1951 3877/2646/2221
f 3877/2646/2221 1206/2647/1951 588/2634/2217 1199/2632/1975
f 1193/2621/1976 3877/2646/2221 1199/2632/1975 584/2614/1254
f 578/2594/1983 1201/2637/1979 3878/2648/1978 1180/2595/1982
f 1201/2637/1979 589/2636/1958 1207/2649/2222 3878/2648/1978
f 3878/2648/1978 1207/2649/2222 590/2640/1934 1202/2638/2218
f 1180/2595/1982 3878/2648/1978 1202/2638/2218 579/2596/1981
f 580/2600/1987 1204/2643/1985 3879/2650/2223 1183/2601/1986
f 591/2642/2219 1208/2651/1962 3879/2650/2223 1204/2643/1985
f 548/2461/1961 1183/2601/1986 3879/2650/2223 1208/2651/1962
f 590/2640/1934 1209/2652/1929 3880/2653/1928 1203/2641/1933
f 1209/2652/1929 534/2654/1926 1099/2655/1927 3880/2653/1928
f 3880/2653/1928 1099/2655/1927 537/2656/2168 1210/2657/1931
f 1203/2641/1933 3880/2653/1928 1210/2657/1931 591/2642/2219
f 585/2624/1943 1211/2658/1938 3881/2659/2224 1205/2645/1942
f 1211/2658/1938 538/2660/2169 1103/2661/1936 3881/2659/2224
f 3881/2659/2224 1103/2661/1936 541/2662/1939 1212/2663/2225
f 1205/2645/1942 3881/2659/2224 1212/2663/2225 586/2628/2214
f 587/2630/1952 1213/2664/1947 3882/2665/1946 1206/2647/1951
f 1213/2664/1947 542/2666/1944 1107/2667/2170 3882/2665/1946
f 3882/2665/1946 1107/2667/2170 545/2668/1948 1214/2669/1949
f 1206/2647/1951 3882/2665/1946 1214/2669/1949 588/2634/2217
f 589/2636/1958 1215/2670/2226 3883/2671/1955 1207/2649/2222
f 1215/2670/2226 546/2672/1953 1110/2673/2172 3883/2671/1955
f 3883/2671/1955 1110/2673/2172 534/2654/1926 1209/2652/1929
f 1207/2649/2222 3883/2671/1955 1209/2652/1929 590/2640/1934
f 591/2642/2219 1210/2657/1931 3884/2674/1960 1208/2651/1962
f 537/2656/2168 1112/2675/1959 3884/2674/1960 1210/2657/1931
f 548/2461/1961 1208/2651/1962 3884/2674/1960 1112/2675/1959
f 549/2462/1963 1114/2676/1964 3885/2677/1965 1194/2622/1966
f 538/2660/2169 1211/2658/1938 3885/2677/1965 1114/2676/1964
f 585/2624/1943 1194/2622/1966 3885/2677/1965 1211/2658/1938
f 586/2628/2214 1212/2663/2225 3886/2678/2227 1197/2629/2215
f 1212/2663/2225 541/2662/1939 1116/2679/1967 3886/2678/2227
f 3886/2678/2227 1116/2679/1967 542/2666/1944 1213/2664/1947
f 1197/2629/2215 3886/2678/2227 1213/2664/1947 587/2630/1952
f 588/2634/2217 1214/2669/1949 3887/2680/1971 1200/2635/1972
f 1214/2669/1949 545/2668/1948 1118/2681/1970 3887/2680/1971
f 3887/2680/1971 1118/2681/1970 546/2672/1953 1215/2670/2226
f 1200/2635/1972 3887/2680/1971 1215/2670/2226 589/2636/1958
f 592/2682/2228 1216/2683/2229 3888/2684/2230 1218/2685/2231
f 593/2686/2232 1217/2687/2233 3888/2684/2230 1216/2683/2229
f 594/2688/2234 1218/2685/2231 3888/2684/2230 1217/2687/2233
f 595/2689/2235 1219/2690/2236 3889/2691/2237 1222/2692/2238
f 1219/2690/2236 596/2693/2239 1220/2694/2240 3889/2691/2237
f 3889/2691/2237 1220/2694/2240 597/2695/2241 1221/2696/2242
f 1222/2692/2238 3889/2691/2237 1221/2696/2242 598/2697/2243
f 599/2698/2244 1223/2699/2245 3890/2700/2246 1226/2701/2247
f 1223/2699/2245 600/2702/2248 1224/2703/2249 3890/2700/2246
f 3890/2700/2246 1224/2703/2249 601/2704/2250 1225/2705/2251
f 1226/2701/2247 3890/2700/2246 1225/2705/2251 602/2706/2252
f 593/2686/2232 1227/2707/2253 3891/2708/2254 1217/2687/2233
f 1227/2707/2253 595/2689/2235 1222/2692/2238 3891/2708/2254
f 3891/2708/2254 1222/2692/2238 598/2697/2243 1228/2709/2255
f 1217/2687/2233 3891/2708/2254 1228/2709/2255 594/2688/2234
f 596/2693/2239 1229/2710/2256 3892/2711/2257 1220/2694/2240
f 1229/2710/2256 599/2698/2244 1226/2701/2247 3892/2711/2257
f 3892/2711/2257 1226/2701/2247 602/2706/2252 1230/2712/2258
f 1220/2694/2240 3892/2711/2257 1230/2712/2258 597/2695/2241
f 600/2702/2248 1231/2713/2259 3893/2714/2260 1224/2703/2249
f 1231/2713/2259 603/2715/2261 1232/2716/2262 3893/2714/2260
f 3893/2714/2260 1232/2716/2262 604/2717/2263 1233/2718/2264
f 1224/2703/2249 3893/2714/2260 1233/2718/2264 601/2704/2250
f 594/2688/2234 1228/2709/2255 3894/2719/2265 1236/2720/2266
f 1228/2709/2255 598/2697/2243 1234/2721/2267 3894/2719/2265
f 3894/2719/2265 1234/2721/2267 605/2722/2268 1235/2723/2269
f 1236/2720/2266 3894/2719/2265 1235/2723/2269 606/2724/2270
f 597/2695/2241 1230/2712/2258 3895/2725/2271 1239/2726/2272
f 1230/2712/2258 602/2706/2252 1237/2727/2273 3895/2725/2271
f 3895/2725/2271 1237/2727/2273 607/2728/2274 1238/2729/2275
f 1239/2726/2272 3895/2725/2271 1238/2729/2275 608/2730/2276
f 601/2704/2250 1233/2718/2264 3896/2731/2277 1242/2732/2278
f 1233/2718/2264 604/2717/2263 1240/2733/2279 3896/2731/2277
f 3896/2731/2277 1240/2733/2279 609/2734/2280 1241/2735/2281
f 1242/2732/2278 3896/2731/2277 1241/2735/2281 610/2736/2282
f 592/2682/2228 1218/2685/2231 3897/2737/2283 1243/2738/2284
f 594/2688/2234 1236/2720/2266 3897/2737/2283 1218/2685/2231
f 606/2724/2270 1243/2738/2284 3897/2737/2283 1236/2720/2266
f 598/2697/2243 1221/2696/2242 3898/2739/2285 1234/2721/2267
f 1221/2696/2242 597/2695/2241 1239/2726/2272 3898/2739/2285
f 3898/2739/2285 1239/2726/2272 608/2730/2276 1244/2740/2286
f 1234/2721/2267 3898/2739/2285 1244/2740/2286 605/2722/2268
f 602/2706/2252 1225/2705/2251 3899/2741/2287 1237/2727/2273
f 1225/2705/2251 601/2704/2250 1242/2732/2278 3899/2741/2287
f 3899/2741/2287 1242/2732/2278 610/2736/2282 1245/2742/2288
f 1237/2727/2273 3899/2741/2287 1245/2742/2288 607/2728/2274
f 606/2743/2270 1235/2744/2269 3900/2745/2289 1248/2746/2290
f 1235/2744/2269 605/2747/2268 1246/2748/2291 3900/2745/2289
f 3900/2745/2289 1246/2748/2291 611/2749/2292 1247/2750/2293
f 1248/2746/2290 3900/2745/2289 1247/2750/2293 612/2751/2294
f 608/2752/2276 1238/2753/2275 3901/2754/2295 1251/2755/2296
f 1238/2753/2275 607/2756/2274 1249/2757/2297 3901/2754/2295
f 3901/2754/2295 1249/2757/2297 613/2758/2298 1250/2759/2299
f 1251/2755/2296 3901/2754/2295 1250/2759/2299 614/2760/2300
f 610/2761/2282 1241/2762/2281 3902/2763/2301 1254/2764/2302
f 1241/2762/2281 609/2765/2280 1252/2766/2303 3902/2763/2301
f 3902/2763/2301 1252/2766/2303 615/2767/2304 1253/2768/2305
f 1254/2764/2302 3902/2763/2301 1253/2768/2305 616/2769/2306
f 592/2770/2228 1243/2771/2284 3903/2772/2307 1255/2773/2308
f 606/2743/2270 1248/2746/2290 3903/2772/2307 1243/2771/2284
f 612/2751/2294 1255/2773/2308 3903/2772/2307 1248/2746/2290
f 605/2747/2268 1244/2774/2286 3904/2775/2309 1246/2748/2291
f 1244/2774/2286 608/2752/2276 1251/2755/2296 3904/2775/2309
f 3904/2775/2309 1251/2755/2296 614/2760/2300 1256/2776/2310
f 1246/2748/2291 3904/2775/2309 1256/2776/2310 611/2749/2292
f 607/2756/2274 1245/2777/2288 3905/2778/2311 1249/2757/2297
f 1245/2777/2288 610/2761/2282 1254/2764/2302 3905/2778/2311
f 3905/2778/2311 1254/2764/2302 616/2769/2306 1257/2779/2312
f 1249/2757/2297 3905/2778/2311 1257/2779/2312 613/2758/2298
f 592/2770/2228 1255/2773/2308 3906/2780/2313 1259/2781/2314
f 612/2751/2294 1258/2782/2315 3906/2780/2313 1255/2773/2308
f 617/2783/2316 1259/2781/2314 3906/2780/2313 1258/2782/2315
f 611/2749/2292 1256/2776/2310 3907/2784/2317 1262/2785/2318
f 1256/2776/2310 614/2760/2300 1260/2786/2319 3907/2784/2317
f 3907/2784/2317 1260/2786/2319 618/2787/2320 1261/2788/2321
f 1262/2785/2318 3907/2784/2317 1261/2788/2321 619/2789/2322
f 613/2758/2298 1257/2779/2312 3908/2790/2323 1265/2791/2324
f 1257/2779/2312 616/2769/2306 1263/2792/2325 3908/2790/2323
f 3908/2790/2323 1263/2792/2325 620/2793/2326 1264/2794/2327
f 1265/2791/2324 3908/2790/2323 1264/2794/2327 621/2795/2328
f 612/2751/2294 1247/2750/2293 3909/2796/2329 1258/2782/2315
f 1247/2750/2293 611/2749/2292 1262/2785/2318 3909/2796/2329
f 3909/2796/2329 1262/2785/2318 619/2789/2322 1266/2797/2330
f 1258/2782/2315 3909/2796/2329 1266/2797/2330 617/2783/2316
f 614/2760/2300 1250/2759/2299 3910/2798/2331 1260/2786/2319
f 1250/2759/2299 613/2758/2298 1265/2791/2324 3910/2798/2331
f 3910/2798/2331 1265/2791/2324 621/2795/2328 1267/2799/2332
f 1260/2786/2319 3910/2798/2331 1267/2799/2332 618/2787/2320
f 616/2769/2306 1253/2768/2305 3911/2800/2333 1263/2792/2325
f 1253/2768/2305 615/2767/2304 1268/2801/2334 3911/2800/2333
f 3911/2800/2333 1268/2801/2334 622/2802/2335 1269/2803/2336
f 1263/2792/2325 3911/2800/2333 1269/2803/2336 620/2793/2326
f 619/2789/2322 1261/2788/2321 3912/2804/2337 1272/2805/2338
f 1261/2788/2321 618/2787/2320 1270/2806/2339 3912/2804/2337
f 3912/2804/2337 1270/2806/2339 623/2807/2340 1271/2808/2341
f 1272/2805/2338 3912/2804/2337 1271/2808/2341 624/2809/2342
f 621/2795/2328 1264/2794/2327 3913/2810/2343 1275/2811/2344
f 1264/2794/2327 620/2793/2326 1273/2812/2345 3913/2810/2343
f 3913/2810/2343 1273/2812/2345 625/2813/2346 1274/2814/2347
f 1275/2811/2344 3913/2810/2343 1274/2814/2347 626/2815/2348
f 617/2783/2316 1266/2797/2330 3914/2816/2349 1277/2817/2350
f 1266/2797/2330 619/2789/2322 1272/2805/2338 3914/2816/2349
f 3914/2816/2349 1272/2805/2338 624/2809/2342 1276/2818/2351
f 1277/2817/2350 3914/2816/2349 1276/2818/2351 627/2819/2352
f 618/2787/2320 1267/2799/2332 3915/2820/2353 1270/2806/2339
f 1267/2799/2332 621/2795/2328 1275/2811/2344 3915/2820/2353
f 3915/2820/2353 1275/2811/2344 626/2815/2348 1278/2821/2354
f 1270/2806/2339 3915/2820/2353 1278/2821/2354 623/2807/2340
f 620/2793/2326 1269/2803/2336 3916/2822/2355 1273/2812/2345
f 1269/2803/2336 622/2802/2335 1279/2823/2356 3916/2822/2355
f 3916/2822/2355 1279/2823/2356 628/2824/2357 1280/2825/2358
f 1273/2812/2345 3916/2822/2355 1280/2825/2358 625/2813/2346
f 592/2770/2228 1259/2781/2314 3917/2826/2359 1281/2827/2360
f 617/2783/2316 1277/2817/2350 3917/2826/2359 1259/2781/2314
f 627/2819/2352 1281/2827/2360 3917/2826/2359 1277/2817/2350
f 627/2819/2352 1276/2818/2351 3918/2828/2361 1284/2829/2362
f 1276/2818/2351 624/2809/2342 1282/2830/2363 3918/2828/2361
f 3918/2828/2361 1282/2830/2363 629/2831/2364 1283/2832/2365
f 1284/2829/2362 3918/2828/2361 1283/2832/2365 630/2833/2366
f 623/2807/2340 1278/2821/2354 3919/2834/2367 1287/2835/2368
f 1278/2821/2354 626/2815/2348 1285/2836/2369 3919/2834/2367
f 3919/2834/2367 1285/2836/2369 631/2837/2370 1286/2838/2371
f 1287/2835/2368 3919/2834/2367 1286/2838/2371 632/2839/2372
f 625/2813/2346 1280/2825/2358 3920/2840/2373 1290/2841/2374
f 1280/2825/2358 628/2824/2357 1288/2842/2375 3920/2840/2373
f 3920/2840/2373 1288/2842/2375 633/2843/2376 1289/2844/2377
f 1290/2841/2374 3920/2840/2373 1289/2844/2377 634/2845/2378
f 592/2770/2228 1281/2827/2360 3921/2846/2379 1291/2847/2380
f 627/2819/2352 1284/2829/2362 3921/2846/2379 1281/2827/2360
f 630/2833/2366 1291/2847/2380 3921/2846/2379 1284/2829/2362
f 624/2809/2342 1271/2808/2341 3922/2848/2381 1282/2830/2363
f 1271/2808/2341 623/2807/2340 1287/2835/2368 3922/2848/2381
f 3922/2848/2381 1287/2835/2368 632/2839/2372 1292/2849/2382
f 1282/2830/2363 3922/2848/2381 1292/2849/2382 629/2831/2364
f 626/2815/2348 1274/2814/2347 3923/2850/2383 1285/2836/2369
f 1274/2814/2347 625/2813/2346 1290/2841/2374 3923/2850/2383
f 3923/2850/2383 1290/2841/2374 634/2845/2378 1293/2851/2384
f 1285/2836/2369 3923/2850/2383 1293/2851/2384 631/2837/2370
f 632/2852/2372 1286/2853/2371 3924/2854/2385 1296/2855/2386
f 1286/2853/2371 631/2856/2370 1294/2857/2387 3924/2854/2385
f 3924/2854/2385 1294/2857/2387 635/2858/2388 1295/2859/2389
f 1296/2855/2386 3924/2854/2385 1295/2859/2389 636/2860/2390
f 634/2861/2378 1289/2862/2377 3925/2863/2391 1299/2864/2392
f 1289/2862/2377 633/2865/2376 1297/2866/2393 3925/2863/2391
f 3925/2863/2391 1297/2866/2393 637/2867/2394 1298/2868/2395
f 1299/2864/2392 3925/2863/2391 1298/2868/2395 638/2869/2396
f 592/2682/2228 1291/2870/2380 3926/2871/2397 1301/2872/2398
f 630/2873/2366 1300/2874/2399 3926/2871/2397 1291/2870/2380
f 639/2875/2400 1301/2872/2398 3926/2871/2397 1300/2874/2399
f 629/2876/2364 1292/2877/2382 3927/2878/2401 1303/2879/2402
f 1292/2877/2382 632/2852/2372 1296/2855/2386 3927/2878/2401
f 3927/2878/2401 1296/2855/2386 636/2860/2390 1302/2880/2403
f 1303/2879/2402 3927/2878/2401 1302/2880/2403 640/2881/2404
f 631/2856/2370 1293/2882/2384 3928/2883/2405 1294/2857/2387
f 1293/2882/2384 634/2861/2378 1299/2864/2392 3928/2883/2405
f 3928/2883/2405 1299/2864/2392 638/2869/2396 1304/2884/2406
f 1294/2857/2387 3928/2883/2405 1304/2884/2406 635/2858/2388
f 630/2873/2366 1283/2885/2365 3929/2886/2407 1300/2874/2399
f 1283/2885/2365 629/2876/2364 1303/2879/2402 3929/2886/2407
f 3929/2886/2407 1303/2879/2402 640/2881/2404 1305/2887/2408
f 1300/2874/2399 3929/2886/2407 1305/2887/2408 639/2875/2400
f 592/2682/2228 1301/2872/2398 3930/2888/2409 1216/2683/2229
f 639/2875/2400 1306/2889/2410 3930/2888/2409 1301/2872/2398
f 593/2686/2232 1216/2683/2229 3930/2888/2409 1306/2889/2410
f 640/2881/2404 1302/2880/2403 3931/2890/2411 1308/2891/2412
f 1302/2880/2403 636/2860/2390 1307/2892/2413 3931/2890/2411
f 3931/2890/2411 1307/2892/2413 596/2693/2239 1219/2690/2236
f 1308/2891/2412 3931/2890/2411 1219/2690/2236 595/2689/2235
f 635/2858/2388 1304/2884/2406 3932/2893/2414 1310/2894/2415
f 1304/2884/2406 638/2869/2396 1309/2895/2416 3932/2893/2414
f 3932/2893/2414 1309/2895/2416 600/2702/2248 1223/2699/2245
f 1310/2894/2415 3932/2893/2414 1223/2699/2245 599/2698/2244
f 639/2875/2400 1305/2887/2408 3933/2896/2417 1306/2889/2410
f 1305/2887/2408 640/2881/2404 1308/2891/2412 3933/2896/2417
f 3933/2896/2417 1308/2891/2412 595/2689/2235 1227/2707/2253
f 1306/2889/2410 3933/2896/2417 1227/2707/2253 593/2686/2232
f 636/2860/2390 1295/2859/2389 3934/2897/2418 1307/2892/2413
f 1295/2859/2389 635/2858/2388 1310/2894/2415 3934/2897/2418
f 3934/2897/2418 1310/2894/2415 599/2698/2244 1229/2710/2256
f 1307/2892/2413 3934/2897/2418 1229/2710/2256 596/2693/2239
f 638/2869/2396 1298/2868/2395 3935/2898/2419 1309/2895/2416
f 1298/2868/2395 637/2867/2394 1311/2899/2420 3935/2898/2419
f 3935/2898/2419 1311/2899/2420 603/2715/2261 1231/2713/2259
f 1309/2895/2416 3935/2898/2419 1231/2713/2259 600/2702/2248
f 641/2900/2421 1312/2901/2422 3936/2902/2423 1314/2903/2424
f 642/2904/2425 1313/2905/2426 3936/2902/2423 1312/2901/2422
f 643/2906/2427 1314/2903/2424 3936/2902/2423 1313/2905/2426
f 644/2907/2428 1315/2908/2429 3937/2909/2430 1318/2910/2431
f 1315/2908/2429 645/2911/2432 1316/2912/2433 3937/2909/2430
f 3937/2909/2430 1316/2912/2433 646/2913/2434 1317/2914/2435
f 1318/2910/2431 3937/2909/2430 1317/2914/2435 647/2915/2436
f 648/2916/2437 1319/2917/2438 3938/2918/2439 1322/2919/2440
f 1319/2917/2438 649/2920/2441 1320/2921/2442 3938/2918/2439
f 3938/2918/2439 1320/2921/2442 650/2922/2443 1321/2923/2444
f 1322/2919/2440 3938/2918/2439 1321/2923/2444 651/2924/2445
f 642/2904/2425 1323/2925/2446 3939/2926/2447 1313/2905/2426
f 1323/2925/2446 644/2907/2428 1318/2910/2431 3939/2926/2447
f 3939/2926/2447 1318/2910/2431 647/2915/2436 1324/2927/2448
f 1313/2905/2426 3939/2926/2447 1324/2927/2448 643/2906/2427
f 645/2911/2432 1325/2928/2449 3940/2929/2450 1316/2912/2433
f 1325/2928/2449 648/2916/2437 1322/2919/2440 3940/2929/2450
f 3940/2929/2450 1322/2919/2440 651/2924/2445 1326/2930/2451
f 1316/2912/2433 3940/2929/2450 1326/2930/2451 646/2913/2434
f 649/2920/2441 1327/2931/2452 3941/2932/2453 1320/2921/2442
f 1327/2931/2452 652/2933/2454 1328/2934/2455 3941/2932/2453
f 3941/2932/2453 1328/2934/2455 653/2935/2456 1329/2936/2457
f 1320/2921/2442 3941/2932/2453 1329/2936/2457 650/2922/2443
f 643/2906/2427 1324/2927/2448 3942/2937/2458 1332/2938/2459
f 1324/2927/2448 647/2915/2436 1330/2939/2460 3942/2937/2458
f 3942/2937/2458 1330/2939/2460 654/2940/2461 1331/2941/2462
f 1332/2938/2459 3942/2937/2458 1331/2941/2462 655/2942/2463
f 646/2913/2434 1326/2930/2451 3943/2943/2464 1335/2944/2465
f 1326/2930/2451 651/2924/2445 1333/2945/2466 3943/2943/2464
f 3943/2943/2464 1333/2945/2466 656/2946/1254 1334/2947/2467
f 1335/2944/2465 3943/2943/2464 1334/2947/2467 657/2948/2468
f 650/2922/2443 1329/2936/2457 3944/2949/2469 1338/2950/2470
f 1329/2936/2457 653/2935/2456 1336/2951/2471 3944/2949/2469
f 3944/2949/2469 1336/2951/2471 658/2952/2472 1337/2953/2473
f 1338/2950/2470 3944/2949/2469 1337/2953/2473 659/2954/2474
f 641/2900/2421 1314/2903/2424 3945/2955/2475 1339/2956/2476
f 643/2906/2427 1332/2938/2459 3945/2955/2475 1314/2903/2424
f 655/2942/2463 1339/2956/2476 3945/2955/2475 1332/2938/2459
f 647/2915/2436 1317/2914/2435 3946/2957/2477 1330/2939/2460
f 1317/2914/2435 646/2913/2434 1335/2944/2465 3946/2957/2477
f 3946/2957/2477 1335/2944/2465 657/2948/2468 1340/2958/2478
f 1330/2939/2460 3946/2957/2477 1340/2958/2478 654/2940/2461
f 651/2924/2445 1321/2923/2444 3947/2959/2479 1333/2945/2466
f 1321/2923/2444 650/2922/2443 1338/2950/2470 3947/2959/2479
f 3947/2959/2479 1338/2950/2470 659/2954/2474 1341/2960/2480
f 1333/2945/2466 3947/2959/2479 1341/2960/2480 656/2946/1254
f 655/2961/2463 1331/2962/2462 3948/2963/2481 1344/2964/2482
f 1331/2962/2462 654/2965/2461 1342/2966/2483 3948/2963/2481
f 3948/2963/2481 1342/2966/2483 660/2967/2484 1343/2968/2485
f 1344/2964/2482 3948/2963/2481 1343/2968/2485 661/2969/2486
f 657/2970/2468 1334/2971/2467 3949/2972/2487 1347/2973/2488
f 1334/2971/2467 656/2974/1254 1345/2975/2489 3949/2972/2487
f 3949/2972/2487 1345/2975/2489 662/2976/2490 1346/2977/2491
f 1347/2973/2488 3949/2972/2487 1346/2977/2491 663/2978/2492
f 659/2979/2474 1337/2980/2473 3950/2981/2493 1350/2982/2494
f 1337/2980/2473 658/2983/2472 1348/2984/2495 3950/2981/2493
f 3950/2981/2493 1348/2984/2495 664/2985/2496 1349/2986/2497
f 1350/2982/2494 3950/2981/2493 1349/2986/2497 665/2987/2498
f 641/2988/2421 1339/2989/2476 3951/2990/2499 1351/2991/2500
f 655/2961/2463 1344/2964/2482 3951/2990/2499 1339/2989/2476
f 661/2969/2486 1351/2991/2500 3951/2990/2499 1344/2964/2482
f 654/2965/2461 1340/2992/2478 3952/2993/2501 1342/2966/2483
f 1340/2992/2478 657/2970/2468 1347/2973/2488 3952/2993/2501
f 3952/2993/2501 1347/2973/2488 663/2978/2492 1352/2994/2502
f 1342/2966/2483 3952/2993/2501 1352/2994/2502 660/2967/2484
f 656/2974/1254 1341/2995/2480 3953/2996/2503 1345/2975/2489
f 1341/2995/2480 659/2979/2474 1350/2982/2494 3953/2996/2503
f 3953/2996/2503 1350/2982/2494 665/2987/2498 1353/2997/2504
f 1345/2975/2489 3953/2996/2503 1353/2997/2504 662/2976/2490
f 641/2988/2421 1351/2991/2500 3954/2998/2505 1355/2999/2506
f 661/2969/2486 1354/3000/2507 3954/2998/2505 1351/2991/2500
f 666/3001/2508 1355/2999/2506 3954/2998/2505 1354/3000/2507
f 660/2967/2484 1352/2994/2502 3955/3002/2509 1358/3003/2510
f 1352/2994/2502 663/2978/2492 1356/3004/2511 3955/3002/2509
f 3955/3002/2509 1356/3004/2511 667/3005/2512 1357/3006/2513
f 1358/3003/2510 3955/3002/2509 1357/3006/2513 668/3007/2514
f 662/2976/2490 1353/2997/2504 3956/3008/2515 1361/3009/2516
f 1353/2997/2504 665/2987/2498 1359/3010/2517 3956/3008/2515
f 3956/3008/2515 1359/3010/2517 669/3011/2518 1360/3012/2519
f 1361/3009/2516 3956/3008/2515 1360/3012/2519 670/3013/2520
f 661/2969/2486 1343/2968/2485 3957/3014/2521 1354/3000/2507
f 1343/2968/2485 660/2967/2484 1358/3003/2510 3957/3014/2521
f 3957/3014/2521 1358/3003/2510 668/3007/2514 1362/3015/2522
f 1354/3000/2507 3957/3014/2521 1362/3015/2522 666/3001/2508
f 663/2978/2492 1346/2977/2491 3958/3016/2523 1356/3004/2511
f 1346/2977/2491 662/2976/2490 1361/3009/2516 3958/3016/2523
f 3958/3016/2523 1361/3009/2516 670/3013/2520 1363/3017/2524
f 1356/3004/2511 3958/3016/2523 1363/3017/2524 667/3005/2512
f 665/2987/2498 1349/2986/2497 3959/3018/2525 1359/3010/2517
f 1349/2986/2497 664/2985/2496 1364/3019/2526 3959/3018/2525
f 3959/3018/2525 1364/3019/2526 671/3020/2527 1365/3021/2528
f 1359/3010/2517 3959/3018/2525 1365/3021/2528 669/3011/2518
f 664/2985/2496 1348/2984/2495 3960/3022/2529 1367/3023/2530
f 1348/2984/2495 658/2983/2472 1366/3024/2531 3960/3022/2529
f 3960/3022/2529 1366/3024/2531 633/2843/2376 1288/2842/2375
f 1367/3023/2530 3960/3022/2529 1288/2842/2375 628/2824/2357
f 658/2952/2472 1336/2951/2471 3961/3025/2532 1366/3026/2531
f 1336/2951/2471 653/2935/2456 1368/3027/2533 3961/3025/2532
f 3961/3025/2532 1368/3027/2533 637/2867/2394 1297/2866/2393
f 1366/3026/2531 3961/3025/2532 1297/2866/2393 633/2865/2376
f 672/3028/2534 1369/3029/2535 3962/3030/2536 1371/3031/2537
f 1369/3029/2535 673/3032/2538 1370/3033/2539 3962/3030/2536
f 3962/3030/2536 1370/3033/2539 664/2985/2496 1367/3023/2530
f 1371/3031/2537 3962/3030/2536 1367/3023/2530 628/2824/2357
f 674/3034/2540 1372/3035/2541 3963/3036/2542 1375/3037/2543
f 1372/3035/2541 675/3038/2544 1373/3039/2545 3963/3036/2542
f 3963/3036/2542 1373/3039/2545 676/3040/2546 1374/3041/2547
f 1375/3037/2543 3963/3036/2542 1374/3041/2547 677/3042/2548
f 678/3043/2549 1376/3044/2550 3964/3045/2551 1379/3046/2552
f 1376/3044/2550 679/3047/2553 1377/3048/2554 3964/3045/2551
f 3964/3045/2551 1377/3048/2554 680/3049/2555 1378/3050/2556
f 1379/3046/2552 3964/3045/2551 1378/3050/2556 681/3051/2557
f 682/3052/2558 1380/3053/2559 3965/3054/2560 1382/3055/2561
f 1380/3053/2559 678/3043/2549 1379/3046/2552 3965/3054/2560
f 3965/3054/2560 1379/3046/2552 681/3051/2557 1381/3056/2562
f 1382/3055/2561 3965/3054/2560 1381/3056/2562 683/3057/2563
f 684/3058/2564 1383/3059/2565 3966/3060/2566 1387/3061/2567
f 685/3062/2568 1384/3063/2569 3966/3060/2566 1383/3059/2565
f 686/3064/2570 1385/3065/2571 3966/3060/2566 1384/3063/2569
f 687/3066/2572 1386/3067/2573 3966/3060/2566 1385/3065/2571
f 688/3068/2574 1387/3061/2567 3966/3060/2566 1386/3067/2573
f 689/3069/2575 1388/3070/2576 3967/3071/2577 1391/3072/2578
f 1388/3070/2576 690/3073/2579 1389/3074/2580 3967/3071/2577
f 3967/3071/2577 1389/3074/2580 691/3075/2581 1390/3076/2582
f 1391/3072/2578 3967/3071/2577 1390/3076/2582 692/3077/2583
f 693/3078/2584 1392/3079/2585 3968/3080/2586 1395/3081/2587
f 1392/3079/2585 694/3082/2588 1393/3083/2589 3968/3080/2586
f 3968/3080/2586 1393/3083/2589 691/3075/2581 1394/3084/2590
f 1395/3081/2587 3968/3080/2586 1394/3084/2590 695/3085/2591
f 694/3082/2588 1396/3086/2592 3969/3087/2593 1393/3083/2589
f 1396/3086/2592 696/3088/2594 1397/3089/2595 3969/3087/2593
f 3969/3087/2593 1397/3089/2595 692/3077/2583 1390/3076/2582
f 1393/3083/2589 3969/3087/2593 1390/3076/2582 691/3075/2581
f 697/3090/2596 1398/3091/2597 3970/3092/2598 1400/3093/2599
f 1398/3091/2597 693/3078/2584 1395/3081/2587 3970/3092/2598
f 3970/3092/2598 1395/3081/2587 695/3085/2591 1399/3094/2600
f 1400/3093/2599 3970/3092/2598 1399/3094/2600 698/3095/2601
f 680/3049/2555 1401/3096/2602 3971/3097/2603 1378/3050/2556
f 1401/3096/2602 697/3090/2596 1400/3093/2599 3971/3097/2603
f 3971/3097/2603 1400/3093/2599 698/3095/2601 1402/3098/2604
f 1378/3050/2556 3971/3097/2603 1402/3098/2604 681/3051/2557
f 677/3042/2548 1403/3099/2605 3972/3100/2606 1405/3101/2607
f 1403/3099/2605 699/3102/2608 1404/3103/2609 3972/3100/2606
f 3972/3100/2606 1404/3103/2609 697/3104/2596 1401/3105/2602
f 1405/3101/2607 3972/3100/2606 1401/3105/2602 680/3106/2555
f 699/3102/2608 1406/3107/2610 3973/3108/2611 1404/3103/2609
f 1406/3107/2610 700/3109/2612 1407/3110/2613 3973/3108/2611
f 3973/3108/2611 1407/3110/2613 693/3111/2584 1398/3112/2597
f 1404/3103/2609 3973/3108/2611 1398/3112/2597 697/3104/2596
f 687/3066/2572 1385/3065/2571 3974/3113/2614 1409/3114/2615
f 1385/3065/2571 686/3064/2570 1408/3115/2616 3974/3113/2614
f 3974/3113/2614 1408/3115/2616 696/3116/2594 1396/3117/2592
f 1409/3114/2615 3974/3113/2614 1396/3117/2592 694/3118/2588
f 700/3109/2612 1410/3119/2617 3975/3120/2618 1407/3110/2613
f 1410/3119/2617 687/3066/2572 1409/3114/2615 3975/3120/2618
f 3975/3120/2618 1409/3114/2615 694/3118/2588 1392/3121/2585
f 1407/3110/2613 3975/3120/2618 1392/3121/2585 693/3111/2584
f 701/3122/2619 1411/3123/2620 3976/3124/2621 1413/3125/2622
f 1411/3123/2620 675/3038/2544 1412/3126/2623 3976/3124/2621
f 3976/3124/2621 1412/3126/2623 603/2715/2261 1311/2899/2420
f 1413/3125/2622 3976/3124/2621 1311/2899/2420 637/2867/2394
f 682/3052/2558 1382/3055/2561 3977/3127/2624 1416/3128/2625
f 1382/3055/2561 683/3057/2563 1414/3129/2626 3977/3127/2624
f 3977/3127/2624 1414/3129/2626 702/3130/2627 1415/3131/2628
f 1416/3128/2625 3977/3127/2624 1415/3131/2628 672/3028/2534
f 703/3132/2629 1417/3133/2630 3978/3134/2631 1419/3135/2632
f 1417/3133/2630 704/3136/2437 1418/3137/2633 3978/3134/2631
f 3978/3134/2631 1418/3137/2633 685/3062/2568 1383/3059/2565
f 1419/3135/2632 3978/3134/2631 1383/3059/2565 684/3058/2564
f 702/3130/2627 1414/3129/2626 3979/3138/2634 1422/3139/2635
f 1414/3129/2626 683/3057/2563 1420/3140/2636 3979/3138/2634
f 3979/3138/2634 1420/3140/2636 705/3141/2637 1421/3142/2638
f 1422/3139/2635 3979/3138/2634 1421/3142/2638 706/3143/2639
f 706/3143/2639 1423/3144/2640 3980/3145/2641 1424/3146/2642
f 1423/3144/2640 695/3085/2591 1394/3084/2590 3980/3145/2641
f 3980/3145/2641 1394/3084/2590 691/3075/2581 1389/3074/2580
f 1424/3146/2642 3980/3145/2641 1389/3074/2580 690/3073/2579
f 703/3132/2629 1425/3147/2643 3981/3148/2644 1426/3149/2645
f 1425/3147/2643 701/3122/2619 1413/3125/2622 3981/3148/2644
f 3981/3148/2644 1413/3125/2622 637/2867/2394 1368/3027/2533
f 1426/3149/2645 3981/3148/2644 1368/3027/2533 653/2935/2456
f 679/3150/2553 1427/3151/2646 3982/3152/2647 1377/3153/2554
f 1427/3151/2646 674/3034/2540 1375/3037/2543 3982/3152/2647
f 3982/3152/2647 1375/3037/2543 677/3042/2548 1405/3101/2607
f 1377/3153/2554 3982/3152/2647 1405/3101/2607 680/3106/2555
f 707/3154/2648 1428/3155/2649 3983/3156/2650 1430/3157/2651
f 1428/3155/2649 684/3058/2564 1387/3061/2567 3983/3156/2650
f 3983/3156/2650 1387/3061/2567 688/3068/2574 1429/3158/2652
f 1430/3157/2651 3983/3156/2650 1429/3158/2652 708/3159/2653
f 676/3040/2546 1431/3160/2654 3984/3161/2655 1433/3162/2656
f 1431/3160/2654 707/3154/2648 1430/3157/2651 3984/3161/2655
f 3984/3161/2655 1430/3157/2651 708/3159/2653 1432/3163/2657
f 1433/3162/2656 3984/3161/2655 1432/3163/2657 709/3164/2658
f 609/2734/2280 1240/2733/2279 3985/3165/2659 1435/3166/2660
f 1240/2733/2279 604/2717/2263 1434/3167/2661 3985/3165/2659
f 3985/3165/2659 1434/3167/2661 674/3034/2540 1427/3151/2646
f 1435/3166/2660 3985/3165/2659 1427/3151/2646 679/3150/2553
f 684/3058/2564 1428/3155/2649 3986/3168/2662 1419/3135/2632
f 1428/3155/2649 707/3154/2648 1436/3169/2663 3986/3168/2662
f 3986/3168/2662 1436/3169/2663 701/3122/2619 1425/3147/2643
f 1419/3135/2632 3986/3168/2662 1425/3147/2643 703/3132/2629
f 653/2935/2456 1328/2934/2455 3987/3170/2664 1426/3149/2645
f 1328/2934/2455 652/2933/2454 1437/3171/2665 3987/3170/2664
f 3987/3170/2664 1437/3171/2665 704/3136/2437 1417/3133/2630
f 1426/3149/2645 3987/3170/2664 1417/3133/2630 703/3132/2629
f 671/3020/2527 1364/3019/2526 3988/3172/2666 1439/3173/2667
f 1364/3019/2526 664/2985/2496 1370/3033/2539 3988/3172/2666
f 3988/3172/2666 1370/3033/2539 673/3032/2538 1438/3174/2668
f 1439/3173/2667 3988/3172/2666 1438/3174/2668 710/3175/2669
f 622/2802/2335 1440/3176/2670 3989/3177/2671 1279/2823/2356
f 1440/3176/2670 682/3052/2558 1416/3128/2625 3989/3177/2671
f 3989/3177/2671 1416/3128/2625 672/3028/2534 1371/3031/2537
f 1279/2823/2356 3989/3177/2671 1371/3031/2537 628/2824/2357
f 707/3154/2648 1431/3160/2654 3990/3178/2672 1436/3169/2663
f 1431/3160/2654 676/3040/2546 1373/3039/2545 3990/3178/2672
f 3990/3178/2672 1373/3039/2545 675/3038/2544 1411/3123/2620
f 1436/3169/2663 3990/3178/2672 1411/3123/2620 701/3122/2619
f 622/2802/2335 1268/2801/2334 3991/3179/2673 1440/3176/2670
f 1268/2801/2334 615/2767/2304 1441/3180/2674 3991/3179/2673
f 3991/3179/2673 1441/3180/2674 678/3043/2549 1380/3053/2559
f 1440/3176/2670 3991/3179/2673 1380/3053/2559 682/3052/2558
f 615/2767/2304 1252/2766/2303 3992/3181/2675 1441/3180/2674
f 1252/2766/2303 609/2765/2280 1435/3182/2660 3992/3181/2675
f 3992/3181/2675 1435/3182/2660 679/3047/2553 1376/3044/2550
f 1441/3180/2674 3992/3181/2675 1376/3044/2550 678/3043/2549
f 604/2717/2263 1232/2716/2262 3993/3183/2676 1434/3167/2661
f 1232/2716/2262 603/2715/2261 1412/3126/2623 3993/3183/2676
f 3993/3183/2676 1412/3126/2623 675/3038/2544 1372/3035/2541
f 1434/3167/2661 3993/3183/2676 1372/3035/2541 674/3034/2540
f 702/3130/2627 1442/3184/2677 3994/3185/2678 1415/3131/2628
f 1442/3184/2677 711/3186/2679 1443/3187/2680 3994/3185/2678
f 3994/3185/2678 1443/3187/2680 673/3032/2538 1369/3029/2535
f 1415/3131/2628 3994/3185/2678 1369/3029/2535 672/3028/2534
f 702/3130/2627 1422/3139/2635 3995/3188/2681 1442/3184/2677
f 1422/3139/2635 706/3143/2639 1424/3146/2642 3995/3188/2681
f 3995/3188/2681 1424/3146/2642 690/3073/2579 1444/3189/2682
f 1442/3184/2677 3995/3188/2681 1444/3189/2682 711/3186/2679
f 712/3190/2683 1445/3191/2684 3996/3192/2685 1448/3193/2686
f 1445/3191/2684 713/3194/2687 1446/3195/2688 3996/3192/2685
f 3996/3192/2685 1446/3195/2688 714/3196/2689 1447/3197/2690
f 1448/3193/2686 3996/3192/2685 1447/3197/2690 715/3198/2691
f 706/3143/2639 1421/3142/2638 3997/3199/2692 1423/3144/2640
f 1421/3142/2638 705/3141/2637 1449/3200/2693 3997/3199/2692
f 3997/3199/2692 1449/3200/2693 698/3095/2601 1399/3094/2600
f 1423/3144/2640 3997/3199/2692 1399/3094/2600 695/3085/2591
f 705/3141/2637 1420/3140/2636 3998/3201/2694 1449/3200/2693
f 1420/3140/2636 683/3057/2563 1381/3056/2562 3998/3201/2694
f 3998/3201/2694 1381/3056/2562 681/3051/2557 1402/3098/2604
f 1449/3200/2693 3998/3201/2694 1402/3098/2604 698/3095/2601
f 708/3159/2653 1429/3158/2652 3999/3202/2695 1450/3203/2696
f 1429/3158/2652 688/3068/2574 1386/3067/2573 3999/3202/2695
f 3999/3202/2695 1386/3067/2573 687/3066/2572 1410/3119/2617
f 1450/3203/2696 3999/3202/2695 1410/3119/2617 700/3109/2612
f 699/3102/2608 1451/3204/2697 4000/3205/2698 1406/3107/2610
f 1451/3204/2697 709/3164/2658 1432/3163/2657 4000/3205/2698
f 4000/3205/2698 1432/3163/2657 708/3159/2653 1450/3203/2696
f 1406/3107/2610 4000/3205/2698 1450/3203/2696 700/3109/2612
f 709/3164/2658 1451/3204/2697 4001/3206/2699 1433/3162/2656
f 1451/3204/2697 699/3102/2608 1403/3099/2605 4001/3206/2699
f 4001/3206/2699 1403/3099/2605 677/3042/2548 1374/3041/2547
f 1433/3162/2656 4001/3206/2699 1374/3041/2547 676/3040/2546
f 716/3207/2700 1452/3208/2701 4002/3209/2702 1454/3210/2703
f 717/3211/2704 1453/3212/2705 4002/3209/2702 1452/3208/2701
f 718/3213/2706 1454/3210/2703 4002/3209/2702 1453/3212/2705
f 719/3214/2707 1455/3215/2708 4003/3216/2709 1458/3217/2710
f 1455/3215/2708 720/3218/2711 1456/3219/2712 4003/3216/2709
f 4003/3216/2709 1456/3219/2712 721/3220/2713 1457/3221/2714
f 1458/3217/2710 4003/3216/2709 1457/3221/2714 722/3222/2715
f 723/3223/2716 1459/3224/2717 4004/3225/2718 1462/3226/2719
f 1459/3224/2717 724/3227/2720 1460/3228/2721 4004/3225/2718
f 4004/3225/2718 1460/3228/2721 725/3229/2722 1461/3230/2723
f 1462/3226/2719 4004/3225/2718 1461/3230/2723 726/3231/2724
f 718/3213/2706 1453/3212/2705 4005/3232/2725 1464/3233/2726
f 1453/3212/2705 717/3211/2704 1463/3234/2727 4005/3232/2725
f 4005/3232/2725 1463/3234/2727 720/3218/2711 1455/3215/2708
f 1464/3233/2726 4005/3232/2725 1455/3215/2708 719/3214/2707
f 722/3222/2715 1457/3221/2714 4006/3235/2728 1466/3236/2729
f 1457/3221/2714 721/3220/2713 1465/3237/2730 4006/3235/2728
f 4006/3235/2728 1465/3237/2730 724/3227/2720 1459/3224/2717
f 1466/3236/2729 4006/3235/2728 1459/3224/2717 723/3223/2716
f 726/3231/2724 1461/3230/2723 4007/3238/2731 1469/3239/2732
f 1461/3230/2723 725/3229/2722 1467/3240/2733 4007/3238/2731
f 4007/3238/2731 1467/3240/2733 727/3241/2734 1468/3242/2735
f 1469/3239/2732 4007/3238/2731 1468/3242/2735 728/3243/2736
f 717/3211/2704 1470/3244/2737 4008/3245/2738 1463/3234/2727
f 1470/3244/2737 729/3246/2739 1471/3247/2740 4008/3245/2738
f 4008/3245/2738 1471/3247/2740 730/3248/2741 1472/3249/2742
f 1463/3234/2727 4008/3245/2738 1472/3249/2742 720/3218/2711
f 721/3220/2713 1473/3250/2743 4009/3251/2744 1465/3237/2730
f 1473/3250/2743 731/3252/2745 1474/3253/2746 4009/3251/2744
f 4009/3251/2744 1474/3253/2746 732/3254/2747 1475/3255/2748
f 1465/3237/2730 4009/3251/2744 1475/3255/2748 724/3227/2720
f 725/3229/2722 1476/3256/2749 4010/3257/2750 1467/3240/2733
f 1476/3256/2749 733/3258/2751 1477/3259/2752 4010/3257/2750
f 4010/3257/2750 1477/3259/2752 734/3260/2753 1478/3261/2754
f 1467/3240/2733 4010/3257/2750 1478/3261/2754 727/3241/2734
f 716/3207/2700 1479/3262/2755 4011/3263/2756 1452/3208/2701
f 729/3246/2739 1470/3244/2737 4011/3263/2756 1479/3262/2755
f 717/3211/2704 1452/3208/2701 4011/3263/2756 1470/3244/2737
f 720/3218/2711 1472/3249/2742 4012/3264/2757 1456/3219/2712
f 1472/3249/2742 730/3248/2741 1480/3265/2758 4012/3264/2757
f 4012/3264/2757 1480/3265/2758 731/3252/2745 1473/3250/2743
f 1456/3219/2712 4012/3264/2757 1473/3250/2743 721/3220/2713
f 724/3227/2720 1475/3255/2748 4013/3266/2759 1460/3228/2721
f 1475/3255/2748 732/3254/2747 1481/3267/2760 4013/3266/2759
f 4013/3266/2759 1481/3267/2760 733/3258/2751 1476/3256/2749
f 1460/3228/2721 4013/3266/2759 1476/3256/2749 725/3229/2722
f 729/3268/2739 1482/3269/2761 4014/3270/2762 1471/3271/2740
f 1482/3269/2761 735/3272/2763 1483/3273/2764 4014/3270/2762
f 4014/3270/2762 1483/3273/2764 736/3274/2765 1484/3275/2766
f 1471/3271/2740 4014/3270/2762 1484/3275/2766 730/3276/2741
f 731/3277/2745 1485/3278/2767 4015/3279/2768 1474/3280/2746
f 1485/3278/2767 737/3281/2769 1486/3282/2770 4015/3279/2768
f 4015/3279/2768 1486/3282/2770 738/3283/2771 1487/3284/2772
f 1474/3280/2746 4015/3279/2768 1487/3284/2772 732/3285/2747
f 733/3286/2751 1488/3287/2773 4016/3288/2774 1477/3289/2752
f 1488/3287/2773 739/3290/2775 1489/3291/2776 4016/3288/2774
f 4016/3288/2774 1489/3291/2776 740/3292/2777 1490/3293/2778
f 1477/3289/2752 4016/3288/2774 1490/3293/2778 734/3294/2753
f 716/3295/2700 1491/3296/2779 4017/3297/2780 1479/3298/2755
f 735/3272/2763 1482/3269/2761 4017/3297/2780 1491/3296/2779
f 729/3268/2739 1479/3298/2755 4017/3297/2780 1482/3269/2761
f 730/3276/2741 1484/3275/2766 4018/3299/2781 1480/3300/2758
f 1484/3275/2766 736/3274/2765 1492/3301/2782 4018/3299/2781
f 4018/3299/2781 1492/3301/2782 737/3281/2769 1485/3278/2767
f 1480/3300/2758 4018/3299/2781 1485/3278/2767 731/3277/2745
f 732/3285/2747 1487/3284/2772 4019/3302/2783 1481/3303/2760
f 1487/3284/2772 738/3283/2771 1493/3304/2784 4019/3302/2783
f 4019/3302/2783 1493/3304/2784 739/3290/2775 1488/3287/2773
f 1481/3303/2760 4019/3302/2783 1488/3287/2773 733/3286/2751
f 716/3295/2700 1494/3305/2785 4020/3306/2786 1491/3296/2779
f 741/3307/2787 1495/3308/2788 4020/3306/2786 1494/3305/2785
f 735/3272/2763 1491/3296/2779 4020/3306/2786 1495/3308/2788
f 736/3274/2765 1496/3309/2789 4021/3310/2790 1492/3301/2782
f 1496/3309/2789 742/3311/2791 1497/3312/2792 4021/3310/2790
f 4021/3310/2790 1497/3312/2792 743/3313/2793 1498/3314/2794
f 1492/3301/2782 4021/3310/2790 1498/3314/2794 737/3281/2769
f 738/3283/2771 1499/3315/2795 4022/3316/2796 1493/3304/2784
f 1499/3315/2795 744/3317/2797 1500/3318/2798 4022/3316/2796
f 4022/3316/2796 1500/3318/2798 745/3319/2799 1501/3320/2800
f 1493/3304/2784 4022/3316/2796 1501/3320/2800 739/3290/2775
f 735/3272/2763 1495/3308/2788 4023/3321/2801 1483/3273/2764
f 1495/3308/2788 741/3307/2787 1502/3322/2802 4023/3321/2801
f 4023/3321/2801 1502/3322/2802 742/3311/2791 1496/3309/2789
f 1483/3273/2764 4023/3321/2801 1496/3309/2789 736/3274/2765
f 737/3281/2769 1498/3314/2794 4024/3323/2803 1486/3282/2770
f 1498/3314/2794 743/3313/2793 1503/3324/2804 4024/3323/2803
f 4024/3323/2803 1503/3324/2804 744/3317/2797 1499/3315/2795
f 1486/3282/2770 4024/3323/2803 1499/3315/2795 738/3283/2771
f 739/3290/2775 1501/3320/2800 4025/3325/2805 1489/3291/2776
f 1501/3320/2800 745/3319/2799 1504/3326/2806 4025/3325/2805
f 4025/3325/2805 1504/3326/2806 746/3327/2807 1505/3328/2808
f 1489/3291/2776 4025/3325/2805 1505/3328/2808 740/3292/2777
f 742/3311/2791 1506/3329/2809 4026/3330/2810 1497/3312/2792
f 1506/3329/2809 747/3331/2811 1507/3332/2812 4026/3330/2810
f 4026/3330/2810 1507/3332/2812 748/3333/2813 1508/3334/2814
f 1497/3312/2792 4026/3330/2810 1508/3334/2814 743/3313/2793
f 744/3317/2797 1509/3335/2815 4027/3336/2816 1500/3318/2798
f 1509/3335/2815 749/3337/2817 1510/3338/2818 4027/3336/2816
f 4027/3336/2816 1510/3338/2818 750/3339/2819 1511/3340/2820
f 1500/3318/2798 4027/3336/2816 1511/3340/2820 745/3319/2799
f 741/3307/2787 1512/3341/2821 4028/3342/2822 1502/3322/2802
f 1512/3341/2821 751/3343/2823 1513/3344/2824 4028/3342/2822
f 4028/3342/2822 1513/3344/2824 747/3331/2811 1506/3329/2809
f 1502/3322/2802 4028/3342/2822 1506/3329/2809 742/3311/2791
f 743/3313/2793 1508/3334/2814 4029/3345/2825 1503/3324/2804
f 1508/3334/2814 748/3333/2813 1514/3346/2826 4029/3345/2825
f 4029/3345/2825 1514/3346/2826 749/3337/2817 1509/3335/2815
f 1503/3324/2804 4029/3345/2825 1509/3335/2815 744/3317/2797
f 745/3319/2799 1511/3340/2820 4030/3347/2827 1504/3326/2806
f 1511/3340/2820 750/3339/2819 1515/3348/2828 4030/3347/2827
f 4030/3347/2827 1515/3348/2828 752/3349/2829 1516/3350/2830
f 1504/3326/2806 4030/3347/2827 1516/3350/2830 746/3327/2807
f 716/3295/2700 1517/3351/2831 4031/3352/2832 1494/3305/2785
f 751/3343/2823 1512/3341/2821 4031/3352/2832 1517/3351/2831
f 741/3307/2787 1494/3305/2785 4031/3352/2832 1512/3341/2821
f 751/3343/2823 1518/3353/2833 4032/3354/2834 1513/3344/2824
f 1518/3353/2833 753/3355/2835 1519/3356/2836 4032/3354/2834
f 4032/3354/2834 1519/3356/2836 754/3357/2837 1520/3358/2838
f 1513/3344/2824 4032/3354/2834 1520/3358/2838 747/3331/2811
f 748/3333/2813 1521/3359/2839 4033/3360/2840 1514/3346/2826
f 1521/3359/2839 755/3361/2841 1522/3362/2842 4033/3360/2840
f 4033/3360/2840 1522/3362/2842 756/3363/2843 1523/3364/2844
f 1514/3346/2826 4033/3360/2840 1523/3364/2844 749/3337/2817
f 750/3339/2819 1524/3365/2845 4034/3366/2846 1515/3348/2828
f 1524/3365/2845 757/3367/2847 1525/3368/2848 4034/3366/2846
f 4034/3366/2846 1525/3368/2848 758/3369/2849 1526/3370/2850
f 1515/3348/2828 4034/3366/2846 1526/3370/2850 752/3349/2829
f 716/3295/2700 1527/3371/2851 4035/3372/2852 1517/3351/2831
f 753/3355/2835 1518/3353/2833 4035/3372/2852 1527/3371/2851
f 751/3343/2823 1517/3351/2831 4035/3372/2852 1518/3353/2833
f 747/3331/2811 1520/3358/2838 4036/3373/2853 1507/3332/2812
f 1520/3358/2838 754/3357/2837 1528/3374/2854 4036/3373/2853
f 4036/3373/2853 1528/3374/2854 755/3361/2841 1521/3359/2839
f 1507/3332/2812 4036/3373/2853 1521/3359/2839 748/3333/2813
f 749/3337/2817 1523/3364/2844 4037/3375/2855 1510/3338/2818
f 1523/3364/2844 756/3363/2843 1529/3376/2856 4037/3375/2855
f 4037/3375/2855 1529/3376/2856 757/3367/2847 1524/3365/2845
f 1510/3338/2818 4037/3375/2855 1524/3365/2845 750/3339/2819
f 755/3377/2841 1530/3378/2857 4038/3379/2858 1522/3380/2842
f 1530/3378/2857 759/3381/2859 1531/3382/2860 4038/3379/2858
f 4038/3379/2858 1531/3382/2860 760/3383/2861 1532/3384/2862
f 1522/3380/2842 4038/3379/2858 1532/3384/2862 756/3385/2843
f 757/3386/2847 1533/3387/2863 4039/3388/2864 1525/3389/2848
f 1533/3387/2863 761/3390/2865 1534/3391/2866 4039/3388/2864
f 4039/3388/2864 1534/3391/2866 762/3392/2867 1535/3393/2868
f 1525/3389/2848 4039/3388/2864 1535/3393/2868 758/3394/2849
f 716/3207/2700 1536/3395/2869 4040/3396/2870 1527/3397/2851
f 763/3398/2871 1537/3399/2872 4040/3396/2870 1536/3395/2869
f 753/3400/2835 1527/3397/2851 4040/3396/2870 1537/3399/2872
f 754/3401/2837 1538/3402/2873 4041/3403/2874 1528/3404/2854
f 1538/3402/2873 764/3405/2875 1539/3406/2876 4041/3403/2874
f 4041/3403/2874 1539/3406/2876 759/3381/2859 1530/3378/2857
f 1528/3404/2854 4041/3403/2874 1530/3378/2857 755/3377/2841
f 756/3385/2843 1532/3384/2862 4042/3407/2877 1529/3408/2856
f 1532/3384/2862 760/3383/2861 1540/3409/2878 4042/3407/2877
f 4042/3407/2877 1540/3409/2878 761/3390/2865 1533/3387/2863
f 1529/3408/2856 4042/3407/2877 1533/3387/2863 757/3386/2847
f 753/3400/2835 1537/3399/2872 4043/3410/2879 1519/3411/2836
f 1537/3399/2872 763/3398/2871 1541/3412/2880 4043/3410/2879
f 4043/3410/2879 1541/3412/2880 764/3405/2875 1538/3402/2873
f 1519/3411/2836 4043/3410/2879 1538/3402/2873 754/3401/2837
f 716/3207/2700 1454/3210/2703 4044/3413/2881 1536/3395/2869
f 718/3213/2706 1542/3414/2882 4044/3413/2881 1454/3210/2703
f 763/3398/2871 1536/3395/2869 4044/3413/2881 1542/3414/2882
f 764/3405/2875 1543/3415/2883 4045/3416/2884 1539/3406/2876
f 1543/3415/2883 719/3214/2707 1458/3217/2710 4045/3416/2884
f 4045/3416/2884 1458/3217/2710 722/3222/2715 1544/3417/2885
f 1539/3406/2876 4045/3416/2884 1544/3417/2885 759/3381/2859
f 760/3383/2861 1545/3418/2886 4046/3419/2887 1540/3409/2878
f 1545/3418/2886 723/3223/2716 1462/3226/2719 4046/3419/2887
f 4046/3419/2887 1462/3226/2719 726/3231/2724 1546/3420/2888
f 1540/3409/2878 4046/3419/2887 1546/3420/2888 761/3390/2865
f 763/3398/2871 1542/3414/2882 4047/3421/2889 1541/3412/2880
f 1542/3414/2882 718/3213/2706 1464/3233/2726 4047/3421/2889
f 4047/3421/2889 1464/3233/2726 719/3214/2707 1543/3415/2883
f 1541/3412/2880 4047/3421/2889 1543/3415/2883 764/3405/2875
f 759/3381/2859 1544/3417/2885 4048/3422/2890 1531/3382/2860
f 1544/3417/2885 722/3222/2715 1466/3236/2729 4048/3422/2890
f 4048/3422/2890 1466/3236/2729 723/3223/2716 1545/3418/2886
f 1531/3382/2860 4048/3422/2890 1545/3418/2886 760/3383/2861
f 761/3390/2865 1546/3420/2888 4049/3423/2891 1534/3391/2866
f 1546/3420/2888 726/3231/2724 1469/3239/2732 4049/3423/2891
f 4049/3423/2891 1469/3239/2732 728/3243/2736 1547/3424/2892
f 1534/3391/2866 4049/3423/2891 1547/3424/2892 762/3392/2867
f 641/2900/2421 1548/3425/2893 4050/3426/2894 1312/2901/2422
f 765/3427/2895 1549/3428/2896 4050/3426/2894 1548/3425/2893
f 642/2904/2425 1312/2901/2422 4050/3426/2894 1549/3428/2896
f 644/2907/2428 1550/3429/2897 4051/3430/2898 1315/2908/2429
f 1550/3429/2897 766/3431/2899 1551/3432/2900 4051/3430/2898
f 4051/3430/2898 1551/3432/2900 767/3433/2901 1552/3434/2902
f 1315/2908/2429 4051/3430/2898 1552/3434/2902 645/2911/2432
f 648/2916/2437 1553/3435/2903 4052/3436/2904 1319/2917/2438
f 1553/3435/2903 768/3437/2905 1554/3438/2906 4052/3436/2904
f 4052/3436/2904 1554/3438/2906 769/3439/2907 1555/3440/2908
f 1319/2917/2438 4052/3436/2904 1555/3440/2908 649/2920/2441
f 642/2904/2425 1549/3428/2896 4053/3441/2909 1323/2925/2446
f 1549/3428/2896 765/3427/2895 1556/3442/2910 4053/3441/2909
f 4053/3441/2909 1556/3442/2910 766/3431/2899 1550/3429/2897
f 1323/2925/2446 4053/3441/2909 1550/3429/2897 644/2907/2428
f 645/2911/2432 1552/3434/2902 4054/3443/2911 1325/2928/2449
f 1552/3434/2902 767/3433/2901 1557/3444/2912 4054/3443/2911
f 4054/3443/2911 1557/3444/2912 768/3437/2905 1553/3435/2903
f 1325/2928/2449 4054/3443/2911 1553/3435/2903 648/2916/2437
f 649/2920/2441 1555/3440/2908 4055/3445/2913 1327/2931/2452
f 1555/3440/2908 769/3439/2907 1558/3446/2914 4055/3445/2913
f 4055/3445/2913 1558/3446/2914 770/3447/2915 1559/3448/2916
f 1327/2931/2452 4055/3445/2913 1559/3448/2916 652/2933/2454
f 765/3427/2895 1560/3449/2917 4056/3450/2918 1556/3442/2910
f 1560/3449/2917 771/3451/2919 1561/3452/2920 4056/3450/2918
f 4056/3450/2918 1561/3452/2920 772/3453/2921 1562/3454/2922
f 1556/3442/2910 4056/3450/2918 1562/3454/2922 766/3431/2899
f 767/3433/2901 1563/3455/2923 4057/3456/2924 1557/3444/2912
f 1563/3455/2923 773/3457/2925 1564/3458/2926 4057/3456/2924
f 4057/3456/2924 1564/3458/2926 774/3459/1394 1565/3460/2927
f 1557/3444/2912 4057/3456/2924 1565/3460/2927 768/3437/2905
f 769/3439/2907 1566/3461/2928 4058/3462/2929 1558/3446/2914
f 1566/3461/2928 775/3463/2930 1567/3464/2931 4058/3462/2929
f 4058/3462/2929 1567/3464/2931 776/3465/2932 1568/3466/2933
f 1558/3446/2914 4058/3462/2929 1568/3466/2933 770/3447/2915
f 641/2900/2421 1569/3467/2934 4059/3468/2935 1548/3425/2893
f 771/3451/2919 1560/3449/2917 4059/3468/2935 1569/3467/2934
f 765/3427/2895 1548/3425/2893 4059/3468/2935 1560/3449/2917
f 766/3431/2899 1562/3454/2922 4060/3469/2936 1551/3432/2900
f 1562/3454/2922 772/3453/2921 1570/3470/2937 4060/3469/2936
f 4060/3469/2936 1570/3470/2937 773/3457/2925 1563/3455/2923
f 1551/3432/2900 4060/3469/2936 1563/3455/2923 767/3433/2901
f 768/3437/2905 1565/3460/2927 4061/3471/2938 1554/3438/2906
f 1565/3460/2927 774/3459/1394 1571/3472/2939 4061/3471/2938
f 4061/3471/2938 1571/3472/2939 775/3463/2930 1566/3461/2928
f 1554/3438/2906 4061/3471/2938 1566/3461/2928 769/3439/2907
f 771/3473/2919 1572/3474/2940 4062/3475/2941 1561/3476/2920
f 1572/3474/2940 777/3477/2942 1573/3478/2943 4062/3475/2941
f 4062/3475/2941 1573/3478/2943 778/3479/2944 1574/3480/2945
f 1561/3476/2920 4062/3475/2941 1574/3480/2945 772/3481/2921
f 773/3482/2925 1575/3483/2946 4063/3484/2947 1564/3485/2926
f 1575/3483/2946 779/3486/2948 1576/3487/2949 4063/3484/2947
f 4063/3484/2947 1576/3487/2949 780/3488/2950 1577/3489/2951
f 1564/3485/2926 4063/3484/2947 1577/3489/2951 774/3490/1394
f 775/3491/2930 1578/3492/2952 4064/3493/2953 1567/3494/2931
f 1578/3492/2952 781/3495/2954 1579/3496/2955 4064/3493/2953
f 4064/3493/2953 1579/3496/2955 782/3497/2956 1580/3498/2957
f 1567/3494/2931 4064/3493/2953 1580/3498/2957 776/3499/2932
f 641/2988/2421 1581/3500/2958 4065/3501/2959 1569/3502/2934
f 777/3477/2942 1572/3474/2940 4065/3501/2959 1581/3500/2958
f 771/3473/2919 1569/3502/2934 4065/3501/2959 1572/3474/2940
f 772/3481/2921 1574/3480/2945 4066/3503/2960 1570/3504/2937
f 1574/3480/2945 778/3479/2944 1582/3505/2961 4066/3503/2960
f 4066/3503/2960 1582/3505/2961 779/3486/2948 1575/3483/2946
f 1570/3504/2937 4066/3503/2960 1575/3483/2946 773/3482/2925
f 774/3490/1394 1577/3489/2951 4067/3506/2962 1571/3507/2939
f 1577/3489/2951 780/3488/2950 1583/3508/2963 4067/3506/2962
f 4067/3506/2962 1583/3508/2963 781/3495/2954 1578/3492/2952
f 1571/3507/2939 4067/3506/2962 1578/3492/2952 775/3491/2930
f 641/2988/2421 1355/2999/2506 4068/3509/2964 1581/3500/2958
f 666/3001/2508 1584/3510/2965 4068/3509/2964 1355/2999/2506
f 777/3477/2942 1581/3500/2958 4068/3509/2964 1584/3510/2965
f 778/3479/2944 1585/3511/2966 4069/3512/2967 1582/3505/2961
f 1585/3511/2966 668/3007/2514 1357/3006/2513 4069/3512/2967
f 4069/3512/2967 1357/3006/2513 667/3005/2512 1586/3513/2968
f 1582/3505/2961 4069/3512/2967 1586/3513/2968 779/3486/2948
f 780/3488/2950 1587/3514/2969 4070/3515/2970 1583/3508/2963
f 1587/3514/2969 670/3013/2520 1360/3012/2519 4070/3515/2970
f 4070/3515/2970 1360/3012/2519 669/3011/2518 1588/3516/2971
f 1583/3508/2963 4070/3515/2970 1588/3516/2971 781/3495/2954
f 777/3477/2942 1584/3510/2965 4071/3517/2972 1573/3478/2943
f 1584/3510/2965 666/3001/2508 1362/3015/2522 4071/3517/2972
f 4071/3517/2972 1362/3015/2522 668/3007/2514 1585/3511/2966
f 1573/3478/2943 4071/3517/2972 1585/3511/2966 778/3479/2944
f 779/3486/2948 1586/3513/2968 4072/3518/2973 1576/3487/2949
f 1586/3513/2968 667/3005/2512 1363/3017/2524 4072/3518/2973
f 4072/3518/2973 1363/3017/2524 670/3013/2520 1587/3514/2969
f 1576/3487/2949 4072/3518/2973 1587/3514/2969 780/3488/2950
f 781/3495/2954 1588/3516/2971 4073/3519/2974 1579/3496/2955
f 1588/3516/2971 669/3011/2518 1365/3021/2528 4073/3519/2974
f 4073/3519/2974 1365/3021/2528 671/3020/2527 1589/3520/2975
f 1579/3496/2955 4073/3519/2974 1589/3520/2975 782/3497/2956
f 782/3497/2956 1590/3521/2976 4074/3522/2977 1580/3498/2957
f 1590/3521/2976 752/3349/2829 1526/3370/2850 4074/3522/2977
f 4074/3522/2977 1526/3370/2850 758/3369/2849 1591/3523/2978
f 1580/3498/2957 4074/3522/2977 1591/3523/2978 776/3499/2932
f 776/3465/2932 1591/3524/2978 4075/3525/2979 1568/3466/2933
f 1591/3524/2978 758/3394/2849 1535/3393/2868 4075/3525/2979
f 4075/3525/2979 1535/3393/2868 762/3392/2867 1592/3526/2980
f 1568/3466/2933 4075/3525/2979 1592/3526/2980 770/3447/2915
f 783/3527/2981 1593/3528/2982 4076/3529/2983 1595/3530/2984
f 1593/3528/2982 752/3349/2829 1590/3521/2976 4076/3529/2983
f 4076/3529/2983 1590/3521/2976 782/3497/2956 1594/3531/2985
f 1595/3530/2984 4076/3529/2983 1594/3531/2985 784/3532/2986
f 785/3533/2987 1596/3534/2988 4077/3535/2989 1599/3536/2990
f 1596/3534/2988 786/3537/2991 1597/3538/2992 4077/3535/2989
f 4077/3535/2989 1597/3538/2992 787/3539/2993 1598/3540/2994
f 1599/3536/2990 4077/3535/2989 1598/3540/2994 788/3541/2995
f 789/3542/2996 1600/3543/2997 4078/3544/2998 1603/3545/2999
f 1600/3543/2997 790/3546/3000 1601/3547/3001 4078/3544/2998
f 4078/3544/2998 1601/3547/3001 791/3548/3002 1602/3549/3003
f 1603/3545/2999 4078/3544/2998 1602/3549/3003 792/3550/3004
f 793/3551/3005 1604/3552/3006 4079/3553/3007 1606/3554/3008
f 1604/3552/3006 794/3555/3009 1605/3556/3010 4079/3553/3007
f 4079/3553/3007 1605/3556/3010 790/3546/3000 1600/3543/2997
f 1606/3554/3008 4079/3553/3007 1600/3543/2997 789/3542/2996
f 795/3557/3011 1607/3558/3012 4080/3559/3013 1610/3560/3014
f 796/3561/3015 1608/3562/3016 4080/3559/3013 1607/3558/3012
f 797/3563/3017 1609/3564/3018 4080/3559/3013 1608/3562/3016
f 686/3064/2570 1384/3063/2569 4080/3559/3013 1609/3564/3018
f 685/3062/2568 1610/3560/3014 4080/3559/3013 1384/3063/2569
f 689/3069/2575 1391/3072/2578 4081/3565/3019 1613/3566/3020
f 1391/3072/2578 692/3077/2583 1611/3567/3021 4081/3565/3019
f 4081/3565/3019 1611/3567/3021 798/3568/3022 1612/3569/3023
f 1613/3566/3020 4081/3565/3019 1612/3569/3023 799/3570/3024
f 800/3571/3025 1614/3572/3026 4082/3573/3027 1617/3574/3028
f 1614/3572/3026 801/3575/3029 1615/3576/3030 4082/3573/3027
f 4082/3573/3027 1615/3576/3030 798/3568/3022 1616/3577/3031
f 1617/3574/3028 4082/3573/3027 1616/3577/3031 802/3578/3032
f 802/3578/3032 1616/3577/3031 4083/3579/3033 1618/3580/3034
f 1616/3577/3031 798/3568/3022 1611/3567/3021 4083/3579/3033
f 4083/3579/3033 1611/3567/3021 692/3077/2583 1397/3089/2595
f 1618/3580/3034 4083/3579/3033 1397/3089/2595 696/3088/2594
f 803/3581/3035 1619/3582/3036 4084/3583/3037 1621/3584/3038
f 1619/3582/3036 804/3585/3039 1620/3586/3040 4084/3583/3037
f 4084/3583/3037 1620/3586/3040 801/3575/3029 1614/3572/3026
f 1621/3584/3038 4084/3583/3037 1614/3572/3026 800/3571/3025
f 791/3548/3002 1601/3547/3001 4085/3587/3041 1623/3588/3042
f 1601/3547/3001 790/3546/3000 1622/3589/3043 4085/3587/3041
f 4085/3587/3041 1622/3589/3043 804/3585/3039 1619/3582/3036
f 1623/3588/3042 4085/3587/3041 1619/3582/3036 803/3581/3035
f 786/3537/2991 1624/3590/3044 4086/3591/3045 1626/3592/3046
f 1624/3590/3044 791/3593/3002 1623/3594/3042 4086/3591/3045
f 4086/3591/3045 1623/3594/3042 803/3595/3035 1625/3596/3047
f 1626/3592/3046 4086/3591/3045 1625/3596/3047 805/3597/3048
f 805/3597/3048 1625/3596/3047 4087/3598/3049 1628/3599/3050
f 1625/3596/3047 803/3595/3035 1621/3600/3038 4087/3598/3049
f 4087/3598/3049 1621/3600/3038 800/3601/3025 1627/3602/3051
f 1628/3599/3050 4087/3598/3049 1627/3602/3051 806/3603/3052
f 797/3563/3017 1629/3604/3053 4088/3605/3054 1609/3564/3018
f 1629/3604/3053 802/3606/3032 1618/3607/3034 4088/3605/3054
f 4088/3605/3054 1618/3607/3034 696/3116/2594 1408/3115/2616
f 1609/3564/3018 4088/3605/3054 1408/3115/2616 686/3064/2570
f 806/3603/3052 1627/3602/3051 4089/3608/3055 1630/3609/3056
f 1627/3602/3051 800/3601/3025 1617/3610/3028 4089/3608/3055
f 4089/3608/3055 1617/3610/3028 802/3606/3032 1629/3604/3053
f 1630/3609/3056 4089/3608/3055 1629/3604/3053 797/3563/3017
f 807/3611/3057 1631/3612/3058 4090/3613/3059 1633/3614/3060
f 1631/3612/3058 762/3392/2867 1547/3424/2892 4090/3613/3059
f 4090/3613/3059 1547/3424/2892 728/3243/2736 1632/3615/3061
f 1633/3614/3060 4090/3613/3059 1632/3615/3061 788/3541/2995
f 793/3551/3005 1634/3616/3062 4091/3617/3063 1604/3552/3006
f 1634/3616/3062 783/3527/2981 1635/3618/3064 4091/3617/3063
f 4091/3617/3063 1635/3618/3064 808/3619/3065 1636/3620/3066
f 1604/3552/3006 4091/3617/3063 1636/3620/3066 794/3555/3009
f 809/3621/3067 1637/3622/3068 4092/3623/3069 1640/3624/3070
f 1637/3622/3068 810/3625/3071 1638/3626/3072 4092/3623/3069
f 4092/3623/3069 1638/3626/3072 811/3627/3073 1639/3628/3074
f 1640/3624/3070 4092/3623/3069 1639/3628/3074 812/3629/3075
f 813/3630/3076 1641/3631/3077 4093/3632/3078 1642/3633/3079
f 1641/3631/3077 795/3557/3011 1610/3560/3014 4093/3632/3078
f 4093/3632/3078 1610/3560/3014 685/3062/2568 1418/3137/2633
f 1642/3633/3079 4093/3632/3078 1418/3137/2633 704/3136/2437
f 808/3619/3065 1643/3634/3080 4094/3635/3081 1636/3620/3066
f 1643/3634/3080 814/3636/3082 1644/3637/3083 4094/3635/3081
f 4094/3635/3081 1644/3637/3083 815/3638/3084 1645/3639/3085
f 1636/3620/3066 4094/3635/3081 1645/3639/3085 794/3555/3009
f 814/3636/3082 1646/3640/3086 4095/3641/3087 1647/3642/3088
f 1646/3640/3086 799/3570/3024 1612/3569/3023 4095/3641/3087
f 4095/3641/3087 1612/3569/3023 798/3568/3022 1615/3576/3030
f 1647/3642/3088 4095/3641/3087 1615/3576/3030 801/3575/3029
f 813/3630/3076 1648/3643/3089 4096/3644/3090 1649/3645/3091
f 1648/3643/3089 770/3447/2915 1592/3526/2980 4096/3644/3090
f 4096/3644/3090 1592/3526/2980 762/3392/2867 1631/3612/3058
f 1649/3645/3091 4096/3644/3090 1631/3612/3058 807/3611/3057
f 792/3646/3004 1602/3647/3003 4097/3648/3092 1650/3649/3093
f 1602/3647/3003 791/3593/3002 1624/3590/3044 4097/3648/3092
f 4097/3648/3092 1624/3590/3044 786/3537/2991 1596/3534/2988
f 1650/3649/3093 4097/3648/3092 1596/3534/2988 785/3533/2987
f 816/3650/3094 1651/3651/3095 4098/3652/3096 1653/3653/3097
f 1651/3651/3095 817/3654/3098 1652/3655/3099 4098/3652/3096
f 4098/3652/3096 1652/3655/3099 796/3561/3015 1607/3558/3012
f 1653/3653/3097 4098/3652/3096 1607/3558/3012 795/3557/3011
f 787/3539/2993 1654/3656/3100 4099/3657/3101 1656/3658/3102
f 1654/3656/3100 818/3659/3103 1655/3660/3104 4099/3657/3101
f 4099/3657/3101 1655/3660/3104 817/3654/3098 1651/3651/3095
f 1656/3658/3102 4099/3657/3101 1651/3651/3095 816/3650/3094
f 734/3260/2753 1657/3661/3105 4100/3662/3106 1478/3261/2754
f 1657/3661/3105 792/3646/3004 1650/3649/3093 4100/3662/3106
f 4100/3662/3106 1650/3649/3093 785/3533/2987 1658/3663/3107
f 1478/3261/2754 4100/3662/3106 1658/3663/3107 727/3241/2734
f 795/3557/3011 1641/3631/3077 4101/3664/3108 1653/3653/3097
f 1641/3631/3077 813/3630/3076 1649/3645/3091 4101/3664/3108
f 4101/3664/3108 1649/3645/3091 807/3611/3057 1659/3665/3109
f 1653/3653/3097 4101/3664/3108 1659/3665/3109 816/3650/3094
f 770/3447/2915 1648/3643/3089 4102/3666/3110 1559/3448/2916
f 1648/3643/3089 813/3630/3076 1642/3633/3079 4102/3666/3110
f 4102/3666/3110 1642/3633/3079 704/3136/2437 1437/3171/2665
f 1559/3448/2916 4102/3666/3110 1437/3171/2665 652/2933/2454
f 671/3020/2527 1439/3173/2667 4103/3667/3111 1589/3520/2975
f 1439/3173/2667 710/3175/2669 1660/3668/3112 4103/3667/3111
f 4103/3667/3111 1660/3668/3112 784/3532/2986 1594/3531/2985
f 1589/3520/2975 4103/3667/3111 1594/3531/2985 782/3497/2956
f 746/3327/2807 1516/3350/2830 4104/3669/3113 1661/3670/3114
f 1516/3350/2830 752/3349/2829 1593/3528/2982 4104/3669/3113
f 4104/3669/3113 1593/3528/2982 783/3527/2981 1634/3616/3062
f 1661/3670/3114 4104/3669/3113 1634/3616/3062 793/3551/3005
f 816/3650/3094 1659/3665/3109 4105/3671/3115 1656/3658/3102
f 1659/3665/3109 807/3611/3057 1633/3614/3060 4105/3671/3115
f 4105/3671/3115 1633/3614/3060 788/3541/2995 1598/3540/2994
f 1656/3658/3102 4105/3671/3115 1598/3540/2994 787/3539/2993
f 746/3327/2807 1661/3670/3114 4106/3672/3116 1505/3328/2808
f 1661/3670/3114 793/3551/3005 1606/3554/3008 4106/3672/3116
f 4106/3672/3116 1606/3554/3008 789/3542/2996 1662/3673/3117
f 1505/3328/2808 4106/3672/3116 1662/3673/3117 740/3292/2777
f 740/3292/2777 1662/3673/3117 4107/3674/3118 1490/3293/2778
f 1662/3673/3117 789/3542/2996 1603/3545/2999 4107/3674/3118
f 4107/3674/3118 1603/3545/2999 792/3550/3004 1657/3675/3105
f 1490/3293/2778 4107/3674/3118 1657/3675/3105 734/3294/2753
f 727/3241/2734 1658/3663/3107 4108/3676/3119 1468/3242/2735
f 1658/3663/3107 785/3533/2987 1599/3536/2990 4108/3676/3119
f 4108/3676/3119 1599/3536/2990 788/3541/2995 1632/3615/3061
f 1468/3242/2735 4108/3676/3119 1632/3615/3061 728/3243/2736
f 808/3619/3065 1635/3618/3064 4109/3677/3120 1664/3678/3121
f 1635/3618/3064 783/3527/2981 1595/3530/2984 4109/3677/3120
f 4109/3677/3120 1595/3530/2984 784/3532/2986 1663/3679/3122
f 1664/3678/3121 4109/3677/3120 1663/3679/3122 819/3680/3123
f 808/3619/3065 1664/3678/3121 4110/3681/3124 1643/3634/3080
f 1664/3678/3121 819/3680/3123 1665/3682/3125 4110/3681/3124
f 4110/3681/3124 1665/3682/3125 799/3570/3024 1646/3640/3086
f 1643/3634/3080 4110/3681/3124 1646/3640/3086 814/3636/3082
f 820/3683/3126 1666/3684/3127 4111/3685/3128 1668/3686/3129
f 1666/3684/3127 809/3621/3067 1640/3624/3070 4111/3685/3128
f 4111/3685/3128 1640/3624/3070 812/3629/3075 1667/3687/3130
f 1668/3686/3129 4111/3685/3128 1667/3687/3130 821/3688/3131
f 814/3636/3082 1647/3642/3088 4112/3689/3132 1644/3637/3083
f 1647/3642/3088 801/3575/3029 1620/3586/3040 4112/3689/3132
f 4112/3689/3132 1620/3586/3040 804/3585/3039 1669/3690/3133
f 1644/3637/3083 4112/3689/3132 1669/3690/3133 815/3638/3084
f 815/3638/3084 1669/3690/3133 4113/3691/3134 1645/3639/3085
f 1669/3690/3133 804/3585/3039 1622/3589/3043 4113/3691/3134
f 4113/3691/3134 1622/3589/3043 790/3546/3000 1605/3556/3010
f 1645/3639/3085 4113/3691/3134 1605/3556/3010 794/3555/3009
f 817/3654/3098 1670/3692/3135 4114/3693/3136 1652/3655/3099
f 1670/3692/3135 806/3603/3052 1630/3609/3056 4114/3693/3136
f 4114/3693/3136 1630/3609/3056 797/3563/3017 1608/3562/3016
f 1652/3655/3099 4114/3693/3136 1608/3562/3016 796/3561/3015
f 805/3597/3048 1628/3599/3050 4115/3694/3137 1671/3695/3138
f 1628/3599/3050 806/3603/3052 1670/3692/3135 4115/3694/3137
f 4115/3694/3137 1670/3692/3135 817/3654/3098 1655/3660/3104
f 1671/3695/3138 4115/3694/3137 1655/3660/3104 818/3659/3103
f 818/3659/3103 1654/3656/3100 4116/3696/3139 1671/3695/3138
f 1654/3656/3100 787/3539/2993 1597/3538/2992 4116/3696/3139
f 4116/3696/3139 1597/3538/2992 786/3537/2991 1626/3592/3046
f 1671/3695/3138 4116/3696/3139 1626/3592/3046 805/3597/3048
f 712/3697/2683 1672/3698/3140 4117/3699/3141 1674/3700/3142
f 1672/3698/3140 822/3701/3143 1673/3702/3144 4117/3699/3141
f 4117/3699/3141 1673/3702/3144 673/3032/2538 1443/3187/2680
f 1674/3700/3142 4117/3699/3141 1443/3187/2680 711/3186/2679
f 822/3701/3143 1675/3703/3145 4118/3704/3146 1673/3702/3144
f 1675/3703/3145 823/3705/3147 1676/3706/3148 4118/3704/3146
f 4118/3704/3146 1676/3706/3148 710/3175/2669 1438/3174/2668
f 1673/3702/3144 4118/3704/3146 1438/3174/2668 673/3032/2538
f 713/3707/2687 1445/3708/2684 4119/3709/3149 1677/3710/3150
f 1445/3708/2684 712/3697/2683 1674/3700/3142 4119/3709/3149
f 4119/3709/3149 1674/3700/3142 711/3186/2679 1444/3189/2682
f 1677/3710/3150 4119/3709/3149 1444/3189/2682 690/3073/2579
f 824/3711/3151 1678/3712/3152 4120/3713/3153 1679/3714/3154
f 1678/3712/3152 713/3707/2687 1677/3710/3150 4120/3713/3153
f 4120/3713/3153 1677/3710/3150 690/3073/2579 1388/3070/2576
f 1679/3714/3154 4120/3713/3153 1388/3070/2576 689/3069/2575
f 810/3715/3071 1637/3716/3068 4121/3717/3155 1681/3718/3156
f 1637/3716/3068 809/3719/3067 1680/3720/3157 4121/3717/3155
f 4121/3717/3155 1680/3720/3157 819/3680/3123 1663/3679/3122
f 1681/3718/3156 4121/3717/3155 1663/3679/3122 784/3532/2986
f 823/3705/3147 1682/3721/3158 4122/3722/3159 1676/3706/3148
f 1682/3721/3158 810/3715/3071 1681/3718/3156 4122/3722/3159
f 4122/3722/3159 1681/3718/3156 784/3532/2986 1660/3668/3112
f 1676/3706/3148 4122/3722/3159 1660/3668/3112 710/3175/2669
f 809/3719/3067 1666/3723/3127 4123/3724/3160 1680/3720/3157
f 1666/3723/3127 820/3725/3126 1683/3726/3161 4123/3724/3160
f 4123/3724/3160 1683/3726/3161 799/3570/3024 1665/3682/3125
f 1680/3720/3157 4123/3724/3160 1665/3682/3125 819/3680/3123
f 820/3725/3126 1684/3727/3162 4124/3728/3163 1683/3726/3161
f 1684/3727/3162 824/3711/3151 1679/3714/3154 4124/3728/3163
f 4124/3728/3163 1679/3714/3154 689/3069/2575 1613/3566/3020
f 1683/3726/3161 4124/3728/3163 1613/3566/3020 799/3570/3024
f 824/3729/3151 1684/3730/3162 4125/3731/3164 1686/3732/3165
f 1684/3730/3162 820/3683/3126 1668/3686/3129 4125/3731/3164
f 4125/3731/3164 1668/3686/3129 821/3688/3131 1685/3733/3166
f 1686/3732/3165 4125/3731/3164 1685/3733/3166 825/3734/3167
f 810/3625/3071 1682/3735/3158 4126/3736/3168 1638/3626/3072
f 1682/3735/3158 823/3737/3147 1687/3738/3169 4126/3736/3168
f 4126/3736/3168 1687/3738/3169 826/3739/3170 1688/3740/3171
f 1638/3626/3072 4126/3736/3168 1688/3740/3171 811/3627/3073
f 713/3194/2687 1678/3741/3152 4127/3742/3172 1446/3195/2688
f 1678/3741/3152 824/3743/3151 1686/3744/3165 4127/3742/3172
f 4127/3742/3172 1686/3744/3165 825/3745/3167 1689/3746/3173
f 1446/3195/2688 4127/3742/3172 1689/3746/3173 714/3196/2689
f 823/3737/3147 1675/3747/3145 4128/3748/3174 1687/3738/3169
f 1675/3747/3145 822/3749/3143 1690/3750/3175 4128/3748/3174
f 4128/3748/3174 1690/3750/3175 827/3751/3176 1691/3752/3177
f 1687/3738/3169 4128/3748/3174 1691/3752/3177 826/3739/3170
f 712/3190/2683 1448/3193/2686 4129/3753/3178 1672/3754/3140
f 1448/3193/2686 715/3198/2691 1692/3755/3179 4129/3753/3178
f 4129/3753/3178 1692/3755/3179 827/3751/3176 1690/3750/3175
f 1672/3754/3140 4129/3753/3178 1690/3750/3175 822/3749/3143
f 811/3627/3073 1688/3740/3171 4130/3756/3180 1695/3757/3181
f 1688/3740/3171 826/3739/3170 1693/3758/3182 4130/3756/3180
f 4130/3756/3180 1693/3758/3182 828/3759/3183 1694/3760/3184
f 1695/3757/3181 4130/3756/3180 1694/3760/3184 829/3761/3185
f 812/3629/3075 1639/3628/3074 4131/3762/3186 1697/3763/3187
f 1639/3628/3074 811/3627/3073 1695/3757/3181 4131/3762/3186
f 4131/3762/3186 1695/3757/3181 829/3761/3185 1696/3764/3188
f 1697/3763/3187 4131/3762/3186 1696/3764/3188 830/3765/3189
f 821/3688/3131 1667/3687/3130 4132/3766/3190 1699/3767/3191
f 1667/3687/3130 812/3629/3075 1697/3763/3187 4132/3766/3190
f 4132/3766/3190 1697/3763/3187 830/3765/3189 1698/3768/3192
f 1699/3767/3191 4132/3766/3190 1698/3768/3192 831/3769/3193
f 825/3734/3167 1685/3733/3166 4133/3770/3194 1701/3771/3195
f 1685/3733/3166 821/3688/3131 1699/3767/3191 4133/3770/3194
f 4133/3770/3194 1699/3767/3191 831/3769/3193 1700/3772/3196
f 1701/3771/3195 4133/3770/3194 1700/3772/3196 832/3773/3197
f 714/3196/2689 1689/3746/3173 4134/3774/3198 1703/3775/3199
f 1689/3746/3173 825/3745/3167 1701/3776/3195 4134/3774/3198
f 4134/3774/3198 1701/3776/3195 832/3777/3197 1702/3778/3200
f 1703/3775/3199 4134/3774/3198 1702/3778/3200 833/3779/3201
f 715/3198/2691 1447/3197/2690 4135/3780/3202 1705/3781/3203
f 1447/3197/2690 714/3196/2689 1703/3775/3199 4135/3780/3202
f 4135/3780/3202 1703/3775/3199 833/3779/3201 1704/3782/3204
f 1705/3781/3203 4135/3780/3202 1704/3782/3204 834/3783/3205
f 827/3751/3176 1692/3755/3179 4136/3784/3206 1707/3785/3207
f 1692/3755/3179 715/3198/2691 1705/3781/3203 4136/3784/3206
f 4136/3784/3206 1705/3781/3203 834/3783/3205 1706/3786/3208
f 1707/3785/3207 4136/3784/3206 1706/3786/3208 835/3787/3209
f 826/3739/3170 1691/3752/3177 4137/3788/3210 1693/3758/3182
f 1691/3752/3177 827/3751/3176 1707/3785/3207 4137/3788/3210
f 4137/3788/3210 1707/3785/3207 835/3787/3209 1708/3789/3211
f 1693/3758/3182 4137/3788/3210 1708/3789/3211 828/3759/3183
f 836/3790/3212 1709/3791/3213 4138/3792/3214 1711/3793/3215
f 837/3794/3216 1710/3795/3217 4138/3792/3214 1709/3791/3213
f 838/3796/3218 1711/3793/3215 4138/3792/3214 1710/3795/3217
f 839/3797/2707 1712/3798/3219 4139/3799/2709 1715/3800/2710
f 1712/3798/3219 840/3801/3220 1713/3802/3221 4139/3799/2709
f 4139/3799/2709 1713/3802/3221 841/3803/3222 1714/3804/3223
f 1715/3800/2710 4139/3799/2709 1714/3804/3223 842/3805/2715
f 843/3806/3224 1716/3807/3225 4140/3808/3226 1719/3809/3227
f 1716/3807/3225 844/3810/3228 1717/3811/3229 4140/3808/3226
f 4140/3808/3226 1717/3811/3229 845/3812/3230 1718/3813/3231
f 1719/3809/3227 4140/3808/3226 1718/3813/3231 846/3814/2724
f 838/3796/3218 1710/3795/3217 4141/3815/3232 1721/3816/3233
f 1710/3795/3217 837/3794/3216 1720/3817/3234 4141/3815/3232
f 4141/3815/3232 1720/3817/3234 840/3801/3220 1712/3798/3219
f 1721/3816/3233 4141/3815/3232 1712/3798/3219 839/3797/2707
f 842/3805/2715 1714/3804/3223 4142/3818/3235 1723/3819/3236
f 1714/3804/3223 841/3803/3222 1722/3820/3237 4142/3818/3235
f 4142/3818/3235 1722/3820/3237 844/3810/3228 1716/3807/3225
f 1723/3819/3236 4142/3818/3235 1716/3807/3225 843/3806/3224
f 846/3814/2724 1718/3813/3231 4143/3821/2731 1726/3822/2732
f 1718/3813/3231 845/3812/3230 1724/3823/3238 4143/3821/2731
f 4143/3821/2731 1724/3823/3238 847/3824/3239 1725/3825/3240
f 1726/3822/2732 4143/3821/2731 1725/3825/3240 848/3826/2736
f 837/3794/3216 1727/3827/3241 4144/3828/3242 1720/3817/3234
f 1727/3827/3241 849/3829/3243 1728/3830/2740 4144/3828/3242
f 4144/3828/3242 1728/3830/2740 850/3831/3244 1729/3832/3245
f 1720/3817/3234 4144/3828/3242 1729/3832/3245 840/3801/3220
f 841/3803/3222 1730/3833/3246 4145/3834/3247 1722/3820/3237
f 1730/3833/3246 851/3835/3248 1731/3836/3249 4145/3834/3247
f 4145/3834/3247 1731/3836/3249 852/3837/3250 1732/3838/3251
f 1722/3820/3237 4145/3834/3247 1732/3838/3251 844/3810/3228
f 845/3812/3230 1733/3839/3252 4146/3840/3253 1724/3823/3238
f 1733/3839/3252 853/3841/2751 1734/3842/2752 4146/3840/3253
f 4146/3840/3253 1734/3842/2752 854/3843/3254 1735/3844/3255
f 1724/3823/3238 4146/3840/3253 1735/3844/3255 847/3824/3239
f 836/3790/3212 1736/3845/2755 4147/3846/3256 1709/3791/3213
f 849/3829/3243 1727/3827/3241 4147/3846/3256 1736/3845/2755
f 837/3794/3216 1709/3791/3213 4147/3846/3256 1727/3827/3241
f 840/3801/3220 1729/3832/3245 4148/3847/3257 1713/3802/3221
f 1729/3832/3245 850/3831/3244 1737/3848/2758 4148/3847/3257
f 4148/3847/3257 1737/3848/2758 851/3835/3248 1730/3833/3246
f 1713/3802/3221 4148/3847/3257 1730/3833/3246 841/3803/3222
f 844/3810/3228 1732/3838/3251 4149/3849/3258 1717/3811/3229
f 1732/3838/3251 852/3837/3250 1738/3850/3259 4149/3849/3258
f 4149/3849/3258 1738/3850/3259 853/3841/2751 1733/3839/3252
f 1717/3811/3229 4149/3849/3258 1733/3839/3252 845/3812/3230
f 849/3851/3243 1739/3852/3260 4150/3853/3261 1728/3854/2740
f 1739/3852/3260 855/3855/3262 1740/3856/3263 4150/3853/3261
f 4150/3853/3261 1740/3856/3263 856/3857/3264 1741/3858/3265
f 1728/3854/2740 4150/3853/3261 1741/3858/3265 850/3859/3244
f 851/3860/3248 1742/3861/2767 4151/3862/3266 1731/3863/3249
f 1742/3861/2767 857/3864/3267 1743/3865/3268 4151/3862/3266
f 4151/3862/3266 1743/3865/3268 858/3866/3269 1744/3867/2772
f 1731/3863/3249 4151/3862/3266 1744/3867/2772 852/3868/3250
f 853/3869/2751 1745/3870/2773 4152/3871/3270 1734/3872/2752
f 1745/3870/2773 859/3873/2775 1746/3874/2776 4152/3871/3270
f 4152/3871/3270 1746/3874/2776 860/3875/2777 1747/3876/3271
f 1734/3872/2752 4152/3871/3270 1747/3876/3271 854/3877/3254
f 836/3878/3212 1748/3879/3272 4153/3880/2780 1736/3881/2755
f 855/3855/3262 1739/3852/3260 4153/3880/2780 1748/3879/3272
f 849/3851/3243 1736/3881/2755 4153/3880/2780 1739/3852/3260
f 850/3859/3244 1741/3858/3265 4154/3882/3273 1737/3883/2758
f 1741/3858/3265 856/3857/3264 1749/3884/3274 4154/3882/3273
f 4154/3882/3273 1749/3884/3274 857/3864/3267 1742/3861/2767
f 1737/3883/2758 4154/3882/3273 1742/3861/2767 851/3860/3248
f 852/3868/3250 1744/3867/2772 4155/3885/3275 1738/3886/3259
f 1744/3867/2772 858/3866/3269 1750/3887/2784 4155/3885/3275
f 4155/3885/3275 1750/3887/2784 859/3873/2775 1745/3870/2773
f 1738/3886/3259 4155/3885/3275 1745/3870/2773 853/3869/2751
f 836/3878/3212 1751/3888/2785 4156/3889/3276 1748/3879/3272
f 861/3890/3277 1752/3891/3278 4156/3889/3276 1751/3888/2785
f 855/3855/3262 1748/3879/3272 4156/3889/3276 1752/3891/3278
f 856/3857/3264 1753/3892/2789 4157/3893/2790 1749/3884/3274
f 1753/3892/2789 862/3894/3279 1754/3895/2792 4157/3893/2790
f 4157/3893/2790 1754/3895/2792 863/3896/3280 1755/3897/3281
f 1749/3884/3274 4157/3893/2790 1755/3897/3281 857/3864/3267
f 858/3866/3269 1756/3898/3282 4158/3899/3283 1750/3887/2784
f 1756/3898/3282 864/3900/2797 1757/3901/3284 4158/3899/3283
f 4158/3899/3283 1757/3901/3284 865/3902/2799 1758/3903/2800
f 1750/3887/2784 4158/3899/3283 1758/3903/2800 859/3873/2775
f 855/3855/3262 1752/3891/3278 4159/3904/2801 1740/3856/3263
f 1752/3891/3278 861/3890/3277 1759/3905/3285 4159/3904/2801
f 4159/3904/2801 1759/3905/3285 862/3894/3279 1753/3892/2789
f 1740/3856/3263 4159/3904/2801 1753/3892/2789 856/3857/3264
f 857/3864/3267 1755/3897/3281 4160/3906/3286 1743/3865/3268
f 1755/3897/3281 863/3896/3280 1760/3907/3287 4160/3906/3286
f 4160/3906/3286 1760/3907/3287 864/3900/2797 1756/3898/3282
f 1743/3865/3268 4160/3906/3286 1756/3898/3282 858/3866/3269
f 859/3873/2775 1758/3903/2800 4161/3908/3288 1746/3874/2776
f 1758/3903/2800 865/3902/2799 1761/3909/3289 4161/3908/3288
f 4161/3908/3288 1761/3909/3289 866/3910/2807 1762/3911/2808
f 1746/3874/2776 4161/3908/3288 1762/3911/2808 860/3875/2777
f 862/3894/3279 1763/3912/2809 4162/3913/2810 1754/3895/2792
f 1763/3912/2809 867/3914/2811 1764/3915/3290 4162/3913/2810
f 4162/3913/2810 1764/3915/3290 868/3916/2813 1765/3917/3291
f 1754/3895/2792 4162/3913/2810 1765/3917/3291 863/3896/3280
f 864/3900/2797 1766/3918/3292 4163/3919/2816 1757/3901/3284
f 1766/3918/3292 869/3920/3293 1767/3921/3294 4163/3919/2816
f 4163/3919/2816 1767/3921/3294 870/3922/2819 1768/3923/3295
f 1757/3901/3284 4163/3919/2816 1768/3923/3295 865/3902/2799
f 861/3890/3277 1769/3924/3296 4164/3925/2822 1759/3905/3285
f 1769/3924/3296 871/3926/3297 1770/3927/2824 4164/3925/2822
f 4164/3925/2822 1770/3927/2824 867/3914/2811 1763/3912/2809
f 1759/3905/3285 4164/3925/2822 1763/3912/2809 862/3894/3279
f 863/3896/3280 1765/3917/3291 4165/3928/2825 1760/3907/3287
f 1765/3917/3291 868/3916/2813 1771/3929/3298 4165/3928/2825
f 4165/3928/2825 1771/3929/3298 869/3920/3293 1766/3918/3292
f 1760/3907/3287 4165/3928/2825 1766/3918/3292 864/3900/2797
f 865/3902/2799 1768/3923/3295 4166/3930/3299 1761/3909/3289
f 1768/3923/3295 870/3922/2819 1772/3931/3300 4166/3930/3299
f 4166/3930/3299 1772/3931/3300 872/3932/3301 1773/3933/3302
f 1761/3909/3289 4166/3930/3299 1773/3933/3302 866/3910/2807
f 836/3878/3212 1774/3934/2831 4167/3935/2832 1751/3888/2785
f 871/3926/3297 1769/3924/3296 4167/3935/2832 1774/3934/2831
f 861/3890/3277 1751/3888/2785 4167/3935/2832 1769/3924/3296
f 871/3926/3297 1775/3936/3303 4168/3937/2834 1770/3927/2824
f 1775/3936/3303 873/3938/2835 1776/3939/2836 4168/3937/2834
f 4168/3937/2834 1776/3939/2836 874/3940/2837 1777/3941/3304
f 1770/3927/2824 4168/3937/2834 1777/3941/3304 867/3914/2811
f 868/3916/2813 1778/3942/3305 4169/3943/3306 1771/3929/3298
f 1778/3942/3305 875/3944/3307 1779/3945/3308 4169/3943/3306
f 4169/3943/3306 1779/3945/3308 876/3946/2843 1780/3947/2844
f 1771/3929/3298 4169/3943/3306 1780/3947/2844 869/3920/3293
f 870/3922/2819 1781/3948/3309 4170/3949/3310 1772/3931/3300
f 1781/3948/3309 877/3950/2847 1782/3951/3311 4170/3949/3310
f 4170/3949/3310 1782/3951/3311 878/3952/3312 1783/3953/2850
f 1772/3931/3300 4170/3949/3310 1783/3953/2850 872/3932/3301
f 836/3878/3212 1784/3954/3313 4171/3955/3314 1774/3934/2831
f 873/3938/2835 1775/3936/3303 4171/3955/3314 1784/3954/3313
f 871/3926/3297 1774/3934/2831 4171/3955/3314 1775/3936/3303
f 867/3914/2811 1777/3941/3304 4172/3956/3315 1764/3915/3290
f 1777/3941/3304 874/3940/2837 1785/3957/2854 4172/3956/3315
f 4172/3956/3315 1785/3957/2854 875/3944/3307 1778/3942/3305
f 1764/3915/3290 4172/3956/3315 1778/3942/3305 868/3916/2813
f 869/3920/3293 1780/3947/2844 4173/3958/2855 1767/3921/3294
f 1780/3947/2844 876/3946/2843 1786/3959/3316 4173/3958/2855
f 4173/3958/2855 1786/3959/3316 877/3950/2847 1781/3948/3309
f 1767/3921/3294 4173/3958/2855 1781/3948/3309 870/3922/2819
f 875/3960/3307 1787/3961/3317 4174/3962/3318 1779/3963/3308
f 1787/3961/3317 879/3964/3319 1788/3965/3320 4174/3962/3318
f 4174/3962/3318 1788/3965/3320 880/3966/3321 1789/3967/3322
f 1779/3963/3308 4174/3962/3318 1789/3967/3322 876/3968/2843
f 877/3969/2847 1790/3970/3323 4175/3971/3324 1782/3972/3311
f 1790/3970/3323 881/3973/3325 1791/3974/3326 4175/3971/3324
f 4175/3971/3324 1791/3974/3326 882/3975/3327 1792/3976/3328
f 1782/3972/3311 4175/3971/3324 1792/3976/3328 878/3977/3312
f 836/3790/3212 1793/3978/3329 4176/3979/3330 1784/3980/3313
f 883/3981/3331 1794/3982/3332 4176/3979/3330 1793/3978/3329
f 873/3983/2835 1784/3980/3313 4176/3979/3330 1794/3982/3332
f 874/3984/2837 1795/3985/3333 4177/3986/3334 1785/3987/2854
f 1795/3985/3333 884/3988/3335 1796/3989/3336 4177/3986/3334
f 4177/3986/3334 1796/3989/3336 879/3964/3319 1787/3961/3317
f 1785/3987/2854 4177/3986/3334 1787/3961/3317 875/3960/3307
f 876/3968/2843 1789/3967/3322 4178/3990/3337 1786/3991/3316
f 1789/3967/3322 880/3966/3321 1797/3992/3338 4178/3990/3337
f 4178/3990/3337 1797/3992/3338 881/3973/3325 1790/3970/3323
f 1786/3991/3316 4178/3990/3337 1790/3970/3323 877/3969/2847
f 873/3983/2835 1794/3982/3332 4179/3993/3339 1776/3994/2836
f 1794/3982/3332 883/3981/3331 1798/3995/3340 4179/3993/3339
f 4179/3993/3339 1798/3995/3340 884/3988/3335 1795/3985/3333
f 1776/3994/2836 4179/3993/3339 1795/3985/3333 874/3984/2837
f 836/3790/3212 1711/3793/3215 4180/3996/3341 1793/3978/3329
f 838/3796/3218 1799/3997/3342 4180/3996/3341 1711/3793/3215
f 883/3981/3331 1793/3978/3329 4180/3996/3341 1799/3997/3342
f 884/3988/3335 1800/3998/3343 4181/3999/3344 1796/3989/3336
f 1800/3998/3343 839/3797/2707 1715/3800/2710 4181/3999/3344
f 4181/3999/3344 1715/3800/2710 842/3805/2715 1801/4000/3345
f 1796/3989/3336 4181/3999/3344 1801/4000/3345 879/3964/3319
f 880/3966/3321 1802/4001/3346 4182/4002/3347 1797/3992/3338
f 1802/4001/3346 843/3806/3224 1719/3809/3227 4182/4002/3347
f 4182/4002/3347 1719/3809/3227 846/3814/2724 1803/4003/3348
f 1797/3992/3338 4182/4002/3347 1803/4003/3348 881/3973/3325
f 883/3981/3331 1799/3997/3342 4183/4004/3349 1798/3995/3340
f 1799/3997/3342 838/3796/3218 1721/3816/3233 4183/4004/3349
f 4183/4004/3349 1721/3816/3233 839/3797/2707 1800/3998/3343
f 1798/3995/3340 4183/4004/3349 1800/3998/3343 884/3988/3335
f 879/3964/3319 1801/4000/3345 4184/4005/3350 1788/3965/3320
f 1801/4000/3345 842/3805/2715 1723/3819/3236 4184/4005/3350
f 4184/4005/3350 1723/3819/3236 843/3806/3224 1802/4001/3346
f 1788/3965/3320 4184/4005/3350 1802/4001/3346 880/3966/3321
f 881/3973/3325 1803/4003/3348 4185/4006/3351 1791/3974/3326
f 1803/4003/3348 846/3814/2724 1726/3822/2732 4185/4006/3351
f 4185/4006/3351 1726/3822/2732 848/3826/2736 1804/4007/3352
f 1791/3974/3326 4185/4006/3351 1804/4007/3352 882/3975/3327
f 885/4008/3353 1805/4009/3354 4186/4010/3355 1807/4011/3356
f 886/4012/3357 1806/4013/3358 4186/4010/3355 1805/4009/3354
f 887/4014/3359 1807/4011/3356 4186/4010/3355 1806/4013/3358
f 888/4015/3360 1808/4016/3361 4187/4017/3362 1811/4018/2429
f 1808/4016/3361 889/4019/3363 1809/4020/3364 4187/4017/3362
f 4187/4017/3362 1809/4020/3364 890/4021/3365 1810/4022/3366
f 1811/4018/2429 4187/4017/3362 1810/4022/3366 891/4023/2432
f 892/4024/2437 1812/4025/3367 4188/4026/2904 1815/4027/2438
f 1812/4025/3367 893/4028/3368 1813/4029/3369 4188/4026/2904
f 4188/4026/2904 1813/4029/3369 894/4030/3370 1814/4031/2908
f 1815/4027/2438 4188/4026/2904 1814/4031/2908 895/4032/2441
f 887/4014/3359 1806/4013/3358 4189/4033/3371 1817/4034/3372
f 1806/4013/3358 886/4012/3357 1816/4035/3373 4189/4033/3371
f 4189/4033/3371 1816/4035/3373 889/4019/3363 1808/4016/3361
f 1817/4034/3372 4189/4033/3371 1808/4016/3361 888/4015/3360
f 891/4023/2432 1810/4022/3366 4190/4036/2911 1819/4037/2449
f 1810/4022/3366 890/4021/3365 1818/4038/3374 4190/4036/2911
f 4190/4036/2911 1818/4038/3374 893/4028/3368 1812/4025/3367
f 1819/4037/2449 4190/4036/2911 1812/4025/3367 892/4024/2437
f 895/4032/2441 1814/4031/2908 4191/4039/3375 1822/4040/3376
f 1814/4031/2908 894/4030/3370 1820/4041/3377 4191/4039/3375
f 4191/4039/3375 1820/4041/3377 896/4042/3378 1821/4043/2916
f 1822/4040/3376 4191/4039/3375 1821/4043/2916 897/4044/2454
f 886/4012/3357 1823/4045/3379 4192/4046/3380 1816/4035/3373
f 1823/4045/3379 898/4047/3381 1824/4048/3382 4192/4046/3380
f 4192/4046/3380 1824/4048/3382 899/4049/3383 1825/4050/3384
f 1816/4035/3373 4192/4046/3380 1825/4050/3384 889/4019/3363
f 890/4021/3365 1826/4051/3385 4193/4052/3386 1818/4038/3374
f 1826/4051/3385 900/4053/2925 1827/4054/2926 4193/4052/3386
f 4193/4052/3386 1827/4054/2926 901/4055/1394 1828/4056/3387
f 1818/4038/3374 4193/4052/3386 1828/4056/3387 893/4028/3368
f 894/4030/3370 1829/4057/3388 4194/4058/3389 1820/4041/3377
f 1829/4057/3388 902/4059/2930 1830/4060/2931 4194/4058/3389
f 4194/4058/3389 1830/4060/2931 903/4061/3390 1831/4062/3391
f 1820/4041/3377 4194/4058/3389 1831/4062/3391 896/4042/3378
f 885/4008/3353 1832/4063/2934 4195/4064/3392 1805/4009/3354
f 898/4047/3381 1823/4045/3379 4195/4064/3392 1832/4063/2934
f 886/4012/3357 1805/4009/3354 4195/4064/3392 1823/4045/3379
f 889/4019/3363 1825/4050/3384 4196/4065/3393 1809/4020/3364
f 1825/4050/3384 899/4049/3383 1833/4066/2937 4196/4065/3393
f 4196/4065/3393 1833/4066/2937 900/4053/2925 1826/4051/3385
f 1809/4020/3364 4196/4065/3393 1826/4051/3385 890/4021/3365
f 893/4028/3368 1828/4056/3387 4197/4067/3394 1813/4029/3369
f 1828/4056/3387 901/4055/1394 1834/4068/3395 4197/4067/3394
f 4197/4067/3394 1834/4068/3395 902/4059/2930 1829/4057/3388
f 1813/4029/3369 4197/4067/3394 1829/4057/3388 894/4030/3370
f 898/4069/3381 1835/4070/3396 4198/4071/3397 1824/4072/3382
f 1835/4070/3396 904/4073/3398 1836/4074/3399 4198/4071/3397
f 4198/4071/3397 1836/4074/3399 905/4075/3400 1837/4076/3401
f 1824/4072/3382 4198/4071/3397 1837/4076/3401 899/4077/3383
f 900/4078/2925 1838/4079/3402 4199/4080/3403 1827/4081/2926
f 1838/4079/3402 906/4082/2948 1839/4083/3404 4199/4080/3403
f 4199/4080/3403 1839/4083/3404 907/4084/2950 1840/4085/2951
f 1827/4081/2926 4199/4080/3403 1840/4085/2951 901/4086/1394
f 902/4087/2930 1841/4088/3405 4200/4089/3406 1830/4090/2931
f 1841/4088/3405 908/4091/2954 1842/4092/2955 4200/4089/3406
f 4200/4089/3406 1842/4092/2955 909/4093/2956 1843/4094/3407
f 1830/4090/2931 4200/4089/3406 1843/4094/3407 903/4095/3390
f 885/4096/3353 1844/4097/2958 4201/4098/3408 1832/4099/2934
f 904/4073/3398 1835/4070/3396 4201/4098/3408 1844/4097/2958
f 898/4069/3381 1832/4099/2934 4201/4098/3408 1835/4070/3396
f 899/4077/3383 1837/4076/3401 4202/4100/3409 1833/4101/2937
f 1837/4076/3401 905/4075/3400 1845/4102/3410 4202/4100/3409
f 4202/4100/3409 1845/4102/3410 906/4082/2948 1838/4079/3402
f 1833/4101/2937 4202/4100/3409 1838/4079/3402 900/4078/2925
f 901/4086/1394 1840/4085/2951 4203/4103/3411 1834/4104/3395
f 1840/4085/2951 907/4084/2950 1846/4105/3412 4203/4103/3411
f 4203/4103/3411 1846/4105/3412 908/4091/2954 1841/4088/3405
f 1834/4104/3395 4203/4103/3411 1841/4088/3405 902/4087/2930
f 885/4096/3353 1847/4106/3413 4204/4107/3414 1844/4097/2958
f 910/4108/2508 1848/4109/2965 4204/4107/3414 1847/4106/3413
f 904/4073/3398 1844/4097/2958 4204/4107/3414 1848/4109/2965
f 905/4075/3400 1849/4110/2966 4205/4111/2967 1845/4102/3410
f 1849/4110/2966 911/4112/2514 1850/4113/2513 4205/4111/2967
f 4205/4111/2967 1850/4113/2513 912/4114/2512 1851/4115/3415
f 1845/4102/3410 4205/4111/2967 1851/4115/3415 906/4082/2948
f 907/4084/2950 1852/4116/2969 4206/4117/3416 1846/4105/3412
f 1852/4116/2969 913/4118/2520 1853/4119/3417 4206/4117/3416
f 4206/4117/3416 1853/4119/3417 914/4120/2518 1854/4121/2971
f 1846/4105/3412 4206/4117/3416 1854/4121/2971 908/4091/2954
f 904/4073/3398 1848/4109/2965 4207/4122/2972 1836/4074/3399
f 1848/4109/2965 910/4108/2508 1855/4123/2522 4207/4122/2972
f 4207/4122/2972 1855/4123/2522 911/4112/2514 1849/4110/2966
f 1836/4074/3399 4207/4122/2972 1849/4110/2966 905/4075/3400
f 906/4082/2948 1851/4115/3415 4208/4124/2973 1839/4083/3404
f 1851/4115/3415 912/4114/2512 1856/4125/3418 4208/4124/2973
f 4208/4124/2973 1856/4125/3418 913/4118/2520 1852/4116/2969
f 1839/4083/3404 4208/4124/2973 1852/4116/2969 907/4084/2950
f 908/4091/2954 1854/4121/2971 4209/4126/3419 1842/4092/2955
f 1854/4121/2971 914/4120/2518 1857/4127/3420 4209/4126/3419
f 4209/4126/3419 1857/4127/3420 915/4128/3421 1858/4129/2975
f 1842/4092/2955 4209/4126/3419 1858/4129/2975 909/4093/2956
f 909/4093/2956 1859/4130/2976 4210/4131/2977 1843/4094/3407
f 1859/4130/2976 872/3932/3301 1783/3953/2850 4210/4131/2977
f 4210/4131/2977 1783/3953/2850 878/3952/3312 1860/4132/3422
f 1843/4094/3407 4210/4131/2977 1860/4132/3422 903/4095/3390
f 903/4061/3390 1860/4133/3422 4211/4134/3423 1831/4062/3391
f 1860/4133/3422 878/3977/3312 1792/3976/3328 4211/4134/3423
f 4211/4134/3423 1792/3976/3328 882/3975/3327 1861/4135/3424
f 1831/4062/3391 4211/4134/3423 1861/4135/3424 896/4042/3378
f 916/4136/3425 1862/4137/2982 4212/4138/2983 1864/4139/2984
f 1862/4137/2982 872/3932/3301 1859/4130/2976 4212/4138/2983
f 4212/4138/2983 1859/4130/2976 909/4093/2956 1863/4140/3426
f 1864/4139/2984 4212/4138/2983 1863/4140/3426 917/4141/3427
f 918/4142/3428 1865/4143/3429 4213/4144/3430 1868/4145/3431
f 1865/4143/3429 919/4146/3432 1866/4147/3433 4213/4144/3430
f 4213/4144/3430 1866/4147/3433 920/4148/2993 1867/4149/2994
f 1868/4145/3431 4213/4144/3430 1867/4149/2994 921/4150/3434
f 922/4151/3435 1869/4152/3436 4214/4153/3437 1872/4154/3438
f 1869/4152/3436 923/4155/3000 1870/4156/3001 4214/4153/3437
f 4214/4153/3437 1870/4156/3001 924/4157/3002 1871/4158/3003
f 1872/4154/3438 4214/4153/3437 1871/4158/3003 925/4159/3439
f 926/4160/3005 1873/4161/3006 4215/4162/3440 1875/4163/3008
f 1873/4161/3006 927/4164/3441 1874/4165/3010 4215/4162/3440
f 4215/4162/3440 1874/4165/3010 923/4155/3000 1869/4152/3436
f 1875/4163/3008 4215/4162/3440 1869/4152/3436 922/4151/3435
f 928/4166/3011 1876/4167/3012 4216/4168/3013 1880/4169/3014
f 929/4170/3015 1877/4171/3016 4216/4168/3013 1876/4167/3012
f 930/4172/3442 1878/4173/3443 4216/4168/3013 1877/4171/3016
f 931/4174/3444 1879/4175/3445 4216/4168/3013 1878/4173/3443
f 932/4176/2568 1880/4169/3014 4216/4168/3013 1879/4175/3445
f 933/4177/2575 1881/4178/2578 4217/4179/3019 1884/4180/3020
f 1881/4178/2578 934/4181/2583 1882/4182/3446 4217/4179/3019
f 4217/4179/3019 1882/4182/3446 935/4183/3022 1883/4184/3023
f 1884/4180/3020 4217/4179/3019 1883/4184/3023 936/4185/3447
f 937/4186/3448 1885/4187/3449 4218/4188/3027 1888/4189/3450
f 1885/4187/3449 938/4190/3029 1886/4191/3030 4218/4188/3027
f 4218/4188/3027 1886/4191/3030 935/4183/3022 1887/4192/3451
f 1888/4189/3450 4218/4188/3027 1887/4192/3451 939/4193/3452
f 939/4193/3452 1887/4192/3451 4219/4194/3453 1890/4195/3034
f 1887/4192/3451 935/4183/3022 1882/4182/3446 4219/4194/3453
f 4219/4194/3453 1882/4182/3446 934/4181/2583 1889/4196/3454
f 1890/4195/3034 4219/4194/3453 1889/4196/3454 940/4197/3455
f 941/4198/3456 1891/4199/3457 4220/4200/3037 1893/4201/3458
f 1891/4199/3457 942/4202/3459 1892/4203/3040 4220/4200/3037
f 4220/4200/3037 1892/4203/3040 938/4190/3029 1885/4187/3449
f 1893/4201/3458 4220/4200/3037 1885/4187/3449 937/4186/3448
f 924/4157/3002 1870/4156/3001 4221/4204/3460 1895/4205/3042
f 1870/4156/3001 923/4155/3000 1894/4206/3461 4221/4204/3460
f 4221/4204/3460 1894/4206/3461 942/4202/3459 1891/4199/3457
f 1895/4205/3042 4221/4204/3460 1891/4199/3457 941/4198/3456
f 919/4146/3432 1896/4207/3462 4222/4208/3463 1898/4209/3464
f 1896/4207/3462 924/4210/3002 1895/4211/3042 4222/4208/3463
f 4222/4208/3463 1895/4211/3042 941/4212/3456 1897/4213/3465
f 1898/4209/3464 4222/4208/3463 1897/4213/3465 943/4214/3466
f 943/4214/3466 1897/4213/3465 4223/4215/3467 1900/4216/3468
f 1897/4213/3465 941/4212/3456 1893/4217/3458 4223/4215/3467
f 4223/4215/3467 1893/4217/3458 937/4218/3448 1899/4219/3469
f 1900/4216/3468 4223/4215/3467 1899/4219/3469 944/4220/3470
f 930/4172/3442 1901/4221/3471 4224/4222/3472 1878/4173/3443
f 1901/4221/3471 939/4223/3452 1890/4224/3034 4224/4222/3472
f 4224/4222/3472 1890/4224/3034 940/4225/3455 1902/4226/3473
f 1878/4173/3443 4224/4222/3472 1902/4226/3473 931/4174/3444
f 944/4220/3470 1899/4219/3469 4225/4227/3474 1903/4228/3475
f 1899/4219/3469 937/4218/3448 1888/4229/3450 4225/4227/3474
f 4225/4227/3474 1888/4229/3450 939/4223/3452 1901/4221/3471
f 1903/4228/3475 4225/4227/3474 1901/4221/3471 930/4172/3442
f 945/4230/3476 1904/4231/3058 4226/4232/3477 1906/4233/3060
f 1904/4231/3058 882/3975/3327 1804/4007/3352 4226/4232/3477
f 4226/4232/3477 1804/4007/3352 848/3826/2736 1905/4234/3478
f 1906/4233/3060 4226/4232/3477 1905/4234/3478 921/4150/3434
f 926/4160/3005 1907/4235/3479 4227/4236/3063 1873/4161/3006
f 1907/4235/3479 916/4136/3425 1908/4237/3064 4227/4236/3063
f 4227/4236/3063 1908/4237/3064 946/4238/3065 1909/4239/3480
f 1873/4161/3006 4227/4236/3063 1909/4239/3480 927/4164/3441
f 947/4240/3481 1910/4241/3482 4228/4242/3483 1913/4243/3484
f 1910/4241/3482 948/4244/3485 1911/4245/3486 4228/4242/3483
f 4228/4242/3483 1911/4245/3486 949/4246/3487 1912/4247/3488
f 1913/4243/3484 4228/4242/3483 1912/4247/3488 950/4248/3489
f 951/4249/3076 1914/4250/3077 4229/4251/3490 1916/4252/3491
f 1914/4250/3077 928/4166/3011 1880/4169/3014 4229/4251/3490
f 4229/4251/3490 1880/4169/3014 932/4176/2568 1915/4253/2633
f 1916/4252/3491 4229/4251/3490 1915/4253/2633 952/4254/2437
f 946/4238/3065 1917/4255/3492 4230/4256/3081 1909/4239/3480
f 1917/4255/3492 953/4257/3082 1918/4258/3083 4230/4256/3081
f 4230/4256/3081 1918/4258/3083 954/4259/3493 1919/4260/3085
f 1909/4239/3480 4230/4256/3081 1919/4260/3085 927/4164/3441
f 953/4257/3082 1920/4261/3494 4231/4262/3087 1921/4263/3088
f 1920/4261/3494 936/4185/3447 1883/4184/3023 4231/4262/3087
f 4231/4262/3087 1883/4184/3023 935/4183/3022 1886/4191/3030
f 1921/4263/3088 4231/4262/3087 1886/4191/3030 938/4190/3029
f 951/4249/3076 1922/4264/3495 4232/4265/3496 1923/4266/3091
f 1922/4264/3495 896/4042/3378 1861/4135/3424 4232/4265/3496
f 4232/4265/3496 1861/4135/3424 882/3975/3327 1904/4231/3058
f 1923/4266/3091 4232/4265/3496 1904/4231/3058 945/4230/3476
f 925/4267/3439 1871/4268/3003 4233/4269/3497 1924/4270/3498
f 1871/4268/3003 924/4210/3002 1896/4207/3462 4233/4269/3497
f 4233/4269/3497 1896/4207/3462 919/4146/3432 1865/4143/3429
f 1924/4270/3498 4233/4269/3497 1865/4143/3429 918/4142/3428
f 955/4271/3094 1925/4272/3095 4234/4273/3096 1927/4274/3097
f 1925/4272/3095 956/4275/3098 1926/4276/3099 4234/4273/3096
f 4234/4273/3096 1926/4276/3099 929/4170/3015 1876/4167/3012
f 1927/4274/3097 4234/4273/3096 1876/4167/3012 928/4166/3011
f 920/4148/2993 1928/4277/3100 4235/4278/3101 1930/4279/3102
f 1928/4277/3100 957/4280/3103 1929/4281/3104 4235/4278/3101
f 4235/4278/3101 1929/4281/3104 956/4275/3098 1925/4272/3095
f 1930/4279/3102 4235/4278/3101 1925/4272/3095 955/4271/3094
f 854/3843/3254 1931/4282/3499 4236/4283/3500 1735/3844/3255
f 1931/4282/3499 925/4267/3439 1924/4270/3498 4236/4283/3500
f 4236/4283/3500 1924/4270/3498 918/4142/3428 1932/4284/3501
f 1735/3844/3255 4236/4283/3500 1932/4284/3501 847/3824/3239
f 928/4166/3011 1914/4250/3077 4237/4285/3108 1927/4274/3097
f 1914/4250/3077 951/4249/3076 1923/4266/3091 4237/4285/3108
f 4237/4285/3108 1923/4266/3091 945/4230/3476 1933/4286/3502
f 1927/4274/3097 4237/4285/3108 1933/4286/3502 955/4271/3094
f 896/4042/3378 1922/4264/3495 4238/4287/3503 1821/4043/2916
f 1922/4264/3495 951/4249/3076 1916/4252/3491 4238/4287/3503
f 4238/4287/3503 1916/4252/3491 952/4254/2437 1934/4288/2665
f 1821/4043/2916 4238/4287/3503 1934/4288/2665 897/4044/2454
f 915/4128/3421 1935/4289/3504 4239/4290/3505 1858/4129/2975
f 1935/4289/3504 958/4291/2669 1936/4292/3112 4239/4290/3505
f 4239/4290/3505 1936/4292/3112 917/4141/3427 1863/4140/3426
f 1858/4129/2975 4239/4290/3505 1863/4140/3426 909/4093/2956
f 866/3910/2807 1773/3933/3302 4240/4293/3506 1937/4294/3507
f 1773/3933/3302 872/3932/3301 1862/4137/2982 4240/4293/3506
f 4240/4293/3506 1862/4137/2982 916/4136/3425 1907/4235/3479
f 1937/4294/3507 4240/4293/3506 1907/4235/3479 926/4160/3005
f 955/4271/3094 1933/4286/3502 4241/4295/3115 1930/4279/3102
f 1933/4286/3502 945/4230/3476 1906/4233/3060 4241/4295/3115
f 4241/4295/3115 1906/4233/3060 921/4150/3434 1867/4149/2994
f 1930/4279/3102 4241/4295/3115 1867/4149/2994 920/4148/2993
f 866/3910/2807 1937/4294/3507 4242/4296/3116 1762/3911/2808
f 1937/4294/3507 926/4160/3005 1875/4163/3008 4242/4296/3116
f 4242/4296/3116 1875/4163/3008 922/4151/3435 1938/4297/3117
f 1762/3911/2808 4242/4296/3116 1938/4297/3117 860/3875/2777
f 860/3875/2777 1938/4297/3117 4243/4298/3508 1747/3876/3271
f 1938/4297/3117 922/4151/3435 1872/4154/3438 4243/4298/3508
f 4243/4298/3508 1872/4154/3438 925/4159/3439 1931/4299/3499
f 1747/3876/3271 4243/4298/3508 1931/4299/3499 854/3877/3254
f 847/3824/3239 1932/4284/3501 4244/4300/3509 1725/3825/3240
f 1932/4284/3501 918/4142/3428 1868/4145/3431 4244/4300/3509
f 4244/4300/3509 1868/4145/3431 921/4150/3434 1905/4234/3478
f 1725/3825/3240 4244/4300/3509 1905/4234/3478 848/3826/2736
f 946/4238/3065 1908/4237/3064 4245/4301/3510 1940/4302/3121
f 1908/4237/3064 916/4136/3425 1864/4139/2984 4245/4301/3510
f 4245/4301/3510 1864/4139/2984 917/4141/3427 1939/4303/3122
f 1940/4302/3121 4245/4301/3510 1939/4303/3122 959/4304/3123
f 946/4238/3065 1940/4302/3121 4246/4305/3511 1917/4255/3492
f 1940/4302/3121 959/4304/3123 1941/4306/3125 4246/4305/3511
f 4246/4305/3511 1941/4306/3125 936/4185/3447 1920/4261/3494
f 1917/4255/3492 4246/4305/3511 1920/4261/3494 953/4257/3082
f 950/4248/3489 1912/4247/3488 4247/4307/3512 1944/4308/3513
f 1912/4247/3488 949/4246/3487 1942/4309/3514 4247/4307/3512
f 4247/4307/3512 1942/4309/3514 960/4310/3515 1943/4311/3516
f 1944/4308/3513 4247/4307/3512 1943/4311/3516 961/4312/3517
f 953/4257/3082 1921/4263/3088 4248/4313/3518 1918/4258/3083
f 1921/4263/3088 938/4190/3029 1892/4203/3040 4248/4313/3518
f 4248/4313/3518 1892/4203/3040 942/4202/3459 1945/4314/3133
f 1918/4258/3083 4248/4313/3518 1945/4314/3133 954/4259/3493
f 954/4259/3493 1945/4314/3133 4249/4315/3519 1919/4260/3085
f 1945/4314/3133 942/4202/3459 1894/4206/3461 4249/4315/3519
f 4249/4315/3519 1894/4206/3461 923/4155/3000 1874/4165/3010
f 1919/4260/3085 4249/4315/3519 1874/4165/3010 927/4164/3441
f 956/4275/3098 1946/4316/3520 4250/4317/3136 1926/4276/3099
f 1946/4316/3520 944/4220/3470 1903/4228/3475 4250/4317/3136
f 4250/4317/3136 1903/4228/3475 930/4172/3442 1877/4171/3016
f 1926/4276/3099 4250/4317/3136 1877/4171/3016 929/4170/3015
f 943/4214/3466 1900/4216/3468 4251/4318/3521 1947/4319/3522
f 1900/4216/3468 944/4220/3470 1946/4316/3520 4251/4318/3521
f 4251/4318/3521 1946/4316/3520 956/4275/3098 1929/4281/3104
f 1947/4319/3522 4251/4318/3521 1929/4281/3104 957/4280/3103
f 957/4280/3103 1928/4277/3100 4252/4320/3523 1947/4319/3522
f 1928/4277/3100 920/4148/2993 1866/4147/3433 4252/4320/3523
f 4252/4320/3523 1866/4147/3433 919/4146/3432 1898/4209/3464
f 1947/4319/3522 4252/4320/3523 1898/4209/3464 943/4214/3466
f 962/4321/3524 1948/4322/3525 4253/4323/3526 1950/4324/3527
f 963/4325/3528 1949/4326/3529 4253/4323/3526 1948/4322/3525
f 964/4327/3530 1950/4324/3527 4253/4323/3526 1949/4326/3529
f 965/4328/2235 1951/4329/2236 4254/4330/3531 1954/4331/3532
f 1951/4329/2236 966/4332/2239 1952/4333/3533 4254/4330/3531
f 4254/4330/3531 1952/4333/3533 967/4334/3534 1953/4335/3535
f 1954/4331/3532 4254/4330/3531 1953/4335/3535 968/4336/3536
f 969/4337/3224 1955/4338/3537 4255/4339/3538 1958/4340/3539
f 1955/4338/3537 970/4341/2248 1956/4342/3540 4255/4339/3538
f 4255/4339/3538 1956/4342/3540 971/4343/3541 1957/4344/3542
f 1958/4340/3539 4255/4339/3538 1957/4344/3542 972/4345/3543
f 963/4325/3528 1959/4346/3544 4256/4347/3545 1949/4326/3529
f 1959/4346/3544 965/4328/2235 1954/4331/3532 4256/4347/3545
f 4256/4347/3545 1954/4331/3532 968/4336/3536 1960/4348/3546
f 1949/4326/3529 4256/4347/3545 1960/4348/3546 964/4327/3530
f 966/4332/2239 1961/4349/2256 4257/4350/3547 1952/4333/3533
f 1961/4349/2256 969/4337/3224 1958/4340/3539 4257/4350/3547
f 4257/4350/3547 1958/4340/3539 972/4345/3543 1962/4351/3548
f 1952/4333/3533 4257/4350/3547 1962/4351/3548 967/4334/3534
f 970/4341/2248 1963/4352/2259 4258/4353/2260 1956/4342/3540
f 1963/4352/2259 973/4354/2261 1964/4355/3549 4258/4353/2260
f 4258/4353/2260 1964/4355/3549 974/4356/3550 1965/4357/3551
f 1956/4342/3540 4258/4353/2260 1965/4357/3551 971/4343/3541
f 964/4327/3530 1960/4348/3546 4259/4358/3552 1968/4359/3553
f 1960/4348/3546 968/4336/3536 1966/4360/3554 4259/4358/3552
f 4259/4358/3552 1966/4360/3554 975/4361/2268 1967/4362/2269
f 1968/4359/3553 4259/4358/3552 1967/4362/2269 976/4363/2270
f 967/4334/3534 1962/4351/3548 4260/4364/3555 1971/4365/3556
f 1962/4351/3548 972/4345/3543 1969/4366/3557 4260/4364/3555
f 4260/4364/3555 1969/4366/3557 977/4367/3558 1970/4368/2275
f 1971/4365/3556 4260/4364/3555 1970/4368/2275 978/4369/3559
f 971/4343/3541 1965/4357/3551 4261/4370/3560 1974/4371/3561
f 1965/4357/3551 974/4356/3550 1972/4372/3562 4261/4370/3560
f 4261/4370/3560 1972/4372/3562 979/4373/2280 1973/4374/2281
f 1974/4371/3561 4261/4370/3560 1973/4374/2281 980/4375/3563
f 962/4321/3524 1950/4324/3527 4262/4376/3564 1975/4377/3565
f 964/4327/3530 1968/4359/3553 4262/4376/3564 1950/4324/3527
f 976/4363/2270 1975/4377/3565 4262/4376/3564 1968/4359/3553
f 968/4336/3536 1953/4335/3535 4263/4378/3566 1966/4360/3554
f 1953/4335/3535 967/4334/3534 1971/4365/3556 4263/4378/3566
f 4263/4378/3566 1971/4365/3556 978/4369/3559 1976/4379/3567
f 1966/4360/3554 4263/4378/3566 1976/4379/3567 975/4361/2268
f 972/4345/3543 1957/4344/3542 4264/4380/3568 1969/4366/3557
f 1957/4344/3542 971/4343/3541 1974/4371/3561 4264/4380/3568
f 4264/4380/3568 1974/4371/3561 980/4375/3563 1977/4381/3569
f 1969/4366/3557 4264/4380/3568 1977/4381/3569 977/4367/3558
f 976/4382/2270 1967/4383/2269 4265/4384/3570 1980/4385/3571
f 1967/4383/2269 975/4386/2268 1978/4387/3572 4265/4384/3570
f 4265/4384/3570 1978/4387/3572 981/4388/3573 1979/4389/3574
f 1980/4385/3571 4265/4384/3570 1979/4389/3574 982/4390/3575
f 978/4391/3559 1970/4392/2275 4266/4393/3576 1983/4394/3577
f 1970/4392/2275 977/4395/3558 1981/4396/2297 4266/4393/3576
f 4266/4393/3576 1981/4396/2297 983/4397/3578 1982/4398/3579
f 1983/4394/3577 4266/4393/3576 1982/4398/3579 984/4399/3580
f 980/4400/3563 1973/4401/2281 4267/4402/3581 1986/4403/2302
f 1973/4401/2281 979/4404/2280 1984/4405/2303 4267/4402/3581
f 4267/4402/3581 1984/4405/2303 985/4406/2304 1985/4407/2305
f 1986/4403/2302 4267/4402/3581 1985/4407/2305 986/4408/3582
f 962/4409/3524 1975/4410/3565 4268/4411/3583 1987/4412/3584
f 976/4382/2270 1980/4385/3571 4268/4411/3583 1975/4410/3565
f 982/4390/3575 1987/4412/3584 4268/4411/3583 1980/4385/3571
f 975/4386/2268 1976/4413/3567 4269/4414/3585 1978/4387/3572
f 1976/4413/3567 978/4391/3559 1983/4394/3577 4269/4414/3585
f 4269/4414/3585 1983/4394/3577 984/4399/3580 1988/4415/3586
f 1978/4387/3572 4269/4414/3585 1988/4415/3586 981/4388/3573
f 977/4395/3558 1977/4416/3569 4270/4417/3587 1981/4396/2297
f 1977/4416/3569 980/4400/3563 1986/4403/2302 4270/4417/3587
f 4270/4417/3587 1986/4403/2302 986/4408/3582 1989/4418/2312
f 1981/4396/2297 4270/4417/3587 1989/4418/2312 983/4397/3578
f 962/4409/3524 1987/4412/3584 4271/4419/3588 1991/4420/2314
f 982/4390/3575 1990/4421/2315 4271/4419/3588 1987/4412/3584
f 987/4422/3589 1991/4420/2314 4271/4419/3588 1990/4421/2315
f 981/4388/3573 1988/4415/3586 4272/4423/2317 1994/4424/3590
f 1988/4415/3586 984/4399/3580 1992/4425/3591 4272/4423/2317
f 4272/4423/2317 1992/4425/3591 988/4426/2320 1993/4427/2321
f 1994/4424/3590 4272/4423/2317 1993/4427/2321 989/4428/2322
f 983/4397/3578 1989/4418/2312 4273/4429/2323 1997/4430/3592
f 1989/4418/2312 986/4408/3582 1995/4431/2325 4273/4429/2323
f 4273/4429/2323 1995/4431/2325 990/4432/2326 1996/4433/2327
f 1997/4430/3592 4273/4429/2323 1996/4433/2327 991/4434/2328
f 982/4390/3575 1979/4389/3574 4274/4435/3593 1990/4421/2315
f 1979/4389/3574 981/4388/3573 1994/4424/3590 4274/4435/3593
f 4274/4435/3593 1994/4424/3590 989/4428/2322 1998/4436/2330
f 1990/4421/2315 4274/4435/3593 1998/4436/2330 987/4422/3589
f 984/4399/3580 1982/4398/3579 4275/4437/3594 1992/4425/3591
f 1982/4398/3579 983/4397/3578 1997/4430/3592 4275/4437/3594
f 4275/4437/3594 1997/4430/3592 991/4434/2328 1999/4438/3595
f 1992/4425/3591 4275/4437/3594 1999/4438/3595 988/4426/2320
f 986/4408/3582 1985/4407/2305 4276/4439/3596 1995/4431/2325
f 1985/4407/2305 985/4406/2304 2000/4440/2334 4276/4439/3596
f 4276/4439/3596 2000/4440/2334 992/4441/3597 2001/4442/2336
f 1995/4431/2325 4276/4439/3596 2001/4442/2336 990/4432/2326
f 989/4428/2322 1993/4427/2321 4277/4443/2337 2004/4444/2338
f 1993/4427/2321 988/4426/2320 2002/4445/2339 4277/4443/2337
f 4277/4443/2337 2002/4445/2339 993/4446/2340 2003/4447/3598
f 2004/4444/2338 4277/4443/2337 2003/4447/3598 994/4448/2342
f 991/4434/2328 1996/4433/2327 4278/4449/3599 2007/4450/2344
f 1996/4433/2327 990/4432/2326 2005/4451/3600 4278/4449/3599
f 4278/4449/3599 2005/4451/3600 995/4452/3601 2006/4453/3602
f 2007/4450/2344 4278/4449/3599 2006/4453/3602 996/4454/3603
f 987/4422/3589 1998/4436/2330 4279/4455/2349 2009/4456/2350
f 1998/4436/2330 989/4428/2322 2004/4444/2338 4279/4455/2349
f 4279/4455/2349 2004/4444/2338 994/4448/2342 2008/4457/2351
f 2009/4456/2350 4279/4455/2349 2008/4457/2351 997/4458/2352
f 988/4426/2320 1999/4438/3595 4280/4459/3604 2002/4445/2339
f 1999/4438/3595 991/4434/2328 2007/4450/2344 4280/4459/3604
f 4280/4459/3604 2007/4450/2344 996/4454/3603 2010/4460/3605
f 2002/4445/2339 4280/4459/3604 2010/4460/3605 993/4446/2340
f 990/4432/2326 2001/4442/2336 4281/4461/3606 2005/4451/3600
f 2001/4442/2336 992/4441/3597 2011/4462/3607 4281/4461/3606
f 4281/4461/3606 2011/4462/3607 998/4463/3608 2012/4464/3609
f 2005/4451/3600 4281/4461/3606 2012/4464/3609 995/4452/3601
f 962/4409/3524 1991/4420/2314 4282/4465/2359 2013/4466/3610
f 987/4422/3589 2009/4456/2350 4282/4465/2359 1991/4420/2314
f 997/4458/2352 2013/4466/3610 4282/4465/2359 2009/4456/2350
f 997/4458/2352 2008/4457/2351 4283/4467/2361 2016/4468/3611
f 2008/4457/2351 994/4448/2342 2014/4469/3612 4283/4467/2361
f 4283/4467/2361 2014/4469/3612 999/4470/3613 2015/4471/2365
f 2016/4468/3611 4283/4467/2361 2015/4471/2365 1000/4472/2366
f 993/4446/2340 2010/4460/3605 4284/4473/3614 2019/4474/3615
f 2010/4460/3605 996/4454/3603 2017/4475/2369 4284/4473/3614
f 4284/4473/3614 2017/4475/2369 1001/4476/3616 2018/4477/3617
f 2019/4474/3615 4284/4473/3614 2018/4477/3617 1002/4478/3618
f 995/4452/3601 2012/4464/3609 4285/4479/3619 2022/4480/2374
f 2012/4464/3609 998/4463/3608 2020/4481/3620 4285/4479/3619
f 4285/4479/3619 2020/4481/3620 1003/4482/2376 2021/4483/3621
f 2022/4480/2374 4285/4479/3619 2021/4483/3621 1004/4484/3622
f 962/4409/3524 2013/4466/3610 4286/4485/3623 2023/4486/3624
f 997/4458/2352 2016/4468/3611 4286/4485/3623 2013/4466/3610
f 1000/4472/2366 2023/4486/3624 4286/4485/3623 2016/4468/3611
f 994/4448/2342 2003/4447/3598 4287/4487/3625 2014/4469/3612
f 2003/4447/3598 993/4446/2340 2019/4474/3615 4287/4487/3625
f 4287/4487/3625 2019/4474/3615 1002/4478/3618 2024/4488/2382
f 2014/4469/3612 4287/4487/3625 2024/4488/2382 999/4470/3613
f 996/4454/3603 2006/4453/3602 4288/4489/3626 2017/4475/2369
f 2006/4453/3602 995/4452/3601 2022/4480/2374 4288/4489/3626
f 4288/4489/3626 2022/4480/2374 1004/4484/3622 2025/4490/2384
f 2017/4475/2369 4288/4489/3626 2025/4490/2384 1001/4476/3616
f 1002/4491/3618 2018/4492/3617 4289/4493/3627 2028/4494/3628
f 2018/4492/3617 1001/4495/3616 2026/4496/3629 4289/4493/3627
f 4289/4493/3627 2026/4496/3629 1005/4497/3630 2027/4498/3631
f 2028/4494/3628 4289/4493/3627 2027/4498/3631 1006/4499/3632
f 1004/4500/3622 2021/4501/3621 4290/4502/3633 2031/4503/3634
f 2021/4501/3621 1003/4504/2376 2029/4505/3635 4290/4502/3633
f 4290/4502/3633 2029/4505/3635 1007/4506/3636 2030/4507/3637
f 2031/4503/3634 4290/4502/3633 2030/4507/3637 1008/4508/3638
f 962/4321/3524 2023/4509/3624 4291/4510/3639 2033/4511/3640
f 1000/4512/2366 2032/4513/3641 4291/4510/3639 2023/4509/3624
f 1009/4514/3642 2033/4511/3640 4291/4510/3639 2032/4513/3641
f 999/4515/3613 2024/4516/2382 4292/4517/3643 2035/4518/3644
f 2024/4516/2382 1002/4491/3618 2028/4494/3628 4292/4517/3643
f 4292/4517/3643 2028/4494/3628 1006/4499/3632 2034/4519/3645
f 2035/4518/3644 4292/4517/3643 2034/4519/3645 1010/4520/3646
f 1001/4495/3616 2025/4521/2384 4293/4522/3647 2026/4496/3629
f 2025/4521/2384 1004/4500/3622 2031/4503/3634 4293/4522/3647
f 4293/4522/3647 2031/4503/3634 1008/4508/3638 2036/4523/3648
f 2026/4496/3629 4293/4522/3647 2036/4523/3648 1005/4497/3630
f 1000/4512/2366 2015/4524/2365 4294/4525/3649 2032/4513/3641
f 2015/4524/2365 999/4515/3613 2035/4518/3644 4294/4525/3649
f 4294/4525/3649 2035/4518/3644 1010/4520/3646 2037/4526/3650
f 2032/4513/3641 4294/4525/3649 2037/4526/3650 1009/4514/3642
f 962/4321/3524 2033/4511/3640 4295/4527/3651 1948/4322/3525
f 1009/4514/3642 2038/4528/3652 4295/4527/3651 2033/4511/3640
f 963/4325/3528 1948/4322/3525 4295/4527/3651 2038/4528/3652
f 1010/4520/3646 2034/4519/3645 4296/4529/3653 2040/4530/3654
f 2034/4519/3645 1006/4499/3632 2039/4531/2413 4296/4529/3653
f 4296/4529/3653 2039/4531/2413 966/4332/2239 1951/4329/2236
f 2040/4530/3654 4296/4529/3653 1951/4329/2236 965/4328/2235
f 1005/4497/3630 2036/4523/3648 4297/4532/2414 2042/4533/3655
f 2036/4523/3648 1008/4508/3638 2041/4534/3656 4297/4532/2414
f 4297/4532/2414 2041/4534/3656 970/4341/2248 1955/4338/3537
f 2042/4533/3655 4297/4532/2414 1955/4338/3537 969/4337/3224
f 1009/4514/3642 2037/4526/3650 4298/4535/3657 2038/4528/3652
f 2037/4526/3650 1010/4520/3646 2040/4530/3654 4298/4535/3657
f 4298/4535/3657 2040/4530/3654 965/4328/2235 1959/4346/3544
f 2038/4528/3652 4298/4535/3657 1959/4346/3544 963/4325/3528
f 1006/4499/3632 2027/4498/3631 4299/4536/3658 2039/4531/2413
f 2027/4498/3631 1005/4497/3630 2042/4533/3655 4299/4536/3658
f 4299/4536/3658 2042/4533/3655 969/4337/3224 1961/4349/2256
f 2039/4531/2413 4299/4536/3658 1961/4349/2256 966/4332/2239
f 1008/4508/3638 2030/4507/3637 4300/4537/3659 2041/4534/3656
f 2030/4507/3637 1007/4506/3636 2043/4538/3660 4300/4537/3659
f 4300/4537/3659 2043/4538/3660 973/4354/2261 1963/4352/2259
f 2041/4534/3656 4300/4537/3659 1963/4352/2259 970/4341/2248
f 885/4008/3353 1807/4011/3356 4301/4539/3661 2045/4540/3662
f 887/4014/3359 2044/4541/3663 4301/4539/3661 1807/4011/3356
f 1011/4542/3664 2045/4540/3662 4301/4539/3661 2044/4541/3663
f 888/4015/3360 1811/4018/2429 4302/4543/3665 2048/4544/3666
f 1811/4018/2429 891/4023/2432 2046/4545/3667 4302/4543/3665
f 4302/4543/3665 2046/4545/3667 1012/4546/3668 2047/4547/3669
f 2048/4544/3666 4302/4543/3665 2047/4547/3669 1013/4548/3670
f 892/4024/2437 1815/4027/2438 4303/4549/3671 2051/4550/3672
f 1815/4027/2438 895/4032/2441 2049/4551/3673 4303/4549/3671
f 4303/4549/3671 2049/4551/3673 1014/4552/3674 2050/4553/3675
f 2051/4550/3672 4303/4549/3671 2050/4553/3675 1015/4554/3676
f 887/4014/3359 1817/4034/3372 4304/4555/3677 2044/4541/3663
f 1817/4034/3372 888/4015/3360 2048/4544/3666 4304/4555/3677
f 4304/4555/3677 2048/4544/3666 1013/4548/3670 2052/4556/3678
f 2044/4541/3663 4304/4555/3677 2052/4556/3678 1011/4542/3664
f 891/4023/2432 1819/4037/2449 4305/4557/3679 2046/4545/3667
f 1819/4037/2449 892/4024/2437 2051/4550/3672 4305/4557/3679
f 4305/4557/3679 2051/4550/3672 1015/4554/3676 2053/4558/3680
f 2046/4545/3667 4305/4557/3679 2053/4558/3680 1012/4546/3668
f 895/4032/2441 1822/4040/3376 4306/4559/3681 2049/4551/3673
f 1822/4040/3376 897/4044/2454 2054/4560/3682 4306/4559/3681
f 4306/4559/3681 2054/4560/3682 1016/4561/3683 2055/4562/3684
f 2049/4551/3673 4306/4559/3681 2055/4562/3684 1014/4552/3674
f 1011/4542/3664 2052/4556/3678 4307/4563/3685 2058/4564/3686
f 2052/4556/3678 1013/4548/3670 2056/4565/3687 4307/4563/3685
f 4307/4563/3685 2056/4565/3687 1017/4566/2461 2057/4567/3688
f 2058/4564/3686 4307/4563/3685 2057/4567/3688 1018/4568/3689
f 1012/4546/3668 2053/4558/3680 4308/4569/3690 2061/4570/3691
f 2053/4558/3680 1015/4554/3676 2059/4571/3692 4308/4569/3690
f 4308/4569/3690 2059/4571/3692 1019/4572/1254 2060/4573/3693
f 2061/4570/3691 4308/4569/3690 2060/4573/3693 1020/4574/2468
f 1014/4552/3674 2055/4562/3684 4309/4575/3694 2064/4576/3695
f 2055/4562/3684 1016/4561/3683 2062/4577/3696 4309/4575/3694
f 4309/4575/3694 2062/4577/3696 1021/4578/2472 2063/4579/3697
f 2064/4576/3695 4309/4575/3694 2063/4579/3697 1022/4580/2474
f 885/4008/3353 2045/4540/3662 4310/4581/3698 2065/4582/2476
f 1011/4542/3664 2058/4564/3686 4310/4581/3698 2045/4540/3662
f 1018/4568/3689 2065/4582/2476 4310/4581/3698 2058/4564/3686
f 1013/4548/3670 2047/4547/3669 4311/4583/3699 2056/4565/3687
f 2047/4547/3669 1012/4546/3668 2061/4570/3691 4311/4583/3699
f 4311/4583/3699 2061/4570/3691 1020/4574/2468 2066/4584/2478
f 2056/4565/3687 4311/4583/3699 2066/4584/2478 1017/4566/2461
f 1015/4554/3676 2050/4553/3675 4312/4585/3700 2059/4571/3692
f 2050/4553/3675 1014/4552/3674 2064/4576/3695 4312/4585/3700
f 4312/4585/3700 2064/4576/3695 1022/4580/2474 2067/4586/3701
f 2059/4571/3692 4312/4585/3700 2067/4586/3701 1019/4572/1254
f 1018/4587/3689 2057/4588/3688 4313/4589/2481 2070/4590/3702
f 2057/4588/3688 1017/4591/2461 2068/4592/2483 4313/4589/2481
f 4313/4589/2481 2068/4592/2483 1023/4593/3703 2069/4594/3704
f 2070/4590/3702 4313/4589/2481 2069/4594/3704 1024/4595/3705
f 1020/4596/2468 2060/4597/3693 4314/4598/3706 2073/4599/2488
f 2060/4597/3693 1019/4600/1254 2071/4601/2489 4314/4598/3706
f 4314/4598/3706 2071/4601/2489 1025/4602/2490 2072/4603/2491
f 2073/4599/2488 4314/4598/3706 2072/4603/2491 1026/4604/2492
f 1022/4605/2474 2063/4606/3697 4315/4607/2493 2076/4608/3707
f 2063/4606/3697 1021/4609/2472 2074/4610/3708 4315/4607/2493
f 4315/4607/2493 2074/4610/3708 1027/4611/3709 2075/4612/2497
f 2076/4608/3707 4315/4607/2493 2075/4612/2497 1028/4613/2498
f 885/4096/3353 2065/4614/2476 4316/4615/3710 2077/4616/3711
f 1018/4587/3689 2070/4590/3702 4316/4615/3710 2065/4614/2476
f 1024/4595/3705 2077/4616/3711 4316/4615/3710 2070/4590/3702
f 1017/4591/2461 2066/4617/2478 4317/4618/2501 2068/4592/2483
f 2066/4617/2478 1020/4596/2468 2073/4599/2488 4317/4618/2501
f 4317/4618/2501 2073/4599/2488 1026/4604/2492 2078/4619/2502
f 2068/4592/2483 4317/4618/2501 2078/4619/2502 1023/4593/3703
f 1019/4600/1254 2067/4620/3701 4318/4621/3712 2071/4601/2489
f 2067/4620/3701 1022/4605/2474 2076/4608/3707 4318/4621/3712
f 4318/4621/3712 2076/4608/3707 1028/4613/2498 2079/4622/3713
f 2071/4601/2489 4318/4621/3712 2079/4622/3713 1025/4602/2490
f 885/4096/3353 2077/4616/3711 4319/4623/3714 1847/4106/3413
f 1024/4595/3705 2080/4624/2507 4319/4623/3714 2077/4616/3711
f 910/4108/2508 1847/4106/3413 4319/4623/3714 2080/4624/2507
f 1023/4593/3703 2078/4619/2502 4320/4625/2509 2082/4626/3715
f 2078/4619/2502 1026/4604/2492 2081/4627/3716 4320/4625/2509
f 4320/4625/2509 2081/4627/3716 912/4114/2512 1850/4113/2513
f 2082/4626/3715 4320/4625/2509 1850/4113/2513 911/4112/2514
f 1025/4602/2490 2079/4622/3713 4321/4628/3717 2084/4629/2516
f 2079/4622/3713 1028/4613/2498 2083/4630/2517 4321/4628/3717
f 4321/4628/3717 2083/4630/2517 914/4120/2518 1853/4119/3417
f 2084/4629/2516 4321/4628/3717 1853/4119/3417 913/4118/2520
f 1024/4595/3705 2069/4594/3704 4322/4631/3718 2080/4624/2507
f 2069/4594/3704 1023/4593/3703 2082/4626/3715 4322/4631/3718
f 4322/4631/3718 2082/4626/3715 911/4112/2514 1855/4123/2522
f 2080/4624/2507 4322/4631/3718 1855/4123/2522 910/4108/2508
f 1026/4604/2492 2072/4603/2491 4323/4632/2523 2081/4627/3716
f 2072/4603/2491 1025/4602/2490 2084/4629/2516 4323/4632/2523
f 4323/4632/2523 2084/4629/2516 913/4118/2520 1856/4125/3418
f 2081/4627/3716 4323/4632/2523 1856/4125/3418 912/4114/2512
f 1028/4613/2498 2075/4612/2497 4324/4633/3719 2083/4630/2517
f 2075/4612/2497 1027/4611/3709 2085/4634/3720 4324/4633/3719
f 4324/4633/3719 2085/4634/3720 915/4128/3421 1857/4127/3420
f 2083/4630/2517 4324/4633/3719 1857/4127/3420 914/4120/2518
f 1027/4611/3709 2074/4610/3708 4325/4635/3721 2087/4636/2530
f 2074/4610/3708 1021/4609/2472 2086/4637/3722 4325/4635/3721
f 4325/4635/3721 2086/4637/3722 1003/4482/2376 2020/4481/3620
f 2087/4636/2530 4325/4635/3721 2020/4481/3620 998/4463/3608
f 1021/4578/2472 2062/4577/3696 4326/4638/3723 2086/4639/3722
f 2062/4577/3696 1016/4561/3683 2088/4640/3724 4326/4638/3723
f 4326/4638/3723 2088/4640/3724 1007/4506/3636 2029/4505/3635
f 2086/4639/3722 4326/4638/3723 2029/4505/3635 1003/4504/2376
f 1029/4641/3725 2089/4642/2535 4327/4643/2536 2091/4644/2537
f 2089/4642/2535 1030/4645/3726 2090/4646/2539 4327/4643/2536
f 4327/4643/2536 2090/4646/2539 1027/4611/3709 2087/4636/2530
f 2091/4644/2537 4327/4643/2536 2087/4636/2530 998/4463/3608
f 1031/4647/3727 2092/4648/3728 4328/4649/3729 2095/4650/3730
f 2092/4648/3728 1032/4651/2544 2093/4652/3731 4328/4649/3729
f 4328/4649/3729 2093/4652/3731 1033/4653/3732 2094/4654/3733
f 2095/4650/3730 4328/4649/3729 2094/4654/3733 1034/4655/3734
f 1035/4656/3735 2096/4657/3736 4329/4658/3737 2099/4659/3738
f 2096/4657/3736 1036/4660/3739 2097/4661/2554 4329/4658/3737
f 4329/4658/3737 2097/4661/2554 1037/4662/2555 2098/4663/3740
f 2099/4659/3738 4329/4658/3737 2098/4663/3740 1038/4664/2557
f 1039/4665/2558 2100/4666/2559 4330/4667/2560 2102/4668/2561
f 2100/4666/2559 1035/4656/3735 2099/4659/3738 4330/4667/2560
f 4330/4667/2560 2099/4659/3738 1038/4664/2557 2101/4669/2562
f 2102/4668/2561 4330/4667/2560 2101/4669/2562 1040/4670/2563
f 1041/4671/2564 2103/4672/3741 4331/4673/3742 2106/4674/3743
f 932/4176/2568 1879/4175/3445 4331/4673/3742 2103/4672/3741
f 931/4174/3444 2104/4675/3744 4331/4673/3742 1879/4175/3445
f 1042/4676/3745 2105/4677/2573 4331/4673/3742 2104/4675/3744
f 1043/4678/2574 2106/4674/3743 4331/4673/3742 2105/4677/2573
f 933/4177/2575 2107/4679/2576 4332/4680/3746 1881/4178/2578
f 2107/4679/2576 1044/4681/2579 2108/4682/2580 4332/4680/3746
f 4332/4680/3746 2108/4682/2580 1045/4683/2581 2109/4684/3747
f 1881/4178/2578 4332/4680/3746 2109/4684/3747 934/4181/2583
f 1046/4685/3748 2110/4686/3749 4333/4687/2586 2113/4688/2587
f 2110/4686/3749 1047/4689/2588 2111/4690/3750 4333/4687/2586
f 4333/4687/2586 2111/4690/3750 1045/4683/2581 2112/4691/2590
f 2113/4688/2587 4333/4687/2586 2112/4691/2590 1048/4692/3751
f 1047/4689/2588 2114/4693/2592 4334/4694/3752 2111/4690/3750
f 2114/4693/2592 940/4197/3455 1889/4196/3454 4334/4694/3752
f 4334/4694/3752 1889/4196/3454 934/4181/2583 2109/4684/3747
f 2111/4690/3750 4334/4694/3752 2109/4684/3747 1045/4683/2581
f 1049/4695/3753 2115/4696/2597 4335/4697/2598 2117/4698/3754
f 2115/4696/2597 1046/4685/3748 2113/4688/2587 4335/4697/2598
f 4335/4697/2598 2113/4688/2587 1048/4692/3751 2116/4699/3755
f 2117/4698/3754 4335/4697/2598 2116/4699/3755 1050/4700/3756
f 1037/4662/2555 2118/4701/3757 4336/4702/3758 2098/4663/3740
f 2118/4701/3757 1049/4695/3753 2117/4698/3754 4336/4702/3758
f 4336/4702/3758 2117/4698/3754 1050/4700/3756 2119/4703/3759
f 2098/4663/3740 4336/4702/3758 2119/4703/3759 1038/4664/2557
f 1034/4655/3734 2120/4704/3760 4337/4705/3761 2122/4706/3762
f 2120/4704/3760 1051/4707/3763 2121/4708/3764 4337/4705/3761
f 4337/4705/3761 2121/4708/3764 1049/4709/3753 2118/4710/3757
f 2122/4706/3762 4337/4705/3761 2118/4710/3757 1037/4711/2555
f 1051/4707/3763 2123/4712/3765 4338/4713/3766 2121/4708/3764
f 2123/4712/3765 1052/4714/3767 2124/4715/3768 4338/4713/3766
f 4338/4713/3766 2124/4715/3768 1046/4716/3748 2115/4717/2597
f 2121/4708/3764 4338/4713/3766 2115/4717/2597 1049/4709/3753
f 1042/4676/3745 2104/4675/3744 4339/4718/3769 2125/4719/3770
f 2104/4675/3744 931/4174/3444 1902/4226/3473 4339/4718/3769
f 4339/4718/3769 1902/4226/3473 940/4225/3455 2114/4720/2592
f 2125/4719/3770 4339/4718/3769 2114/4720/2592 1047/4721/2588
f 1052/4714/3767 2126/4722/3771 4340/4723/3772 2124/4715/3768
f 2126/4722/3771 1042/4676/3745 2125/4719/3770 4340/4723/3772
f 4340/4723/3772 2125/4719/3770 1047/4721/2588 2110/4724/3749
f 2124/4715/3768 4340/4723/3772 2110/4724/3749 1046/4716/3748
f 1053/4725/3773 2127/4726/2620 4341/4727/3774 2129/4728/2622
f 2127/4726/2620 1032/4651/2544 2128/4729/3775 4341/4727/3774
f 4341/4727/3774 2128/4729/3775 973/4354/2261 2043/4538/3660
f 2129/4728/2622 4341/4727/3774 2043/4538/3660 1007/4506/3636
f 1039/4665/2558 2102/4668/2561 4342/4730/2624 2132/4731/2625
f 2102/4668/2561 1040/4670/2563 2130/4732/3776 4342/4730/2624
f 4342/4730/2624 2130/4732/3776 1054/4733/2627 2131/4734/2628
f 2132/4731/2625 4342/4730/2624 2131/4734/2628 1029/4641/3725
f 1055/4735/3777 2133/4736/3778 4343/4737/3779 2136/4738/3780
f 2133/4736/3778 1056/4739/3781 2134/4740/3782 4343/4737/3779
f 4343/4737/3779 2134/4740/3782 1057/4741/3783 2135/4742/3784
f 2136/4738/3780 4343/4737/3779 2135/4742/3784 1058/4743/3785
f 1059/4744/2629 2137/4745/3786 4344/4746/2631 2138/4747/2632
f 2137/4745/3786 952/4254/2437 1915/4253/2633 4344/4746/2631
f 4344/4746/2631 1915/4253/2633 932/4176/2568 2103/4672/3741
f 2138/4747/2632 4344/4746/2631 2103/4672/3741 1041/4671/2564
f 1054/4733/2627 2130/4732/3776 4345/4748/3787 2141/4749/2635
f 2130/4732/3776 1040/4670/2563 2139/4750/2636 4345/4748/3787
f 4345/4748/3787 2139/4750/2636 1060/4751/2637 2140/4752/2638
f 2141/4749/2635 4345/4748/3787 2140/4752/2638 1061/4753/2639
f 1061/4753/2639 2142/4754/2640 4346/4755/2641 2143/4756/2642
f 2142/4754/2640 1048/4692/3751 2112/4691/2590 4346/4755/2641
f 4346/4755/2641 2112/4691/2590 1045/4683/2581 2108/4682/2580
f 2143/4756/2642 4346/4755/2641 2108/4682/2580 1044/4681/2579
f 1059/4744/2629 2144/4757/2643 4347/4758/3788 2145/4759/3789
f 2144/4757/2643 1053/4725/3773 2129/4728/2622 4347/4758/3788
f 4347/4758/3788 2129/4728/2622 1007/4506/3636 2088/4640/3724
f 2145/4759/3789 4347/4758/3788 2088/4640/3724 1016/4561/3683
f 1036/4760/3739 2146/4761/3790 4348/4762/3791 2097/4763/2554
f 2146/4761/3790 1031/4647/3727 2095/4650/3730 4348/4762/3791
f 4348/4762/3791 2095/4650/3730 1034/4655/3734 2122/4706/3762
f 2097/4763/2554 4348/4762/3791 2122/4706/3762 1037/4711/2555
f 1062/4764/2648 2147/4765/2649 4349/4766/2650 2149/4767/2651
f 2147/4765/2649 1041/4671/2564 2106/4674/3743 4349/4766/2650
f 4349/4766/2650 2106/4674/3743 1043/4678/2574 2148/4768/2652
f 2149/4767/2651 4349/4766/2650 2148/4768/2652 1063/4769/2653
f 1033/4653/3732 2150/4770/3792 4350/4771/2655 2152/4772/2656
f 2150/4770/3792 1062/4764/2648 2149/4767/2651 4350/4771/2655
f 4350/4771/2655 2149/4767/2651 1063/4769/2653 2151/4773/2657
f 2152/4772/2656 4350/4771/2655 2151/4773/2657 1064/4774/3793
f 979/4373/2280 1972/4372/3562 4351/4775/3794 2154/4776/3795
f 1972/4372/3562 974/4356/3550 2153/4777/3796 4351/4775/3794
f 4351/4775/3794 2153/4777/3796 1031/4647/3727 2146/4761/3790
f 2154/4776/3795 4351/4775/3794 2146/4761/3790 1036/4760/3739
f 1041/4671/2564 2147/4765/2649 4352/4778/2662 2138/4747/2632
f 2147/4765/2649 1062/4764/2648 2155/4779/3797 4352/4778/2662
f 4352/4778/2662 2155/4779/3797 1053/4725/3773 2144/4757/2643
f 2138/4747/2632 4352/4778/2662 2144/4757/2643 1059/4744/2629
f 1016/4561/3683 2054/4560/3682 4353/4780/3798 2145/4759/3789
f 2054/4560/3682 897/4044/2454 1934/4288/2665 4353/4780/3798
f 4353/4780/3798 1934/4288/2665 952/4254/2437 2137/4745/3786
f 2145/4759/3789 4353/4780/3798 2137/4745/3786 1059/4744/2629
f 915/4128/3421 2085/4634/3720 4354/4781/3799 1935/4289/3504
f 2085/4634/3720 1027/4611/3709 2090/4646/2539 4354/4781/3799
f 4354/4781/3799 2090/4646/2539 1030/4645/3726 2156/4782/2668
f 1935/4289/3504 4354/4781/3799 2156/4782/2668 958/4291/2669
f 992/4441/3597 2157/4783/2670 4355/4784/2671 2011/4462/3607
f 2157/4783/2670 1039/4665/2558 2132/4731/2625 4355/4784/2671
f 4355/4784/2671 2132/4731/2625 1029/4641/3725 2091/4644/2537
f 2011/4462/3607 4355/4784/2671 2091/4644/2537 998/4463/3608
f 1062/4764/2648 2150/4770/3792 4356/4785/2672 2155/4779/3797
f 2150/4770/3792 1033/4653/3732 2093/4652/3731 4356/4785/2672
f 4356/4785/2672 2093/4652/3731 1032/4651/2544 2127/4726/2620
f 2155/4779/3797 4356/4785/2672 2127/4726/2620 1053/4725/3773
f 992/4441/3597 2000/4440/2334 4357/4786/2673 2157/4783/2670
f 2000/4440/2334 985/4406/2304 2158/4787/2674 4357/4786/2673
f 4357/4786/2673 2158/4787/2674 1035/4656/3735 2100/4666/2559
f 2157/4783/2670 4357/4786/2673 2100/4666/2559 1039/4665/2558
f 985/4406/2304 1984/4405/2303 4358/4788/2675 2158/4787/2674
f 1984/4405/2303 979/4404/2280 2154/4789/3795 4358/4788/2675
f 4358/4788/2675 2154/4789/3795 1036/4660/3739 2096/4657/3736
f 2158/4787/2674 4358/4788/2675 2096/4657/3736 1035/4656/3735
f 974/4356/3550 1964/4355/3549 4359/4790/2676 2153/4777/3796
f 1964/4355/3549 973/4354/2261 2128/4729/3775 4359/4790/2676
f 4359/4790/2676 2128/4729/3775 1032/4651/2544 2092/4648/3728
f 2153/4777/3796 4359/4790/2676 2092/4648/3728 1031/4647/3727
f 1054/4733/2627 2159/4791/3800 4360/4792/2678 2131/4734/2628
f 2159/4791/3800 1065/4793/2679 2160/4794/2680 4360/4792/2678
f 4360/4792/2678 2160/4794/2680 1030/4645/3726 2089/4642/2535
f 2131/4734/2628 4360/4792/2678 2089/4642/2535 1029/4641/3725
f 1054/4733/2627 2141/4749/2635 4361/4795/2681 2159/4791/3800
f 2141/4749/2635 1061/4753/2639 2143/4756/2642 4361/4795/2681
f 4361/4795/2681 2143/4756/2642 1044/4681/2579 2161/4796/2682
f 2159/4791/3800 4361/4795/2681 2161/4796/2682 1065/4793/2679
f 1066/4797/3801 2162/4798/3802 4362/4799/3803 2164/4800/3804
f 2162/4798/3802 1067/4801/3805 2163/4802/3806 4362/4799/3803
f 4362/4799/3803 2163/4802/3806 1056/4739/3781 2133/4736/3778
f 2164/4800/3804 4362/4799/3803 2133/4736/3778 1055/4735/3777
f 1061/4753/2639 2140/4752/2638 4363/4803/3807 2142/4754/2640
f 2140/4752/2638 1060/4751/2637 2165/4804/3808 4363/4803/3807
f 4363/4803/3807 2165/4804/3808 1050/4700/3756 2116/4699/3755
f 2142/4754/2640 4363/4803/3807 2116/4699/3755 1048/4692/3751
f 1060/4751/2637 2139/4750/2636 4364/4805/3809 2165/4804/3808
f 2139/4750/2636 1040/4670/2563 2101/4669/2562 4364/4805/3809
f 4364/4805/3809 2101/4669/2562 1038/4664/2557 2119/4703/3759
f 2165/4804/3808 4364/4805/3809 2119/4703/3759 1050/4700/3756
f 1063/4769/2653 2148/4768/2652 4365/4806/3810 2166/4807/3811
f 2148/4768/2652 1043/4678/2574 2105/4677/2573 4365/4806/3810
f 4365/4806/3810 2105/4677/2573 1042/4676/3745 2126/4722/3771
f 2166/4807/3811 4365/4806/3810 2126/4722/3771 1052/4714/3767
f 1051/4707/3763 2167/4808/3812 4366/4809/3813 2123/4712/3765
f 2167/4808/3812 1064/4774/3793 2151/4773/2657 4366/4809/3813
f 4366/4809/3813 2151/4773/2657 1063/4769/2653 2166/4807/3811
f 2123/4712/3765 4366/4809/3813 2166/4807/3811 1052/4714/3767
f 1064/4774/3793 2167/4808/3812 4367/4810/3814 2152/4772/2656
f 2167/4808/3812 1051/4707/3763 2120/4704/3760 4367/4810/3814
f 4367/4810/3814 2120/4704/3760 1034/4655/3734 2094/4654/3733
f 2152/4772/2656 4367/4810/3814 2094/4654/3733 1033/4653/3732
f 1068/4811/3815 2168/4812/3816 4368/4813/3817 2170/4814/3818
f 2168/4812/3816 959/4304/3123 1939/4303/3122 4368/4813/3817
f 4368/4813/3817 1939/4303/3122 917/4141/3427 2169/4815/3819
f 2170/4814/3818 4368/4813/3817 2169/4815/3819 1069/4816/3820
f 1069/4816/3820 2169/4815/3819 4369/4817/3821 2172/4818/3822
f 2169/4815/3819 917/4141/3427 1936/4292/3112 4369/4817/3821
f 4369/4817/3821 1936/4292/3112 958/4291/2669 2171/4819/3823
f 2172/4818/3822 4369/4817/3821 2171/4819/3823 1070/4820/3824
f 1071/4821/3825 2173/4822/3826 4370/4823/3827 2174/4824/3828
f 2173/4822/3826 936/4185/3447 1941/4306/3125 4370/4823/3827
f 4370/4823/3827 1941/4306/3125 959/4304/3123 2168/4812/3816
f 2174/4824/3828 4370/4823/3827 2168/4812/3816 1068/4811/3815
f 1072/4825/3829 2175/4826/3830 4371/4827/3831 2176/4828/3832
f 2175/4826/3830 933/4177/2575 1884/4180/3020 4371/4827/3831
f 4371/4827/3831 1884/4180/3020 936/4185/3447 2173/4822/3826
f 2176/4828/3832 4371/4827/3831 2173/4822/3826 1071/4821/3825
f 1073/4829/3833 2177/4830/3834 4372/4831/3835 2179/4832/3836
f 2177/4830/3834 1030/4645/3726 2160/4794/2680 4372/4831/3835
f 4372/4831/3835 2160/4794/2680 1065/4793/2679 2178/4833/3837
f 2179/4832/3836 4372/4831/3835 2178/4833/3837 1074/4834/3838
f 1070/4820/3824 2171/4819/3823 4373/4835/3839 2180/4836/3840
f 2171/4819/3823 958/4291/2669 2156/4782/2668 4373/4835/3839
f 4373/4835/3839 2156/4782/2668 1030/4645/3726 2177/4830/3834
f 2180/4836/3840 4373/4835/3839 2177/4830/3834 1073/4829/3833
f 1074/4834/3838 2178/4833/3837 4374/4837/3841 2182/4838/3842
f 2178/4833/3837 1065/4793/2679 2161/4796/2682 4374/4837/3841
f 4374/4837/3841 2161/4796/2682 1044/4681/2579 2181/4839/3843
f 2182/4838/3842 4374/4837/3841 2181/4839/3843 1075/4840/3844
f 1075/4840/3844 2181/4839/3843 4375/4841/3845 2183/4842/3846
f 2181/4839/3843 1044/4681/2579 2107/4679/2576 4375/4841/3845
f 4375/4841/3845 2107/4679/2576 933/4177/2575 2175/4826/3830
f 2183/4842/3846 4375/4841/3845 2175/4826/3830 1072/4825/3829
f 1076/4843/3847 2184/4844/3848 4376/4845/3849 2186/4846/3850
f 2184/4844/3848 1077/4847/3851 2185/4848/3852 4376/4845/3849
f 4376/4845/3849 2185/4848/3852 1067/4801/3805 2162/4798/3802
f 2186/4846/3850 4376/4845/3849 2162/4798/3802 1066/4797/3801
f 1058/4743/3785 2135/4742/3784 4377/4849/3853 2189/4850/3854
f 2135/4742/3784 1057/4741/3783 2187/4851/3855 4377/4849/3853
f 4377/4849/3853 2187/4851/3855 1078/4852/3856 2188/4853/3857
f 2189/4850/3854 4377/4849/3853 2188/4853/3857 1079/4854/3858
f 961/4312/3517 1943/4311/3516 4378/4855/3859 2191/4856/3860
f 1943/4311/3516 960/4310/3515 2190/4857/3861 4378/4855/3859
f 4378/4855/3859 2190/4857/3861 1077/4858/3851 2184/4859/3848
f 2191/4856/3860 4378/4855/3859 2184/4859/3848 1076/4860/3847
f 947/4240/3481 2192/4861/3862 4379/4862/3863 1910/4241/3482
f 2192/4861/3862 1079/4854/3858 2188/4853/3857 4379/4862/3863
f 4379/4862/3863 2188/4853/3857 1078/4852/3856 2193/4863/3864
f 1910/4241/3482 4379/4862/3863 2193/4863/3864 948/4244/3485
f 1073/4864/3833 2194/4865/3865 4380/4866/3866 2180/4867/3840
f 2194/4865/3865 1058/4743/3785 2189/4850/3854 4380/4866/3866
f 4380/4866/3866 2189/4850/3854 1079/4854/3858 2195/4868/3867
f 2180/4867/3840 4380/4866/3866 2195/4868/3867 1070/4869/3824
f 1074/4870/3838 2196/4871/3868 4381/4872/3869 2179/4873/3836
f 2196/4871/3868 1055/4735/3777 2136/4738/3780 4381/4872/3869
f 4381/4872/3869 2136/4738/3780 1058/4743/3785 2194/4865/3865
f 2179/4873/3836 4381/4872/3869 2194/4865/3865 1073/4864/3833
f 1075/4874/3844 2197/4875/3870 4382/4876/3871 2182/4877/3842
f 2197/4875/3870 1066/4797/3801 2164/4800/3804 4382/4876/3871
f 4382/4876/3871 2164/4800/3804 1055/4735/3777 2196/4871/3868
f 2182/4877/3842 4382/4876/3871 2196/4871/3868 1074/4870/3838
f 1072/4878/3829 2198/4879/3872 4383/4880/3873 2183/4881/3846
f 2198/4879/3872 1076/4843/3847 2186/4846/3850 4383/4880/3873
f 4383/4880/3873 2186/4846/3850 1066/4797/3801 2197/4875/3870
f 2183/4881/3846 4383/4880/3873 2197/4875/3870 1075/4874/3844
f 1071/4882/3825 2199/4883/3874 4384/4884/3875 2176/4885/3832
f 2199/4883/3874 961/4312/3517 2191/4856/3860 4384/4884/3875
f 4384/4884/3875 2191/4856/3860 1076/4860/3847 2198/4886/3872
f 2176/4885/3832 4384/4884/3875 2198/4886/3872 1072/4887/3829
f 1068/4888/3815 2200/4889/3876 4385/4890/3877 2174/4891/3828
f 2200/4889/3876 950/4248/3489 1944/4308/3513 4385/4890/3877
f 4385/4890/3877 1944/4308/3513 961/4312/3517 2199/4883/3874
f 2174/4891/3828 4385/4890/3877 2199/4883/3874 1071/4882/3825
f 1069/4892/3820 2201/4893/3878 4386/4894/3879 2170/4895/3818
f 2201/4893/3878 947/4240/3481 1913/4243/3484 4386/4894/3879
f 4386/4894/3879 1913/4243/3484 950/4248/3489 2200/4889/3876
f 2170/4895/3818 4386/4894/3879 2200/4889/3876 1068/4888/3815
f 1070/4869/3824 2195/4868/3867 4387/4896/3880 2172/4897/3822
f 2195/4868/3867 1079/4854/3858 2192/4861/3862 4387/4896/3880
f 4387/4896/3880 2192/4861/3862 947/4240/3481 2201/4893/3878
f 2172/4897/3822 4387/4896/3880 2201/4893/3878 1069/4892/3820
